Chassis;Model;Section;Criticals;Ballistic HP;Energy HP;Missile HP;AMS HP;ECM HP;Additional Internals;Additional Armor;Dam Reduction (Percentage);Min Actuator;Max Actuator;Actuator Type;Min JJ Mod;Max JJ Mod;Hardwired HS;Hardwired Armor;Hardwired Structure
Adder;ADR-PRIME;RA;12;0;1;0;0;0;0;0;0.00;2;4;Arms;0;0;0;1;0
Adder;ADR-PRIME;LA;12;0;1;0;0;0;0;0;0.00;2;4;Arms;0;0;0;1;0
Adder;ADR-PRIME;RT;12;0;0;0;1;0;0;0;0.00;0;0;None;0;0;1;2;1
Adder;ADR-PRIME;LT;12;0;0;0;0;0;0;0;0.00;0;0;None;0;0;1;2;1
Adder;ADR-PRIME;CT;12;0;1;0;0;0;0;0;0.00;0;0;None;0;0;0;0;1
Adder;ADR-PRIME;HD;6;0;0;0;0;0;0;0;0.00;0;0;None;0;0;0;1;0
Adder;ADR-PRIME;RL;6;0;0;0;0;0;0;0;0.00;4;4;Legs;0;0;0;0;2
Adder;ADR-PRIME;LL;6;0;0;0;0;0;0;0;0.00;4;4;Legs;0;0;0;0;2
Adder;ADR-A;RA;12;0;0;1;0;0;0;0;0.00;2;4;Arms;0;0;0;1;0
Adder;ADR-A;LA;12;0;0;1;0;0;0;0;0.00;2;4;Arms;0;0;0;1;0
Adder;ADR-A;RT;12;0;1;0;0;0;0;0;0.00;0;0;None;0;0;1;2;1
Adder;ADR-A;LT;12;0;1;0;0;0;0;0;0.00;0;0;None;0;0;1;2;1
Adder;ADR-A;CT;12;0;1;0;0;0;0;0;0.00;0;0;None;0;0;0;0;1
Adder;ADR-A;HD;6;0;0;0;0;0;0;0;0.00;0;0;None;0;0;0;1;0
Adder;ADR-A;RL;6;0;0;0;0;0;0;0;0.00;4;4;Legs;0;0;0;0;2
Adder;ADR-A;LL;6;0;0;0;0;0;0;0;0.00;4;4;Legs;0;0;0;0;2
Adder;ADR-C;LA;12;1;0;0;0;0;0;0;0.00;2;4;Arms;0;0;0;1;0
Adder;ADR-D;RA;12;1;0;0;0;0;0;0;0.00;2;4;Arms;0;0;0;1;0
Adder;ADR-D;LA;12;0;1;0;0;0;0;0;0.00;2;4;Arms;0;0;0;1;0
Adder;ADR-D;RT;12;0;0;1;0;0;0;0;0.00;0;0;None;0;0;1;2;1
Adder;ADR-D;LT;12;0;0;1;0;0;0;0;0.00;0;0;None;0;0;1;2;1
Adder;ADR-D;CT;12;0;1;0;0;0;0;0;0.00;0;0;None;0;0;0;0;1
Adder;ADR-D;HD;6;0;0;0;0;0;0;0;0.00;0;0;None;0;0;0;1;0
Adder;ADR-D;RL;6;0;0;0;0;0;0;0;0.00;4;4;Legs;0;0;0;0;2
Adder;ADR-D;LL;6;0;0;0;0;0;0;0;0.00;4;4;Legs;0;0;0;0;2
Adder;ADR-HERO;RA;12;0;0;0;0;0;0;0;0.00;2;4;Arms;0;0;0;1;0
Adder;ADR-HERO;LA;12;0;0;0;0;0;0;0;0.00;2;4;Arms;0;0;0;1;0
Adder;ADR-HERO;RT;12;0;0;0;0;0;0;0;0.00;0;0;None;0;0;1;2;1
Adder;ADR-HERO;LT;12;0;0;0;0;0;0;0;0.00;0;0;None;0;0;1;2;1
Adder;ADR-HERO;CT;12;0;0;0;0;0;0;0;0.00;0;0;None;0;0;0;0;1
Adder;ADR-HERO;HD;6;0;0;0;0;0;0;0;0.00;0;0;None;0;0;0;1;0
Adder;ADR-HERO;RL;6;0;0;0;0;0;0;0;0.00;4;4;Legs;0;0;0;0;2
Adder;ADR-HERO;LL;6;0;0;0;0;0;0;0;0.00;4;4;Legs;0;0;0;0;2
Arctic Cheetah;AHT-PRIME;RA;12;0;1;1;0;0;0;0;0.00;2;4;Arms;0;0;0;1;1
Arctic Cheetah;AHT-PRIME;LA;12;0;1;1;0;0;0;0;0.00;2;4;Arms;0;0;0;1;1
Arctic Cheetah;AHT-PRIME;RT;12;0;1;0;0;0;0;0;0.00;0;0;None;0;0;1;2;2
Arctic Cheetah;AHT-PRIME;LT;12;0;1;0;1;0;0;0;0.00;0;0;None;0;0;0;2;3
Arctic Cheetah;AHT-PRIME;CT;12;0;0;0;0;0;0;0;0.00;0;0;None;2;2;0;0;0
Arctic Cheetah;AHT-PRIME;HD;6;0;0;0;0;0;0;0;0.00;0;0;None;0;0;0;1;0
Arctic Cheetah;AHT-PRIME;RL;6;0;0;0;0;0;0;0;0.00;4;4;Legs;2;2;0;0;0
Arctic Cheetah;AHT-PRIME;LL;6;0;0;0;0;0;0;0;0.00;4;4;Legs;2;2;0;0;0
Arctic Cheetah;AHT-A;RT;12;0;0;0;0;0;0;0;0.00;0;0;None;0;0;1;2;2
Arctic Cheetah;AHT-A;LT;12;0;0;0;0;0;0;0;0.00;0;0;None;0;0;0;2;3
Arctic Cheetah;AHT-B;RA;12;1;1;0;0;0;0;0;0.00;2;4;Arms;0;0;0;1;1
Arctic Cheetah;AHT-B;LA;12;0;2;0;0;0;0;0;0.00;2;4;Arms;0;0;0;1;1
Arctic Cheetah;AHT-C;RA;12;0;2;0;0;0;0;0;0.00;2;4;Arms;0;0;0;1;1
Arctic Cheetah;AHT-C;LT;12;0;2;0;0;0;0;0;0.00;0;0;None;0;0;0;2;3
Arctic Cheetah;AHT-D;RA;12;0;0;1;0;0;0;0;0.00;2;4;Arms;0;0;0;1;1
Arctic Cheetah;AHT-D;LA;12;0;0;1;0;0;0;0;0.00;2;4;Arms;0;0;0;1;1
Arctic Cheetah;AHT-HERO;RA;12;0;0;0;0;0;0;0;0.00;2;4;Arms;0;0;0;1;1
Arctic Cheetah;AHT-HERO;LA;12;0;0;0;0;0;0;0;0.00;2;4;Arms;0;0;0;1;1
Arctic Cheetah;AHT-HERO;RT;12;0;0;0;0;0;0;0;0.00;0;0;None;0;0;1;2;2
Arctic Cheetah;AHT-HERO;LT;12;0;0;0;0;0;0;0;0.00;0;0;None;0;0;0;2;3
Arctic Cheetah;AHT-HERO;CT;12;0;0;0;0;0;0;0;0.00;0;0;None;2;2;0;0;0
Arctic Cheetah;AHT-HERO;HD;6;0;0;0;0;0;0;0;0.00;0;0;None;0;0;0;1;0
Arctic Cheetah;AHT-HERO;RL;6;0;0;0;0;0;0;0;0.00;4;4;Legs;2;2;0;0;0
Arctic Cheetah;AHT-HERO;LL;6;0;0;0;0;0;0;0;0.00;4;4;Legs;2;2;0;0;0
Assassin;ASN-21;RA;12;0;2;0;0;0;0;0;0.00;3;3;Arms;0;0;0;0;0
Assassin;ASN-23;RA;12;0;3;0;0;0;0;0;0.00;3;3;Arms;0;0;0;0;0
Assassin;ASN-101;RA;12;0;1;0;0;0;0;0;0.00;3;3;Arms;0;0;0;0;0
Assassin;ASN-21;LA;12;0;0;0;0;0;0;0;0.00;4;4;Arms;0;0;0;0;0
Assassin;ASN-21;RT;12;0;0;2;0;0;0;0;0.00;0;0;None;0;0;0;0;0
Assassin;ASN-23;RT;12;0;0;3;0;0;0;0;0.00;0;0;None;0;0;0;0;0
Assassin;ASN-101;RT;12;0;1;1;0;0;0;0;0.00;0;0;None;0;0;0;0;0
Assassin;ASN-21;LT;12;0;0;2;1;0;0;0;0.00;0;0;None;0;0;0;0;0
Assassin;ASN-23;LT;12;0;0;0;1;0;0;0;0.00;0;0;None;0;0;0;0;0
Assassin;ASN-101;LT;12;0;1;1;1;0;0;0;0.00;0;0;None;0;0;0;0;0
Assassin;ASN-21;CT;12;0;0;0;0;0;0;0;0.00;0;0;None;0;7;0;0;0
Assassin;ASN-21;HD;6;0;0;0;0;0;0;0;0.00;0;0;None;0;0;0;0;0
Assassin;ASN-101;HD;6;0;1;0;0;0;0;0;0.00;0;0;None;0;0;0;0;0
Assassin;ASN-21;RL;6;0;0;0;0;0;0;0;0.00;4;4;Legs;0;0;0;0;0
Assassin;ASN-21;LL;6;0;0;0;0;0;0;0;0.00;4;4;Legs;0;0;0;0;0
Atlas;AS7-D;RA;12;0;1;0;0;0;0;0;0.00;4;4;Arms;0;0;0;0;0
Atlas;AS7-K;RA;12;0;1;0;1;0;0;0;0.00;4;4;Arms;0;0;0;0;0
Atlas;AS7-RS;RA;12;0;2;0;0;0;0;0;0.00;4;4;Arms;0;0;0;0;0
Atlas;AS7-BH;RA;12;0;3;0;0;0;0;0;0.00;4;4;Arms;0;0;0;0;0
Atlas;AS7-D;LA;12;0;1;0;1;0;0;0;0.00;4;4;Arms;0;0;0;0;0
Atlas;AS7-RS;LA;12;0;2;0;1;0;0;0;0.00;4;4;Arms;0;0;0;0;0
Atlas;AS7-BH;LA;12;0;3;0;1;0;0;0;0.00;4;4;Arms;0;0;0;0;0
Atlas;AS7-D;RT;12;2;0;0;0;0;0;0;0.00;0;0;None;0;0;0;0;0
Atlas;AS7-K;RT;12;1;0;0;0;0;0;0;0.00;0;0;None;0;0;0;0;0
Atlas;AS7-D;LT;12;0;0;2;0;0;0;0;0.00;0;0;None;0;0;0;0;0
Atlas;AS7-D-DC;LT;12;0;0;3;0;1;0;0;0.00;0;0;None;0;0;0;0;0
Atlas;AS7-K;LT;12;0;0;1;0;0;0;0;0.00;0;0;None;0;0;0;0;0
Atlas;AS7-S;LT;12;0;0;4;0;0;0;0;0.00;0;0;None;0;0;0;0;0
Atlas;AS7-D;CT;12;0;2;0;0;0;0;0;0.00;0;0;None;0;0;0;0;0
Atlas;AS7-D-DC;CT;12;0;0;0;0;0;0;0;0.00;0;0;None;0;0;0;0;0
Atlas;AS7-D;HD;6;0;0;0;0;0;0;0;0.00;0;0;None;0;0;0;0;0
Atlas;AS7-D;RL;6;0;0;0;0;0;0;0;0.00;4;4;Legs;0;0;0;0;0
Atlas;AS7-D;LL;6;0;0;0;0;0;0;0;0.00;4;4;Legs;0;0;0;0;0
Awesome;AWS-8Q;RA;12;0;2;0;0;0;0;0;0.00;3;3;Arms;0;0;0;0;0
Awesome;AWS-8V;RA;12;0;1;0;0;0;0;0;0.00;3;3;Arms;0;0;0;0;0
Awesome;AWS-8Q;LA;12;0;0;0;0;0;0;0;0.00;4;4;Arms;0;0;0;0;0
Awesome;AWS-8T;LA;12;0;2;0;0;0;0;0;0.00;4;4;Arms;0;0;0;0;0
Awesome;AWS-9M;LA;12;0;0;1;0;0;0;0;0.00;4;4;Arms;0;0;0;0;0
Awesome;AWS-PB;LA;12;0;0;2;0;0;0;0;0.00;4;4;Arms;0;0;0;0;0
Awesome;AWS-8Q;RT;12;0;2;0;1;0;0;0;0.00;0;0;None;0;0;0;0;0
Awesome;AWS-8R;RT;12;0;0;2;1;0;0;0;0.00;0;0;None;0;0;0;0;0
Awesome;AWS-8T;RT;12;0;0;1;1;0;0;0;0.00;0;0;None;0;0;0;0;0
Awesome;AWS-8V;RT;12;0;0;3;1;0;0;0;0.00;0;0;None;0;0;0;0;0
Awesome;AWS-9M;RT;12;0;1;0;1;0;0;0;0.00;0;0;None;0;0;0;0;0
Awesome;AWS-8Q;LT;12;0;2;0;0;0;0;0;0.00;0;0;None;0;0;0;0;0
Awesome;AWS-8R;LT;12;0;0;2;0;0;0;0;0.00;0;0;None;0;0;0;0;0
Awesome;AWS-8T;LT;12;0;0;1;0;0;0;0;0.00;0;0;None;0;0;0;0;0
Awesome;AWS-9M;LT;12;0;1;0;0;0;0;0;0.00;0;0;None;0;0;0;0;0
Awesome;AWS-8Q;CT;12;0;0;0;0;0;0;0;0.00;0;0;None;0;0;0;0;0
Awesome;AWS-9M;CT;12;0;2;2;0;0;0;0;0.00;0;0;None;0;0;0;0;0
Awesome;AWS-8Q;HD;6;0;1;0;0;0;0;0;0.00;0;0;None;0;0;0;0;0
Awesome;AWS-8Q;RL;6;0;0;0;0;0;0;0;0.00;4;4;Legs;0;0;0;0;0
Awesome;AWS-8Q;LL;6;0;0;0;0;0;0;0;0.00;4;4;Legs;0;0;0;0;0
Banshee;BNC-3E;RA;12;0;0;0;0;0;0;0;0.00;4;4;Arms;0;0;0;0;0
Banshee;BNC-LM;RA;12;0;1;0;0;0;0;0;0.00;4;4;Arms;0;0;0;0;0
Banshee;BNC-3E;LA;12;0;0;0;0;0;0;0;0.00;4;4;Arms;0;0;0;0;0
Banshee;BNC-3S;LA;12;0;1;0;0;0;0;0;0.00;3;3;Arms;0;0;0;0;0
Banshee;BNC-LM;LA;12;0;1;0;0;0;0;0;0.00;4;4;Arms;0;0;0;0;0
Banshee;BNC-3E;RT;12;0;3;0;0;0;0;0;0.00;0;0;None;0;0;0;0;0
Banshee;BNC-3M;RT;12;0;4;0;0;0;0;0;0.00;0;0;None;0;0;0;0;0
Banshee;BNC-3S;RT;12;0;5;1;0;0;0;0;0.00;0;0;None;0;0;0;0;0
Banshee;BNC-LM;RT;12;0;0;1;0;0;0;0;0.00;0;0;None;0;0;0;0;0
Banshee;BNC-3E;LT;12;4;0;0;0;0;0;0;0.00;0;0;None;0;0;0;0;0
Banshee;BNC-3M;LT;12;0;3;0;0;0;0;0;0.00;0;0;None;0;0;0;0;0
Banshee;BNC-3S;LT;12;1;0;0;0;0;0;0;0.00;0;0;None;0;0;0;0;0
Banshee;BNC-LM;LT;12;1;1;0;0;0;0;0;0.00;0;0;None;0;0;0;0;0
Banshee;BNC-3E;CT;12;0;0;0;1;0;0;0;0.00;0;0;None;0;0;0;0;0
Banshee;BNC-3S;CT;12;0;1;0;1;0;0;0;0.00;0;0;None;0;0;0;0;0
Banshee;BNC-3E;HD;6;0;1;0;0;0;0;0;0.00;0;0;None;0;0;0;0;0
Banshee;BNC-3E;RL;6;0;0;0;0;0;0;0;0.00;4;4;Legs;0;0;0;0;0
Banshee;BNC-3E;LL;6;0;0;0;0;0;0;0;0.00;4;4;Legs;0;0;0;0;0
Battle Cobra;BCR-PRIME;RA;12;0;2;0;0;0;0;0;0.00;2;3;Arms;0;0;0;0;0
Battle Cobra;BCR-PRIME;LA;12;0;2;0;0;0;0;0;0.00;2;3;Arms;0;0;0;0;0
Battle Cobra;BCR-PRIME;RT;12;0;0;0;0;0;0;0;0.00;0;0;None;0;0;0;3;3
Battle Cobra;BCR-PRIME;LT;12;0;0;0;0;0;0;0;0.00;0;0;None;0;0;0;3;3
Battle Cobra;BCR-PRIME;CT;12;0;0;0;0;0;0;0;0.00;0;0;None;0;0;0;1;1
Battle Cobra;BCR-PRIME;HD;6;0;0;0;0;0;0;0;0.00;0;0;None;0;0;0;0;0
Battle Cobra;BCR-PRIME;RL;6;0;0;0;0;0;0;0;0.00;4;4;Legs;0;0;1;0;0
Battle Cobra;BCR-PRIME;LL;6;0;0;0;0;0;0;0;0.00;4;4;Legs;0;0;0;0;0
Battle Cobra;BCR-A;RA;12;0;5;0;0;0;0;0;0.00;2;3;Arms;0;0;0;0;0
Battle Cobra;BCR-A;LA;12;0;5;0;0;0;0;0;0.00;2;3;Arms;0;0;0;0;0
Battle Cobra;BCR-A;RT;12;0;0;0;0;0;0;0;0.00;0;0;None;0;0;0;3;3
Battle Cobra;BCR-A;LT;12;0;0;0;0;0;0;0;0.00;0;0;None;0;0;0;3;3
Battle Cobra;BCR-A;CT;12;0;0;0;0;0;0;0;0.00;0;0;None;0;0;0;1;1
Battle Cobra;BCR-A;HD;6;0;0;0;0;0;0;0;0.00;0;0;None;0;0;0;0;0
Battle Cobra;BCR-A;RL;6;0;0;0;0;0;0;0;0.00;4;4;Legs;0;0;1;0;0
Battle Cobra;BCR-A;LL;6;0;0;0;0;0;0;0;0.00;4;4;Legs;0;0;0;0;0
Battle Cobra;BCR-B;RA;12;0;2;0;0;0;0;0;0.00;2;3;Arms;0;0;0;0;0
Battle Cobra;BCR-B;LA;12;0;2;0;0;0;0;0;0.00;2;3;Arms;0;0;0;0;0
Battle Cobra;BCR-B;RT;12;0;0;0;0;0;0;0;0.00;0;0;None;0;0;0;3;3
Battle Cobra;BCR-B;LT;12;0;0;0;0;0;0;0;0.00;0;0;None;0;0;0;3;3
Battle Cobra;BCR-B;CT;12;0;0;0;0;0;0;0;0.00;0;0;None;0;0;0;1;1
Battle Cobra;BCR-B;HD;6;0;0;0;0;0;0;0;0.00;0;0;None;0;0;0;0;0
Battle Cobra;BCR-B;RL;6;0;0;0;0;0;0;0;0.00;4;4;Legs;0;0;1;0;0
Battle Cobra;BCR-B;LL;6;0;0;0;0;0;0;0;0.00;4;4;Legs;0;0;0;0;0
Battle Cobra;BCR-HERO;RA;12;0;0;0;0;0;0;0;0.00;2;3;Arms;0;0;0;0;0
Battle Cobra;BCR-HERO;LA;12;0;0;0;0;0;0;0;0.00;2;3;Arms;0;0;0;0;0
Battle Cobra;BCR-HERO;RT;12;0;0;0;0;0;0;0;0.00;0;0;None;0;0;0;3;3
Battle Cobra;BCR-HERO;LT;12;0;0;0;0;0;0;0;0.00;0;0;None;0;0;0;3;3
Battle Cobra;BCR-HERO;CT;12;0;0;0;0;0;0;0;0.00;0;0;None;0;0;0;1;1
Battle Cobra;BCR-HERO;HD;6;0;0;0;0;0;0;0;0.00;0;0;None;0;0;0;0;0
Battle Cobra;BCR-HERO;RL;6;0;0;0;0;0;0;0;0.00;4;4;Legs;0;0;1;0;0
Battle Cobra;BCR-HERO;LL;6;0;0;0;0;0;0;0;0.00;4;4;Legs;0;0;0;0;0
Battlemaster;BLR-1D;RA;12;0;1;0;0;0;0;0;0.00;4;4;Arms;0;0;0;0;0
Battlemaster;BLR-1S;RA;12;0;0;1;0;0;0;0;0.00;4;4;Arms;0;0;0;0;0
Battlemaster;BLR-3M;RA;12;0;2;0;0;0;0;0;0.00;4;4;Arms;0;0;0;0;0
Battlemaster;BLR-1D;LA;12;3;0;0;0;0;0;0;0.00;4;4;Arms;0;0;0;0;0
Battlemaster;BLR-1G;LA;12;2;0;0;0;0;0;0;0.00;4;4;Arms;0;0;0;0;0
Battlemaster;BLR-1S;LA;12;0;0;1;0;0;0;0;0.00;4;4;Arms;0;0;0;0;0
Battlemaster;BLR-3M;LA;12;1;0;0;0;0;0;0;0.00;4;4;Arms;0;0;0;0;0
Battlemaster;BLR-1GHE;LA;12;0;1;0;0;0;0;0;0.00;4;4;Arms;0;0;0;0;0
Battlemaster;BLR-3S;LA;12;0;0;0;0;0;0;0;0.00;4;4;Arms;0;0;0;0;0
Battlemaster;BLR-1D;RT;12;0;2;0;1;0;0;0;0.00;0;0;None;0;0;0;0;0
Battlemaster;BLR-1G;RT;12;0;3;0;1;0;0;0;0.00;0;0;None;0;0;0;0;0
Battlemaster;BLR-1D;LT;12;0;2;0;0;0;0;0;0.00;0;0;None;0;0;0;0;0
Battlemaster;BLR-1G;LT;12;0;3;1;0;0;0;0;0.00;0;0;None;0;0;0;0;0
Battlemaster;BLR-1S;LT;12;0;2;2;0;0;0;0;0.00;0;0;None;0;0;0;0;0
Battlemaster;BLR-1GHE;LT;12;0;2;3;0;0;0;0;0.00;0;0;None;0;0;0;0;0
Battlemaster;BLR-1D;CT;12;0;0;0;0;0;0;0;0.00;0;0;None;0;0;0;0;0
Battlemaster;BLR-1D;HD;6;0;0;0;0;0;0;0;0.00;0;0;None;0;0;0;0;0
Battlemaster;BLR-1D;RL;6;0;0;0;0;0;0;0;0.00;4;4;Legs;0;0;0;0;0
Battlemaster;BLR-1D;LL;6;0;0;0;0;0;0;0;0.00;4;4;Legs;0;0;0;0;0
Blackjack;BJ-1;RA;12;1;1;0;0;0;0;0;0.00;2;2;Arms;0;0;0;0;0
Blackjack;BJ-1X;RA;12;0;3;0;0;0;0;0;0.00;2;2;Arms;0;0;0;0;0
Blackjack;BJ-3;RA;12;0;2;0;0;0;0;0;0.00;2;2;Arms;0;0;0;0;0
Blackjack;BJ-A;RA;12;3;0;0;0;0;0;0;0.00;2;2;Arms;0;0;0;0;0
Blackjack;BJ-1;LA;12;1;1;0;0;0;0;0;0.00;2;2;Arms;0;0;0;0;0
Blackjack;BJ-1X;LA;12;0;3;0;0;0;0;0;0.00;2;2;Arms;0;0;0;0;0
Blackjack;BJ-3;LA;12;0;2;0;0;0;0;0;0.00;2;2;Arms;0;0;0;0;0
Blackjack;BJ-A;LA;12;3;0;0;0;0;0;0;0.00;2;2;Arms;0;0;0;0;0
Blackjack;BJ-1;RT;12;0;1;0;0;0;0;0;0.00;0;0;None;0;0;0;0;0
Blackjack;BJ-1DC;RT;12;0;2;0;0;0;0;0;0.00;0;0;None;0;0;0;0;0
Blackjack;BJ-1;LT;12;0;1;0;0;0;0;0;0.00;0;0;None;0;0;0;0;0
Blackjack;BJ-1DC;LT;12;0;2;0;0;0;0;0;0.00;0;0;None;0;0;0;0;0
Blackjack;BJ-1;CT;12;0;0;0;0;0;0;0;0.00;0;0;None;0;4;0;0;0
Blackjack;BJ-1DC;CT;12;0;0;0;0;0;0;0;0.00;0;0;None;0;0;0;0;0
Blackjack;BJ-A;CT;12;0;1;0;0;0;0;0;0.00;0;0;None;0;4;0;0;0
Blackjack;BJ-1;HD;6;0;0;0;0;0;0;0;0.00;0;0;None;0;0;0;0;0
Blackjack;BJ-1;RL;6;0;0;0;0;0;0;0;0.00;4;4;Legs;0;0;0;0;0
Blackjack;BJ-1;LL;6;0;0;0;0;0;0;0;0.00;4;4;Legs;0;0;0;0;0
Black Knight;BL-6-KNT;RA;12;0;2;0;0;0;0;0;0.00;4;4;Arms;0;0;0;0;0
Black Knight;BL-6-KNT;LA;12;0;1;0;0;0;0;0;0.00;4;4;Arms;0;0;0;0;0
Black Knight;BL-6-KNT;RT;12;0;2;0;0;0;0;0;0.00;0;0;None;0;0;0;0;0
Black Knight;BL-6-KNT;LT;12;0;2;0;0;0;0;0;0.00;0;0;None;0;0;0;0;0
Black Knight;BL-6-KNT;CT;12;0;0;0;0;0;0;0;0.00;0;0;None;0;0;0;0;0
Black Knight;BL-6-KNT;HD;6;0;1;0;0;0;0;0;0.00;0;0;None;0;0;0;0;0
Black Knight;BL-6-KNT;RL;6;0;0;0;0;0;0;0;0.00;4;4;Legs;0;0;0;0;0
Black Knight;BL-6-KNT;LL;6;0;0;0;0;0;0;0;0.00;4;4;Legs;0;0;0;0;0
Cataphract;CTF-1X;RA;12;0;2;0;0;0;0;0;0.00;3;3;Arms;0;0;0;0;0
Cataphract;CTF-2X;RA;12;0;1;0;0;0;0;0;0.00;3;3;Arms;0;0;0;0;0
Cataphract;CTF-3D;RA;12;1;1;0;0;0;0;0;0.00;3;3;Arms;0;0;0;0;0
Cataphract;CTF-4X;RA;12;2;0;0;0;0;0;0;0.00;3;3;Arms;0;0;0;0;0
Cataphract;CTF-1X;LA;12;0;1;0;0;0;0;0;0.00;4;4;Arms;0;0;0;0;0
Cataphract;CTF-2X;LA;12;0;0;2;0;0;0;0;0.00;4;4;Arms;0;0;0;0;0
Cataphract;CTF-4X;LA;12;2;0;0;0;0;0;0;0.00;3;3;Arms;0;0;0;0;0
Cataphract;CTF-IM;LA;12;1;0;0;0;0;0;0;0.00;4;4;Arms;0;0;0;0;0
Cataphract;CTF-1X;RT;12;1;1;0;0;0;0;0;0.00;0;0;None;0;0;0;0;0
Cataphract;CTF-4X;RT;12;0;0;0;0;0;0;0;0.00;0;0;None;0;0;0;0;0
Cataphract;CTF-1X;LT;12;0;1;0;1;0;0;0;0.00;0;0;None;0;0;0;0;0
Cataphract;CTF-4X;LT;12;0;0;0;1;0;0;0;0.00;0;0;None;0;0;0;0;0
Cataphract;CTF-1X;CT;12;0;0;0;0;0;0;0;0.00;0;0;None;0;0;0;0;0
Cataphract;CTF-3D;CT;12;0;0;0;0;0;0;0;0.00;0;0;None;0;4;0;0;0
Cataphract;CTF-4X;CT;12;0;2;0;0;0;0;0;0.00;0;0;None;0;0;0;0;0
Cataphract;CTF-1X;HD;6;0;0;0;0;0;0;0;0.00;0;0;None;0;0;0;0;0
Cataphract;CTF-4X;HD;6;0;0;1;0;0;0;0;0.00;0;0;None;0;0;0;0;0
Cataphract;CTF-1X;RL;6;0;0;0;0;0;0;0;0.00;4;4;Legs;0;0;0;0;0
Cataphract;CTF-1X;LL;6;0;0;0;0;0;0;0;0.00;4;4;Legs;0;0;0;0;0
Catapult;CPLT-A1;RA;12;0;0;3;0;0;0;0;0.00;2;2;Arms;0;0;0;0;0
Catapult;CPLT-C1;RA;12;0;0;1;0;0;0;0;0.00;2;2;Arms;0;0;0;0;0
Catapult;CPLT-C4;RA;12;0;0;2;0;0;0;0;0.00;2;2;Arms;0;0;0;0;0
Catapult;CPLT-K2;RA;12;0;1;0;0;0;0;0;0.00;2;2;Arms;0;0;0;0;0
Catapult;CPLT-A1;LA;12;0;0;3;0;0;0;0;0.00;2;2;Arms;0;0;0;0;0
Catapult;CPLT-C1;LA;12;0;0;1;0;0;0;0;0.00;2;2;Arms;0;0;0;0;0
Catapult;CPLT-C4;LA;12;0;0;2;0;0;0;0;0.00;2;2;Arms;0;0;0;0;0
Catapult;CPLT-K2;LA;12;0;1;0;0;0;0;0;0.00;2;2;Arms;0;0;0;0;0
Catapult;CPLT-A1;RT;12;0;0;0;1;0;0;0;0.00;0;0;None;0;0;0;0;0
Catapult;CPLT-C1;RT;12;0;1;0;1;0;0;0;0.00;0;0;None;0;0;0;0;0
Catapult;CPLT-K2;RT;12;1;1;0;1;0;0;0;0.00;0;0;None;0;0;0;0;0
Catapult;CPLT-A1;LT;12;0;0;0;0;0;0;0;0.00;0;0;None;0;0;0;0;0
Catapult;CPLT-C1;LT;12;0;1;0;0;0;0;0;0.00;0;0;None;0;0;0;0;0
Catapult;CPLT-K2;LT;12;1;1;0;0;0;0;0;0.00;0;0;None;0;0;0;0;0
Catapult;CPLT-J;LT;12;0;1;0;1;0;0;0;0.00;0;0;None;0;0;0;0;0
Catapult;CPLT-A1;CT;12;0;0;0;0;0;0;0;0.00;0;0;None;0;4;0;0;0
Catapult;CPLT-C1;CT;12;0;2;0;0;0;0;0;0.00;0;0;None;0;4;0;0;0
Catapult;CPLT-K2;CT;12;0;0;0;0;0;0;0;0.00;0;0;None;0;0;0;0;0
Catapult;CPLT-J;CT;12;0;2;0;0;0;0;0;0.00;0;0;None;0;2;0;0;0
Catapult;CPLT-A1;HD;6;0;0;0;0;0;0;0;0.00;0;0;None;0;0;0;0;0
Catapult;CPLT-A1;RL;6;0;0;0;0;0;0;0;0.00;4;4;Legs;0;0;0;0;0
Catapult;CPLT-A1;LL;6;0;0;0;0;0;0;0;0.00;4;4;Legs;0;0;0;0;0
Centurion;CN9-A;RA;12;1;0;0;0;0;0;0;0.00;3;3;Arms;0;0;0;0;0
Centurion;CN9-AH;RA;12;3;0;0;0;0;0;0;0.00;2;2;Arms;0;0;0;0;0
Centurion;CN9-AL;RA;12;0;2;0;0;0;0;0;0.00;3;3;Arms;0;0;0;0;0
Centurion;CN9-D;RA;12;2;0;0;0;0;0;0;0.00;3;3;Arms;0;0;0;0;0
Centurion;CN9-YLW;RA;12;2;0;0;0;0;0;0;0.00;2;2;Arms;0;0;0;0;0
Centurion;CN9-A;LA;12;0;0;0;0;0;0;10;0.00;4;4;Arms;0;0;0;0;0
Centurion;CN9-A;RT;12;0;0;0;1;0;0;0;0.00;0;0;None;0;0;0;0;0
Centurion;CN9-A;LT;12;0;0;3;0;0;0;0;0.00;0;0;None;0;0;0;0;0
Centurion;CN9-AH;LT;12;0;0;2;0;0;0;0;0.00;0;0;None;0;0;0;0;0
Centurion;CN9-YLW;LT;12;0;0;0;0;0;0;0;0.00;0;0;None;0;0;0;0;0
Centurion;CN9-A;CT;12;0;2;0;0;0;0;0;0.00;0;0;None;0;0;0;0;0
Centurion;CN9-AH;CT;12;0;0;0;0;0;0;0;0.00;0;0;None;0;0;0;0;0
Centurion;CN9-A;HD;6;0;0;0;0;0;0;0;0.00;0;0;None;0;0;0;0;0
Centurion;CN9-A;RL;6;0;0;0;0;0;0;0;0.00;4;4;Legs;0;0;0;0;0
Centurion;CN9-A;LL;6;0;0;0;0;0;0;0;0.00;4;4;Legs;0;0;0;0;0
Cicada;CDA-2A;RA;12;0;0;0;0;0;0;0;0.00;2;2;Arms;0;0;0;0;0
Cicada;CDA-2B;RA;12;0;2;0;0;0;0;0;0.00;2;2;Arms;0;0;0;0;0
Cicada;CDA-X5;RA;12;0;1;0;0;0;0;0;0.00;2;2;Arms;0;0;0;0;0
Cicada;CDA-2A;LA;12;0;0;0;0;0;0;0;0.00;2;2;Arms;0;0;0;0;0
Cicada;CDA-2B;LA;12;0;2;0;0;0;0;0;0.00;2;2;Arms;0;0;0;0;0
Cicada;CDA-X5;LA;12;0;1;0;0;0;0;0;0.00;2;2;Arms;0;0;0;0;0
Cicada;CDA-2A;RT;12;0;2;0;1;0;0;0;0.00;0;0;None;0;0;0;0;0
Cicada;CDA-2B;RT;12;0;0;0;1;0;0;0;0.00;0;0;None;0;0;0;0;0
Cicada;CDA-3C;RT;12;2;1;0;1;0;0;0;0.00;0;0;None;0;0;0;0;0
Cicada;CDA-3M;RT;12;0;1;0;1;0;0;0;0.00;0;0;None;0;0;0;0;0
Cicada;CDA-X5;RT;12;0;1;1;0;0;0;0;0.00;0;0;None;0;0;0;0;0
Cicada;CDA-2A;LT;12;0;2;0;0;0;0;0;0.00;0;0;None;0;0;0;0;0
Cicada;CDA-2B;LT;12;0;0;0;0;0;0;0;0.00;0;0;None;0;0;0;0;0
Cicada;CDA-3C;LT;12;2;0;0;0;0;0;0;0.00;0;0;None;0;0;0;0;0
Cicada;CDA-3M;LT;12;1;1;0;0;1;0;0;0.00;0;0;None;0;0;0;0;0
Cicada;CDA-X5;LT;12;0;1;1;0;0;0;0;0.00;0;0;None;0;0;0;0;0
Cicada;CDA-2A;CT;12;0;2;0;0;0;0;0;0.00;0;0;None;0;0;0;0;0
Cicada;CDA-2B;CT;12;0;1;0;0;0;0;0;0.00;0;0;None;0;0;0;0;0
Cicada;CDA-3C;CT;12;0;0;0;0;0;0;0;0.00;0;0;None;0;0;0;0;0
Cicada;CDA-2A;HD;6;0;0;0;0;0;0;0;0.00;0;0;None;0;0;0;0;0
Cicada;CDA-2A;RL;6;0;0;0;0;0;0;0;0.00;4;4;Legs;0;0;0;0;0
Cicada;CDA-2A;LL;6;0;0;0;0;0;0;0;0.00;4;4;Legs;0;0;0;0;0
Commando;COM-1B;RA;12;0;2;0;0;0;0;0;0.00;4;4;Arms;0;0;0;0;0
Commando;COM-2D;RA;12;0;0;2;0;0;0;0;0.00;4;4;Arms;0;0;0;0;0
Commando;COM-3A;RA;12;0;1;1;0;0;0;0;0.00;4;4;Arms;0;0;0;0;0
Commando;COM-1B;LA;12;0;1;0;0;0;0;0;0.00;4;4;Arms;0;0;0;0;0
Commando;COM-1D;LA;12;0;0;0;0;0;0;0;0.00;4;4;Arms;0;0;0;0;0
Commando;COM-DK;LA;12;0;2;0;0;0;0;0;0.00;4;4;Arms;0;0;0;0;0
Commando;COM-1B;RT;12;0;0;0;1;0;0;0;0.00;0;0;None;0;0;0;0;0
Commando;COM-1B;LT;12;0;0;0;0;0;0;0;0.00;0;0;None;0;0;0;0;0
Commando;COM-2D;LT;12;0;0;0;0;1;0;0;0.00;0;0;None;0;0;0;0;0
Commando;COM-1B;CT;12;0;0;1;0;0;0;0;0.00;0;0;None;0;0;0;0;0
Commando;COM-1D;CT;12;0;0;2;0;0;0;0;0.00;0;0;None;0;0;0;0;0
Commando;COM-DK;CT;12;0;0;0;0;0;0;0;0.00;0;0;None;0;0;0;0;0
Commando;COM-1B;HD;6;0;0;0;0;0;0;0;0.00;0;0;None;0;0;0;0;0
Commando;COM-1B;RL;6;0;0;0;0;0;0;0;0.00;4;4;Legs;0;0;0;0;0
Commando;COM-1B;LL;6;0;0;0;0;0;0;0;0.00;4;4;Legs;0;0;0;0;0
Crossbow;CBW-PRIME;RA;12;0;0;1;0;0;0;0;0.00;2;3;Arms;0;0;0;0;0
Crossbow;CBW-PRIME;LA;12;0;0;1;0;0;0;0;0.00;2;3;Arms;0;0;0;0;0
Crossbow;CBW-PRIME;RT;12;0;0;0;0;0;0;0;0.00;0;0;None;0;0;0;0;0
Crossbow;CBW-PRIME;LT;12;0;0;0;0;0;0;0;0.00;0;0;None;0;0;0;0;0
Crossbow;CBW-PRIME;CT;12;0;0;0;0;0;0;0;0.00;0;0;None;0;0;0;0;0
Crossbow;CBW-PRIME;HD;6;0;0;0;0;0;0;0;0.00;0;0;None;0;0;0;0;0
Crossbow;CBW-PRIME;RL;6;0;0;0;0;0;0;0;0.00;4;4;Legs;0;0;0;0;0
Crossbow;CBW-PRIME;LL;6;0;0;0;0;0;0;0;0.00;4;4;Legs;0;0;0;0;0
Crossbow;CBW-A;RA;12;0;1;2;0;0;0;0;0.00;2;3;Arms;0;0;0;0;0
Crossbow;CBW-A;LA;12;0;1;2;0;0;0;0;0.00;2;3;Arms;0;0;0;0;0
Crossbow;CBW-A;RT;12;0;0;0;0;0;0;0;0.00;0;0;None;0;0;0;0;0
Crossbow;CBW-A;LT;12;0;0;0;0;0;0;0;0.00;0;0;None;0;0;0;0;0
Crossbow;CBW-A;CT;12;0;0;0;0;0;0;0;0.00;0;0;None;0;0;0;0;0
Crossbow;CBW-A;HD;6;0;0;0;0;0;0;0;0.00;0;0;None;0;0;0;0;0
Crossbow;CBW-A;RL;6;0;0;0;0;0;0;0;0.00;4;4;Legs;0;0;0;0;0
Crossbow;CBW-A;LL;6;0;0;0;0;0;0;0;0.00;4;4;Legs;0;0;0;0;0
Crossbow;CBW-B;RA;12;0;0;2;0;0;0;0;0.00;2;3;Arms;0;0;0;0;0
Crossbow;CBW-B;LA;12;0;0;2;0;0;0;0;0.00;2;3;Arms;0;0;0;0;0
Crossbow;CBW-B;RT;12;0;0;0;0;0;0;0;0.00;0;0;None;0;0;0;0;0
Crossbow;CBW-B;LT;12;0;0;0;0;0;0;0;0.00;0;0;None;0;0;0;0;0
Crossbow;CBW-B;CT;12;0;0;0;0;0;0;0;0.00;0;0;None;0;0;0;0;0
Crossbow;CBW-B;HD;6;0;0;0;0;0;0;0;0.00;0;0;None;0;0;0;0;0
Crossbow;CBW-B;RL;6;0;0;0;0;0;0;0;0.00;4;4;Legs;0;0;0;0;0
Crossbow;CBW-B;LL;6;0;0;0;0;0;0;0;0.00;4;4;Legs;0;0;0;0;0
Crossbow;CBW-HERO;RA;12;0;0;0;0;0;0;0;0.00;2;3;Arms;0;0;0;0;0
Crossbow;CBW-HERO;LA;12;0;0;0;0;0;0;0;0.00;2;3;Arms;0;0;0;0;0
Crossbow;CBW-HERO;RT;12;0;0;0;0;0;0;0;0.00;0;0;None;0;0;0;0;0
Crossbow;CBW-HERO;LT;12;0;0;0;0;0;0;0;0.00;0;0;None;0;0;0;0;0
Crossbow;CBW-HERO;CT;12;0;0;0;0;0;0;0;0.00;0;0;None;0;0;0;0;0
Crossbow;CBW-HERO;HD;6;0;0;0;0;0;0;0;0.00;0;0;None;0;0;0;0;0
Crossbow;CBW-HERO;RL;6;0;0;0;0;0;0;0;0.00;4;4;Legs;0;0;0;0;0
Crossbow;CBW-HERO;LL;6;0;0;0;0;0;0;0;0.00;4;4;Legs;0;0;0;0;0
Cyclops;CP-10-Q;RA;12;0;2;0;0;0;0;0;0.00;4;4;Arms;0;0;0;0;0
Cyclops;CP-10-Q;LA;12;0;2;0;0;0;0;0;0.00;4;4;Arms;0;0;0;0;0
Cyclops;CP-10-Q;RT;12;0;1;1;0;0;0;0;0.00;0;0;None;0;0;0;0;0
Cyclops;CP-10-Z;RT;12;3;0;0;0;0;0;0;0.00;0;0;None;0;0;0;0;0
Cyclops;CP-11-A;RT;12;2;0;0;0;0;0;0;0.00;0;0;None;0;0;0;0;0
Cyclops;CP-10-Q;LT;12;0;0;1;0;0;0;0;0.00;0;0;None;0;0;0;0;0
Cyclops;CP-10-Q;CT;12;0;0;1;0;0;0;0;0.00;0;0;None;0;0;0;0;0
Cyclops;CP-10-Q;HD;6;0;0;0;0;0;0;0;0.00;0;0;None;0;0;0;0;0
Cyclops;CP-10-Q;RL;6;0;0;0;0;0;0;0;0.00;4;4;Legs;0;0;0;0;0
Cyclops;CP-10-Q;LL;6;0;0;0;0;0;0;0;0.00;4;4;Legs;0;0;0;0;0
Dire Wolf;DWF-PRIME;RA;12;1;4;0;0;0;0;0;0.00;2;2;Arms;0;0;0;0;0
Dire Wolf;DWF-PRIME;LA;12;1;4;0;0;0;0;0;0.00;2;2;Arms;0;0;0;0;0
Dire Wolf;DWF-PRIME;RT;12;0;0;0;0;0;0;0;0.00;0;0;None;0;0;1;0;0
Dire Wolf;DWF-PRIME;LT;12;0;0;1;0;0;0;0;0.00;0;0;None;0;0;1;0;0
Dire Wolf;DWF-PRIME;CT;12;0;0;0;0;0;0;0;0.00;0;0;None;0;0;0;0;0
Dire Wolf;DWF-PRIME;HD;6;0;0;0;0;0;0;0;0.00;0;0;None;0;0;0;0;0
Dire Wolf;DWF-PRIME;RL;6;0;0;0;0;0;0;0;0.00;4;4;Legs;0;0;0;0;0
Dire Wolf;DWF-PRIME;LL;6;0;0;0;0;0;0;0;0.00;4;4;Legs;0;0;1;0;0
Dire Wolf;DWF-A;RA;12;0;3;0;0;0;0;0;0.00;2;2;Arms;0;0;0;0;0
Dire Wolf;DWF-A;LA;12;1;0;0;0;0;0;0;0.00;2;2;Arms;0;0;0;0;0
Dire Wolf;DWF-A;RT;12;0;0;0;1;0;0;0;0.00;0;0;None;0;0;1;0;0
Dire Wolf;DWF-A;LT;12;0;0;2;0;0;0;0;0.00;0;0;None;0;0;1;0;0
Dire Wolf;DWF-A;CT;12;0;0;0;0;0;0;0;0.00;0;0;None;0;0;0;0;0
Dire Wolf;DWF-A;HD;6;0;0;0;0;0;0;0;0.00;0;0;None;0;0;0;0;0
Dire Wolf;DWF-A;RL;6;0;0;0;0;0;0;0;0.00;4;4;Legs;0;0;0;0;0
Dire Wolf;DWF-A;LL;6;0;0;0;0;0;0;0;0.00;4;4;Legs;0;0;1;0;0
Dire Wolf;DWF-B;RA;12;1;0;0;0;0;0;0;0.00;2;2;Arms;0;0;0;0;0
Dire Wolf;DWF-B;LA;12;0;4;0;0;0;0;0;0.00;2;2;Arms;0;0;0;0;0
Dire Wolf;DWF-B;RT;12;2;0;0;0;0;0;0;0.00;0;0;None;0;0;1;0;0
Dire Wolf;DWF-B;LT;12;2;0;0;0;0;0;0;0.00;0;0;None;0;0;1;0;0
Dire Wolf;DWF-B;CT;12;0;1;0;0;0;0;0;0.00;0;0;None;0;0;0;0;0
Dire Wolf;DWF-B;HD;6;0;0;0;0;0;0;0;0.00;0;0;None;0;0;0;0;0
Dire Wolf;DWF-B;RL;6;0;0;0;0;0;0;0;0.00;4;4;Legs;0;0;0;0;0
Dire Wolf;DWF-B;LL;6;0;0;0;0;0;0;0;0.00;4;4;Legs;0;0;1;0;0
Dire Wolf;DWF-S;LA;12;0;1;0;0;0;0;0;0.00;2;2;Arms;0;0;0;0;0
Dire Wolf;DWF-S;RT;12;1;2;0;0;0;0;0;0.00;0;0;None;1;1;1;0;0
Dire Wolf;DWF-S;LT;12;1;2;1;0;0;0;0;0.00;0;0;None;1;1;1;0;0
Dire Wolf;DWF-S;CT;12;0;0;1;0;0;0;0;0.00;0;0;None;1;1;0;0;0
Dire Wolf;DWF-S;HD;6;0;1;0;0;0;0;0;0.00;0;0;None;0;0;0;0;0
Dire Wolf;DWF-W;RA;12;0;1;0;0;0;0;0;0.00;2;2;Arms;0;0;0;0;0
Dire Wolf;DWF-W;RT;12;1;0;0;0;0;0;0;0.00;0;0;None;0;0;1;0;0
Dire Wolf;DWF-W;CT;12;0;2;0;0;0;0;0;0.00;0;0;None;0;0;0;0;0
Dire Wolf;DWF-HERO;RA;12;0;0;0;0;0;0;0;0.00;2;2;Arms;0;0;0;0;0
Dire Wolf;DWF-HERO;LA;12;0;0;0;0;0;0;0;0.00;2;2;Arms;0;0;0;0;0
Dire Wolf;DWF-HERO;RT;12;0;0;0;0;0;0;0;0.00;0;0;None;0;0;1;0;0
Dire Wolf;DWF-HERO;LT;12;0;0;0;0;0;0;0;0.00;0;0;None;0;0;1;0;0
Dire Wolf;DWF-HERO;CT;12;0;0;0;0;0;0;0;0.00;0;0;None;0;0;0;0;0
Dire Wolf;DWF-HERO;HD;6;0;0;0;0;0;0;0;0.00;0;0;None;0;0;0;0;0
Dire Wolf;DWF-HERO;RL;6;0;0;0;0;0;0;0;0.00;4;4;Legs;0;0;0;0;0
Dire Wolf;DWF-HERO;LL;6;0;0;0;0;0;0;0;0.00;4;4;Legs;0;0;1;0;0
Dragon;DGN-1C;RA;12;1;0;0;0;0;0;0;0.00;3;3;Arms;0;0;0;0;0
Dragon;DGN-1N;RA;12;2;0;0;0;0;0;0;0.00;3;3;Arms;0;0;0;0;0
Dragon;DGN-5N;RA;12;3;0;0;0;0;0;0;0.00;3;3;Arms;0;0;0;0;0
Dragon;DGN-FLAME;RA;12;0;2;0;0;0;0;0;0.00;4;4;Arms;0;0;0;0;0
Dragon;DGN-1C;LA;12;0;2;0;0;0;0;0;0.00;4;4;Arms;0;0;0;0;0
Dragon;DGN-1N;LA;12;0;1;0;0;0;0;0;0.00;4;4;Arms;0;0;0;0;0
Dragon;DGN-1C;RT;12;0;0;0;1;0;0;0;0.00;0;0;None;0;0;0;0;0
Dragon;DGN-1C;LT;12;0;2;0;0;0;0;0;0.00;0;0;None;0;0;0;0;0
Dragon;DGN-1N;LT;12;0;1;0;0;0;0;0;0.00;0;0;None;0;0;0;0;0
Dragon;DGN-5N;LT;12;0;0;0;0;0;0;0;0.00;0;0;None;0;0;0;0;0
Dragon;DGN-FLAME;LT;12;1;0;0;0;0;0;0;0.00;0;0;None;0;0;0;0;0
Dragon;DGN-1C;CT;12;0;0;1;0;0;0;0;0.00;0;0;None;0;0;0;0;0
Dragon;DGN-1N;CT;12;0;0;2;0;0;0;0;0.00;0;0;None;0;0;0;0;0
Dragon;DGN-1C;HD;6;0;0;0;0;0;0;0;0.00;0;0;None;0;0;0;0;0
Dragon;DGN-1C;RL;6;0;0;0;0;0;0;0;0.00;4;4;Legs;0;0;0;0;0
Dragon;DGN-1C;LL;6;0;0;0;0;0;0;0;0.00;4;4;Legs;0;0;0;0;0
Ebon Jaguar;EJR-PRIME;RA;12;1;0;0;0;0;0;0;0.00;2;2;Arms;0;0;0;2;0
Ebon Jaguar;EJR-PRIME;LA;12;1;0;0;0;0;0;0;0.00;2;2;Arms;0;0;0;2;0
Ebon Jaguar;EJR-PRIME;RT;12;0;0;1;0;0;0;0;0.00;0;0;None;0;0;0;1;1
Ebon Jaguar;EJR-PRIME;LT;12;0;1;1;0;0;0;0;0.00;0;0;None;0;0;0;0;1
Ebon Jaguar;EJR-PRIME;CT;12;0;0;0;0;0;0;0;0.00;0;0;None;0;0;0;1;1
Ebon Jaguar;EJR-PRIME;HD;6;0;0;0;0;0;0;0;0.00;0;0;None;0;0;0;1;0
Ebon Jaguar;EJR-PRIME;RL;6;0;0;0;0;0;0;0;0.00;4;4;Legs;0;0;0;0;2
Ebon Jaguar;EJR-PRIME;LL;6;0;0;0;0;0;0;0;0.00;4;4;Legs;0;0;0;0;2
Ebon Jaguar;EJR-A;RA;12;1;2;0;0;0;0;0;0.00;2;2;Arms;0;0;0;2;0
Ebon Jaguar;EJR-A;LA;12;1;2;0;0;0;0;0;0.00;2;2;Arms;0;0;0;2;0
Ebon Jaguar;EJR-A;RT;12;1;0;0;0;0;0;0;0.00;0;0;None;0;0;0;1;1
Ebon Jaguar;EJR-A;LT;12;0;3;0;0;0;0;0;0.00;0;0;None;0;0;0;0;1
Ebon Jaguar;EJR-B;RA;12;0;2;0;0;0;0;0;0.00;2;2;Arms;0;0;0;2;0
Ebon Jaguar;EJR-B;LA;12;0;2;0;0;0;0;0;0.00;2;2;Arms;0;0;0;2;0
Ebon Jaguar;EJR-B;RT;12;0;1;0;0;0;0;0;0.00;0;0;None;0;0;0;1;1
Ebon Jaguar;EJR-B;LT;12;0;2;0;0;0;0;0;0.00;0;0;None;0;0;0;0;1
Ebon Jaguar;EJR-C;RA;12;1;0;1;0;0;0;0;0.00;2;2;Arms;0;0;0;2;0
Ebon Jaguar;EJR-C;LA;12;1;0;1;0;0;0;0;0.00;2;2;Arms;0;0;0;2;0
Ebon Jaguar;EJR-C;LT;12;0;0;1;0;0;0;0;0.00;0;0;None;0;0;0;0;1
Ebon Jaguar;EJR-HERO;RA;12;0;0;0;0;0;0;0;0.00;2;2;Arms;0;0;0;2;0
Ebon Jaguar;EJR-HERO;LA;12;0;0;0;0;0;0;0;0.00;2;2;Arms;0;0;0;2;0
Ebon Jaguar;EJR-HERO;RT;12;0;0;0;0;0;0;0;0.00;0;0;None;0;0;0;1;1
Ebon Jaguar;EJR-HERO;LT;12;0;0;0;0;0;0;0;0.00;0;0;None;0;0;0;0;1
Ebon Jaguar;EJR-HERO;CT;12;0;0;0;0;0;0;0;0.00;0;0;None;0;0;0;1;1
Ebon Jaguar;EJR-HERO;HD;6;0;0;0;0;0;0;0;0.00;0;0;None;0;0;0;1;0
Ebon Jaguar;EJR-HERO;RL;6;0;0;0;0;0;0;0;0.00;4;4;Legs;0;0;0;0;2
Ebon Jaguar;EJR-HERO;LL;6;0;0;0;0;0;0;0;0.00;4;4;Legs;0;0;0;0;2
Executioner;EXR-PRIME;RA;12;0;2;0;0;0;0;0;0.00;2;4;Arms;0;0;0;1;0
Executioner;EXR-PRIME;LA;12;1;0;0;0;0;0;0;0.00;2;4;Arms;0;0;0;1;0
Executioner;EXR-PRIME;RT;12;2;0;0;0;0;0;0;0.00;0;0;None;0;0;1;2;0
Executioner;EXR-PRIME;LT;12;0;0;0;0;0;0;0;0.00;0;0;None;0;0;0;0;0
Executioner;EXR-PRIME;CT;12;0;0;0;0;0;0;0;0.00;0;0;None;0;0;0;2;0
Executioner;EXR-PRIME;HD;6;0;0;0;0;0;0;0;0.00;0;0;None;0;0;0;1;0
Executioner;EXR-PRIME;RL;6;0;0;0;0;0;0;0;0.00;4;4;Legs;2;2;0;0;0
Executioner;EXR-PRIME;LL;6;0;0;0;0;0;0;0;0.00;4;4;Legs;2;2;0;0;0
Executioner;EXR-A;RA;12;0;4;0;0;0;0;0;0.00;2;4;Arms;0;0;0;1;0
Executioner;EXR-A;LA;12;0;3;0;0;0;0;0;0.00;2;4;Arms;0;0;0;1;0
Executioner;EXR-B;RA;12;0;1;0;0;0;0;0;0.00;2;4;Arms;0;0;0;1;0
Executioner;EXR-B;RT;12;0;1;0;1;0;0;0;0.00;0;0;None;0;0;1;2;0
Executioner;EXR-C;RA;12;1;0;0;0;0;0;0;0.00;2;4;Arms;0;0;0;1;0
Executioner;EXR-C;LA;12;0;0;1;0;0;0;0;0.00;2;4;Arms;0;0;0;1;0
Executioner;EXR-C;RT;12;0;0;0;0;0;0;0;0.00;0;0;None;0;0;1;2;0
Executioner;EXR-C;LT;12;0;1;0;0;0;0;0;0.00;0;0;None;0;0;0;0;0
Executioner;EXR-D;RA;12;0;7;0;0;0;0;0;0.00;2;4;Arms;0;0;0;1;0
Executioner;EXR-D;LA;12;0;0;2;0;0;0;0;0.00;2;4;Arms;0;0;0;1;0
Executioner;EXR-D;RT;12;0;2;0;0;0;0;0;0.00;0;0;None;0;0;1;2;0
Executioner;EXR-HERO;RA;12;0;0;0;0;0;0;0;0.00;2;4;Arms;0;0;0;1;0
Executioner;EXR-HERO;LA;12;0;0;0;0;0;0;0;0.00;2;4;Arms;0;0;0;1;0
Executioner;EXR-HERO;RT;12;0;0;0;0;0;0;0;0.00;0;0;None;0;0;1;2;0
Executioner;EXR-HERO;LT;12;0;0;0;0;0;0;0;0.00;0;0;None;0;0;0;0;0
Executioner;EXR-HERO;CT;12;0;0;0;0;0;0;0;0.00;0;0;None;0;0;0;2;0
Executioner;EXR-HERO;HD;6;0;0;0;0;0;0;0;0.00;0;0;None;0;0;0;1;0
Executioner;EXR-HERO;RL;6;0;0;0;0;0;0;0;0.00;4;4;Legs;2;2;0;0;0
Executioner;EXR-HERO;LL;6;0;0;0;0;0;0;0;0.00;4;4;Legs;2;2;0;0;0
Fire Moth;FMH-PRIME;RA;12;0;0;1;0;0;0;0;0.00;2;4;Arms;0;0;0;1;1
Fire Moth;FMH-PRIME;LA;12;0;2;0;0;0;0;0;0.00;2;4;Arms;0;0;0;1;1
Fire Moth;FMH-PRIME;RT;12;0;0;1;0;0;0;0;0.00;0;0;None;0;0;1;2;1
Fire Moth;FMH-PRIME;LT;12;0;0;0;0;0;0;0;0.00;0;0;None;0;0;1;2;1
Fire Moth;FMH-PRIME;CT;12;0;0;0;0;0;0;0;0.00;0;0;None;0;0;0;0;1
Fire Moth;FMH-PRIME;HD;6;0;0;0;0;0;0;0;0.00;0;0;None;0;0;0;1;0
Fire Moth;FMH-PRIME;RL;6;0;0;0;0;0;0;0;0.00;4;4;Legs;0;0;0;0;1
Fire Moth;FMH-PRIME;LL;6;0;0;0;0;0;0;0;0.00;4;4;Legs;0;0;0;0;1
Fire Moth;FMH-A;RA;12;0;1;0;0;0;0;0;0.00;2;4;Arms;0;0;0;1;1
Fire Moth;FMH-A;LA;12;0;0;0;1;0;0;0;0.00;2;4;Arms;0;0;0;1;1
Fire Moth;FMH-B;RA;12;2;0;0;0;1;0;0;0.00;2;4;Arms;0;0;0;1;1
Fire Moth;FMH-B;LA;12;0;1;0;0;0;0;0;0.00;2;4;Arms;0;0;0;1;1
Fire Moth;FMH-B;RT;12;0;1;0;0;0;0;0;0.00;0;0;None;0;0;1;2;1
Fire Moth;FMH-C;LA;12;0;0;1;0;0;0;0;0.00;2;4;Arms;0;0;0;1;1
Fire Moth;FMH-C;RT;12;0;0;0;1;0;0;0;0.00;0;0;None;0;0;1;2;1
Fire Moth;FMH-D;RA;12;0;2;0;0;0;0;0;0.00;2;4;Arms;0;0;0;1;1
Fire Moth;FMH-D;RT;12;0;2;0;0;0;0;0;0.00;0;0;None;0;0;1;2;1
Fire Moth;FMH-HERO;RA;12;0;0;0;0;0;0;0;0.00;2;4;Arms;0;0;0;1;1
Fire Moth;FMH-HERO;LA;12;0;0;0;0;0;0;0;0.00;2;4;Arms;0;0;0;1;1
Fire Moth;FMH-HERO;RT;12;0;0;0;0;0;0;0;0.00;0;0;None;0;0;1;2;1
Fire Moth;FMH-HERO;LT;12;0;0;0;0;0;0;0;0.00;0;0;None;0;0;1;2;1
Fire Moth;FMH-HERO;CT;12;0;0;0;0;0;0;0;0.00;0;0;None;0;0;0;0;1
Fire Moth;FMH-HERO;HD;6;0;0;0;0;0;0;0;0.00;0;0;None;0;0;0;1;0
Fire Moth;FMH-HERO;RL;6;0;0;0;0;0;0;0;0.00;4;4;Legs;0;0;0;0;1
Fire Moth;FMH-HERO;LL;6;0;0;0;0;0;0;0;0.00;4;4;Legs;0;0;0;0;1
Firestarter;FS9-A;RA;12;0;2;0;0;0;0;0;0.00;3;3;Arms;0;0;0;0;0
Firestarter;FS9-K;RA;12;0;3;0;0;0;0;0;0.00;3;3;Arms;0;0;0;0;0
Firestarter;FS9-A;LA;12;0;2;0;0;0;0;0;0.00;3;3;Arms;0;0;0;0;0
Firestarter;FS9-K;LA;12;0;3;0;0;0;0;0;0.00;3;3;Arms;0;0;0;0;0
Firestarter;FS9-A;RT;12;0;1;0;1;0;0;0;0.00;0;0;None;0;0;0;0;0
Firestarter;FS9-E;RT;12;2;0;0;1;0;0;0;0.00;0;0;None;0;0;0;0;0
Firestarter;FS9-H;RT;12;1;0;0;1;0;0;0;0.00;0;0;None;0;0;0;0;0
Firestarter;FS9-K;RT;12;0;0;0;1;0;0;0;0.00;0;0;None;0;0;0;0;0
Firestarter;FS9-A;LT;12;0;1;0;0;0;0;0;0.00;0;0;None;0;0;0;0;0
Firestarter;FS9-E;LT;12;2;0;0;0;0;0;0;0.00;0;0;None;0;0;0;0;0
Firestarter;FS9-H;LT;12;1;0;0;0;0;0;0;0.00;0;0;None;0;0;0;0;0
Firestarter;FS9-K;LT;12;0;0;0;0;0;0;0;0.00;0;0;None;0;0;0;0;0
Firestarter;FS9-S;LT;12;0;0;0;1;0;0;0;0.00;0;0;None;0;0;0;0;0
Firestarter;FS9-A;CT;12;0;2;0;0;0;0;0;0.00;0;0;None;0;6;0;0;0
Firestarter;FS9-E;CT;12;0;0;0;0;0;0;0;0.00;0;0;None;0;6;0;0;0
Firestarter;FS9-A;HD;6;0;0;0;0;0;0;0;0.00;0;0;None;0;0;0;0;0
Firestarter;FS9-A;RL;6;0;0;0;0;0;0;0;0.00;4;4;Legs;0;0;0;0;0
Firestarter;FS9-A;LL;6;0;0;0;0;0;0;0;0.00;4;4;Legs;0;0;0;0;0
Flea;FLE-4;RA;12;0;1;0;0;0;0;0;0.00;2;2;Arms;0;0;0;0;0
Flea;FLE-15;RA;12;1;1;0;0;0;0;0;0.00;2;2;Arms;0;0;0;0;0
Flea;FLE-4;LA;12;0;2;0;0;0;0;0;0.00;2;2;Arms;0;0;0;0;0
Flea;FLE-15;LA;12;1;1;0;0;0;0;0;0.00;2;2;Arms;0;0;0;0;0
Flea;FLE-17;LA;12;0;1;0;0;0;0;0;0.00;2;2;Arms;0;0;0;0;0
Flea;FLE-4;RT;12;0;0;0;0;0;0;0;0.00;0;0;None;0;0;0;0;0
Flea;FLE-15;RT;12;0;1;0;0;0;0;0;0.00;0;0;None;0;0;0;0;0
Flea;FLE-4;LT;12;0;0;0;0;0;0;0;0.00;0;0;None;0;0;0;0;0
Flea;FLE-15;LT;12;0;1;0;0;0;0;0;0.00;0;0;None;0;0;0;0;0
Flea;FLE-4;CT;12;0;1;0;0;0;0;0;0.00;0;0;None;0;0;0;0;0
Flea;FLE-4;HD;6;0;0;0;0;0;0;0;0.00;0;0;None;0;0;0;0;0
Flea;FLE-4;RL;6;0;0;0;0;0;0;0;0.00;4;4;Legs;0;0;0;0;0
Flea;FLE-4;LL;6;0;0;0;0;0;0;0;0.00;4;4;Legs;0;0;0;0;0
Gargoyle;GAR-PRIME;RA;12;1;0;1;0;0;0;0;0.00;2;4;Arms;0;0;0;0;0
Gargoyle;GAR-PRIME;LA;12;1;0;1;0;0;0;0;0.00;2;4;Arms;0;0;0;0;0
Gargoyle;GAR-PRIME;RT;12;0;0;0;0;0;0;0;0.00;0;0;None;0;0;0;2;0
Gargoyle;GAR-PRIME;LT;12;0;0;0;1;0;0;0;0.00;0;0;None;0;0;0;2;0
Gargoyle;GAR-PRIME;CT;12;0;1;0;0;0;0;0;0.00;0;0;None;0;0;0;0;0
Gargoyle;GAR-PRIME;HD;6;0;0;0;0;0;0;0;0.00;0;0;None;0;0;0;1;0
Gargoyle;GAR-PRIME;RL;6;0;0;0;0;0;0;0;0.00;4;4;Legs;0;0;0;1;0
Gargoyle;GAR-PRIME;LL;6;0;0;0;0;0;0;0;0.00;4;4;Legs;0;0;0;1;0
Gargoyle;GAR-A;RA;12;0;2;0;0;0;0;0;0.00;2;4;Arms;0;0;0;0;0
Gargoyle;GAR-A;LA;12;0;4;0;0;0;0;0;0.00;2;4;Arms;0;0;0;0;0
Gargoyle;GAR-A;RT;12;0;0;0;0;0;0;0;0.00;0;0;None;0;0;0;2;0
Gargoyle;GAR-A;LT;12;0;0;0;0;0;0;0;0.00;0;0;None;0;0;0;2;0
Gargoyle;GAR-A;CT;12;0;0;0;0;0;0;0;0.00;0;0;None;0;0;0;0;0
Gargoyle;GAR-A;HD;6;0;0;0;0;0;0;0;0.00;0;0;None;0;0;0;1;0
Gargoyle;GAR-A;RL;6;0;0;0;0;0;0;0;0.00;4;4;Legs;0;0;0;1;0
Gargoyle;GAR-A;LL;6;0;0;0;0;0;0;0;0.00;4;4;Legs;0;0;0;1;0
Gargoyle;GAR-B;RA;12;1;0;0;0;0;0;0;0.00;2;4;Arms;0;0;0;0;0
Gargoyle;GAR-B;LA;12;0;0;2;0;0;0;0;0.00;2;4;Arms;0;0;0;0;0
Gargoyle;GAR-C;RA;12;0;6;0;0;0;0;0;0.00;2;4;Arms;0;0;0;0;0
Gargoyle;GAR-C;LA;12;1;0;0;0;0;0;0;0.00;2;4;Arms;0;0;0;0;0
Gargoyle;GAR-C;CT;12;0;1;0;0;0;0;0;0.00;0;0;None;0;0;0;0;0
Gargoyle;GAR-D;RA;12;0;2;0;0;0;0;0;0.00;2;4;Arms;0;0;0;0;0
Gargoyle;GAR-D;LA;12;0;2;0;0;0;0;0;0.00;2;4;Arms;0;0;0;0;0
Gargoyle;GAR-D;RT;12;0;0;0;0;0;0;0;0.00;0;0;None;0;0;0;2;0
Gargoyle;GAR-D;LT;12;0;0;0;0;0;0;0;0.00;0;0;None;0;0;0;2;0
Gargoyle;GAR-D;CT;12;0;2;0;0;0;0;0;0.00;0;0;None;0;0;0;0;0
Gargoyle;GAR-D;HD;6;0;0;0;0;0;0;0;0.00;0;0;None;0;0;0;1;0
Gargoyle;GAR-D;RL;6;0;0;0;0;0;0;0;0.00;4;4;Legs;0;0;0;1;0
Gargoyle;GAR-D;LL;6;0;0;0;0;0;0;0;0.00;4;4;Legs;0;0;0;1;0
Gargoyle;GAR-HERO;RA;12;0;0;0;0;0;0;0;0.00;2;4;Arms;0;0;0;0;0
Gargoyle;GAR-HERO;LA;12;0;0;0;0;0;0;0;0.00;2;4;Arms;0;0;0;0;0
Gargoyle;GAR-HERO;RT;12;0;0;0;0;0;0;0;0.00;0;0;None;0;0;0;2;0
Gargoyle;GAR-HERO;LT;12;0;0;0;0;0;0;0;0.00;0;0;None;0;0;0;2;0
Gargoyle;GAR-HERO;CT;12;0;0;0;0;0;0;0;0.00;0;0;None;0;0;0;0;0
Gargoyle;GAR-HERO;HD;6;0;0;0;0;0;0;0;0.00;0;0;None;0;0;0;1;0
Gargoyle;GAR-HERO;RL;6;0;0;0;0;0;0;0;0.00;4;4;Legs;0;0;0;1;0
Gargoyle;GAR-HERO;LL;6;0;0;0;0;0;0;0;0.00;4;4;Legs;0;0;0;1;0
Griffin;GRF-1N;RA;12;0;3;0;0;0;0;0;0.00;4;4;Arms;0;0;0;0;0
Griffin;GRF-1S;RA;12;0;4;0;0;0;0;0;0.00;4;4;Arms;0;0;0;0;0
Griffin;GRF-3M;RA;12;0;1;0;0;0;0;0;0.00;4;4;Arms;0;0;0;0;0
Griffin;GRF-1E;RA;12;0;2;0;0;0;0;0;0.00;4;4;Arms;0;0;0;0;0
Griffin;GRF-1N;LA;12;0;0;0;0;0;0;0;0.00;4;4;Arms;0;0;0;0;0
Griffin;GRF-1E;LA;12;0;2;0;0;0;0;0;0.00;4;4;Arms;0;0;0;0;0
Griffin;GRF-1N;RT;12;0;0;3;0;0;0;0;0.00;0;0;None;0;0;0;0;0
Griffin;GRF-1S;RT;12;0;0;0;1;0;0;0;0.00;0;0;None;0;0;0;0;0
Griffin;GRF-3M;RT;12;0;0;4;0;0;0;0;0.00;0;0;None;0;0;0;0;0
Griffin;GRF-1E;RT;12;0;1;0;0;0;0;0;0.00;0;0;None;0;0;0;0;0
Griffin;GRF-1N;LT;12;0;0;0;1;0;0;0;0.00;0;0;None;0;0;0;0;0
Griffin;GRF-1S;LT;12;0;0;2;0;0;0;0;0.00;0;0;None;0;0;0;0;0
Griffin;GRF-3M;LT;12;0;1;0;1;0;0;0;0.00;0;0;None;0;0;0;0;0
Griffin;GRF-1N;CT;12;0;0;0;0;0;0;0;0.00;0;0;None;0;7;0;0;0
Griffin;GRF-1N;HD;6;0;0;0;0;0;0;0;0.00;0;0;None;0;0;0;0;0
Griffin;GRF-1N;RL;6;0;0;0;0;0;0;0;0.00;4;4;Legs;0;0;0;0;0
Griffin;GRF-1N;LL;6;0;0;0;0;0;0;0;0.00;4;4;Legs;0;0;0;0;0
Hellbringer;HBR-PRIME;RA;12;0;1;0;0;0;0;0;0.00;2;3;Arms;0;0;0;0;0
Hellbringer;HBR-PRIME;LA;12;0;1;0;0;0;0;0;0.00;2;3;Arms;0;0;0;0;0
Hellbringer;HBR-PRIME;RT;12;2;0;1;0;0;0;0;0.00;0;0;None;0;0;0;0;0
Hellbringer;HBR-PRIME;LT;12;0;3;0;0;1;0;0;0.00;0;0;None;0;0;0;0;0
Hellbringer;HBR-PRIME;CT;12;0;0;0;0;0;0;0;0.00;0;0;None;0;0;0;0;0
Hellbringer;HBR-PRIME;HD;6;0;0;0;1;0;0;0;0.00;0;0;None;0;0;0;0;0
Hellbringer;HBR-PRIME;RL;6;0;0;0;0;0;0;0;0.00;4;4;Legs;0;0;0;0;0
Hellbringer;HBR-PRIME;LL;6;0;0;0;0;0;0;0;0.00;4;4;Legs;0;0;0;0;0
Hellbringer;HBR-A;RA;12;1;0;0;0;0;0;0;0.00;2;3;Arms;0;0;0;0;0
Hellbringer;HBR-A;LA;12;0;2;0;0;0;0;0;0.00;2;3;Arms;0;0;0;0;0
Hellbringer;HBR-A;RT;12;2;0;1;0;0;0;0;0.00;0;0;None;0;0;0;0;0
Hellbringer;HBR-A;LT;12;0;0;1;0;0;0;0;0.00;0;0;None;0;0;0;0;0
Hellbringer;HBR-A;CT;12;0;0;0;0;0;0;0;0.00;0;0;None;0;0;0;0;0
Hellbringer;HBR-A;HD;6;0;1;0;0;0;0;0;0.00;0;0;None;0;0;0;0;0
Hellbringer;HBR-A;RL;6;0;0;0;0;0;0;0;0.00;4;4;Legs;0;0;0;0;0
Hellbringer;HBR-A;LL;6;0;0;0;0;0;0;0;0.00;4;4;Legs;0;0;0;0;0
Hellbringer;HBR-B;RA;12;1;0;0;0;0;0;0;0.00;2;3;Arms;0;0;0;0;0
Hellbringer;HBR-B;LA;12;1;0;0;0;0;0;0;0.00;2;3;Arms;0;0;0;0;0
Hellbringer;HBR-B;RT;12;0;0;2;0;0;0;0;0.00;0;0;None;0;0;0;0;0
Hellbringer;HBR-B;LT;12;0;1;0;0;0;0;0;0.00;0;0;None;0;0;0;0;0
Hellbringer;HBR-B;CT;12;0;0;0;0;0;0;0;0.00;0;0;None;0;0;0;0;0
Hellbringer;HBR-B;HD;6;0;0;0;0;0;0;0;0.00;0;0;None;0;0;0;0;0
Hellbringer;HBR-B;RL;6;0;0;0;0;0;0;0;0.00;4;4;Legs;0;0;0;0;0
Hellbringer;HBR-B;LL;6;0;0;0;0;0;0;0;0.00;4;4;Legs;0;0;0;0;0
Hellbringer;HBR-HERO;RA;12;0;0;0;0;0;0;0;0.00;2;3;Arms;0;0;0;0;0
Hellbringer;HBR-HERO;LA;12;0;0;0;0;0;0;0;0.00;2;3;Arms;0;0;0;0;0
Hellbringer;HBR-HERO;RT;12;0;0;0;0;0;0;0;0.00;0;0;None;0;0;0;0;0
Hellbringer;HBR-HERO;LT;12;0;0;0;0;0;0;0;0.00;0;0;None;0;0;0;0;0
Hellbringer;HBR-HERO;CT;12;0;0;0;0;0;0;0;0.00;0;0;None;0;0;0;0;0
Hellbringer;HBR-HERO;HD;6;0;0;0;0;0;0;0;0.00;0;0;None;0;0;0;0;0
Hellbringer;HBR-HERO;RL;6;0;0;0;0;0;0;0;0.00;4;4;Legs;0;0;0;0;0
Hellbringer;HBR-HERO;LL;6;0;0;0;0;0;0;0;0.00;4;4;Legs;0;0;0;0;0
Highlander;HGN-732;RA;12;1;0;0;0;0;0;0;0.00;3;3;Arms;0;0;0;0;0
Highlander;HGN-733C;RA;12;2;0;0;0;0;0;0;0.00;2;2;Arms;0;0;0;0;0
Highlander;HGN-733P;RA;12;0;2;0;0;0;0;0;0.00;3;3;Arms;0;0;0;0;0
Highlander;HGN-732;LA;12;0;0;2;0;0;0;0;0.00;4;4;Arms;0;0;0;0;0
Highlander;HGN-733C;LA;12;0;0;1;0;0;0;0;0.00;4;4;Arms;0;0;0;0;0
Highlander;HGN-HM;LA;12;0;3;0;0;0;0;0;0.00;4;4;Arms;0;0;0;0;0
Highlander;HGN-732;RT;12;0;3;0;0;0;0;0;0.00;0;0;None;0;0;0;0;0
Highlander;HGN-733;RT;12;0;2;0;0;0;0;0;0.00;0;0;None;0;0;0;0;0
Highlander;HGN-HM;RT;12;0;0;0;0;0;0;0;0.00;0;0;None;0;0;0;0;0
Highlander;HGN-732;LT;12;0;0;1;1;0;0;0;0.00;0;0;None;0;0;0;0;0
Highlander;HGN-733;LT;12;0;0;2;1;0;0;0;0.00;0;0;None;0;0;0;0;0
Highlander;HGN-732;CT;12;0;0;0;0;0;0;0;0.00;0;0;None;0;3;0;0;0
Highlander;HGN-733C;CT;12;0;0;0;0;0;0;0;0.00;0;0;None;0;4;0;0;0
Highlander;HGN-HM;CT;12;0;0;0;0;0;0;0;0.00;0;0;None;0;5;0;0;0
Highlander;HGN-732;HD;6;0;0;0;0;0;0;0;0.00;0;0;None;0;0;0;0;0
Highlander;HGN-732;RL;6;0;0;0;0;0;0;0;0.00;4;4;Legs;0;0;0;0;0
Highlander;HGN-732;LL;6;0;0;0;0;0;0;0;0.00;4;4;Legs;0;0;0;0;0
Hunchback;HBK-4G;RA;12;0;1;0;0;0;0;0;0.00;4;4;Arms;0;0;0;0;0
Hunchback;HBK-4SP;RA;12;0;2;0;0;0;0;0;0.00;4;4;Arms;0;0;0;0;0
Hunchback;HBK-4G;LA;12;0;1;0;0;0;0;0;0.00;4;4;Arms;0;0;0;0;0
Hunchback;HBK-4SP;LA;12;0;2;0;0;0;0;0;0.00;4;4;Arms;0;0;0;0;0
Hunchback;HBK-4G;RT;12;3;0;0;0;0;10;0;0.00;0;0;None;0;0;0;0;0
Hunchback;HBK-4H;RT;12;1;2;0;0;0;10;0;0.00;0;0;None;0;0;0;0;0
Hunchback;HBK-4J;RT;12;0;3;2;0;0;10;0;0.00;0;0;None;0;0;0;0;0
Hunchback;HBK-4P;RT;12;0;6;0;0;0;10;0;0.00;0;0;None;0;0;0;0;0
Hunchback;HBK-4SP;RT;12;0;0;1;0;0;10;0;0.00;0;0;None;0;0;0;0;0
Hunchback;HBK-GI;RT;12;2;0;0;0;0;10;0;0.00;0;0;None;0;0;0;0;0
Hunchback;HBK-4G;LT;12;0;0;0;1;0;0;0;0.00;0;0;None;0;0;0;0;0
Hunchback;HBK-4SP;LT;12;0;0;1;0;0;0;0;0.00;0;0;None;0;0;0;0;0
Hunchback;HBK-4G;CT;12;0;0;0;0;0;0;0;0.00;0;0;None;0;0;0;0;0
Hunchback;HBK-4G;HD;6;0;1;0;0;0;0;0;0.00;0;0;None;0;0;0;0;0
Hunchback;HBK-4G;RL;6;0;0;0;0;0;0;0;0.00;4;4;Legs;0;0;0;0;0
Hunchback;HBK-4G;LL;6;0;0;0;0;0;0;0;0.00;4;4;Legs;0;0;0;0;0
Huntsman;HMN-PRIME;RA;12;1;2;0;0;0;0;0;0.00;2;4;Arms;0;0;0;0;2
Huntsman;HMN-PRIME;LA;12;0;2;1;0;0;0;0;0.00;2;4;Arms;0;0;0;1;2
Huntsman;HMN-PRIME;RT;12;0;0;1;0;0;0;0;0.00;0;0;None;1;1;0;2;1
Huntsman;HMN-PRIME;LT;12;0;2;0;1;0;0;0;0.00;0;0;None;1;1;0;3;1
Huntsman;HMN-PRIME;CT;12;0;0;0;0;0;0;0;0.00;0;0;None;1;1;0;0;1
Huntsman;HMN-PRIME;HD;6;0;0;0;0;0;0;0;0.00;0;0;None;0;0;0;1;0
Huntsman;HMN-PRIME;RL;6;0;0;0;0;0;0;0;0.00;4;4;Legs;1;1;0;0;0
Huntsman;HMN-PRIME;LL;6;0;0;0;0;0;0;0;0.00;4;4;Legs;1;1;0;0;0
Huntsman;HMN-A;RA;12;1;1;0;0;0;0;0;0.00;2;4;Arms;0;0;0;0;2
Huntsman;HMN-A;LA;12;0;1;1;0;0;0;0;0.00;2;4;Arms;0;0;0;1;2
Huntsman;HMN-A;RT;12;0;0;0;0;0;0;0;0.00;0;0;None;1;1;0;2;1
Huntsman;HMN-A;LT;12;0;0;0;0;0;0;0;0.00;0;0;None;1;1;0;3;1
Huntsman;HMN-B;RA;12;0;3;0;0;0;0;0;0.00;2;4;Arms;0;0;0;0;2
Huntsman;HMN-B;LA;12;1;0;0;0;0;0;0;0.00;2;4;Arms;0;0;0;1;2
Huntsman;HMN-B;RT;12;2;0;0;0;0;0;0;0.00;0;0;None;1;1;0;2;1
Huntsman;HMN-C;RA;12;0;0;1;0;0;0;0;0.00;2;4;Arms;0;0;0;0;2
Huntsman;HMN-C;RT;12;0;1;1;0;0;0;0;0.00;0;0;None;1;1;0;2;1
Huntsman;HMN-C;LT;12;0;2;1;0;0;0;0;0.00;0;0;None;1;1;0;3;1
Huntsman;HMN-HERO;RA;12;0;0;0;0;0;0;0;0.00;2;4;Arms;0;0;0;0;2
Huntsman;HMN-HERO;LA;12;0;0;0;0;0;0;0;0.00;2;4;Arms;0;0;0;1;2
Huntsman;HMN-HERO;RT;12;0;0;0;0;0;0;0;0.00;0;0;None;1;1;0;2;1
Huntsman;HMN-HERO;LT;12;0;0;0;0;0;0;0;0.00;0;0;None;1;1;0;3;1
Huntsman;HMN-HERO;CT;12;0;0;0;0;0;0;0;0.00;0;0;None;1;1;0;0;1
Huntsman;HMN-HERO;HD;6;0;0;0;0;0;0;0;0.00;0;0;None;0;0;0;1;0
Huntsman;HMN-HERO;RL;6;0;0;0;0;0;0;0;0.00;4;4;Legs;1;1;0;0;0
Huntsman;HMN-HERO;LL;6;0;0;0;0;0;0;0;0.00;4;4;Legs;1;1;0;0;0
Ice Ferret;IFR-PRIME;RA;12;0;0;1;0;0;0;0;0.00;2;4;Arms;0;0;0;1;0
Ice Ferret;IFR-PRIME;LA;12;0;2;0;0;0;0;0;0.00;2;4;Arms;0;0;0;1;0
Ice Ferret;IFR-PRIME;RT;12;0;0;0;0;0;0;0;0.00;0;0;None;0;0;0;2;1
Ice Ferret;IFR-PRIME;LT;12;0;0;0;0;0;0;0;0.00;0;0;None;0;0;0;2;1
Ice Ferret;IFR-PRIME;CT;12;0;0;0;0;0;0;0;0.00;0;0;None;0;0;0;0;1
Ice Ferret;IFR-PRIME;HD;6;0;0;0;0;0;0;0;0.00;0;0;None;0;0;0;1;0
Ice Ferret;IFR-PRIME;RL;6;0;0;0;0;0;0;0;0.00;4;4;Legs;0;0;0;0;2
Ice Ferret;IFR-PRIME;LL;6;0;0;0;0;0;0;0;0.00;4;4;Legs;0;0;0;0;2
Ice Ferret;IFR-A;RA;12;0;1;0;1;0;0;0;0.00;2;4;Arms;0;0;0;1;0
Ice Ferret;IFR-A;LA;12;1;0;0;0;0;0;0;0.00;2;4;Arms;0;0;0;1;0
Ice Ferret;IFR-A;RT;12;0;0;0;0;0;0;0;0.00;0;0;None;0;0;0;2;1
Ice Ferret;IFR-A;LT;12;0;0;0;0;0;0;0;0.00;0;0;None;0;0;0;2;1
Ice Ferret;IFR-A;CT;12;0;1;0;0;0;0;0;0.00;0;0;None;0;0;0;0;1
Ice Ferret;IFR-A;HD;6;0;0;0;0;0;0;0;0.00;0;0;None;0;0;0;1;0
Ice Ferret;IFR-A;RL;6;0;0;0;0;0;0;0;0.00;4;4;Legs;0;0;0;0;2
Ice Ferret;IFR-A;LL;6;0;0;0;0;0;0;0;0.00;4;4;Legs;0;0;0;0;2
Ice Ferret;IFR-B;LA;12;0;1;1;0;0;0;0;0.00;2;4;Arms;0;0;0;1;0
Ice Ferret;IFR-C;RA;12;0;0;1;0;0;0;0;0.00;2;4;Arms;0;0;0;1;0
Ice Ferret;IFR-C;LA;12;0;0;1;0;0;0;0;0.00;2;4;Arms;0;0;0;1;0
Ice Ferret;IFR-C;RT;12;0;0;0;0;0;0;0;0.00;0;0;None;0;0;0;2;1
Ice Ferret;IFR-C;LT;12;0;0;1;0;0;0;0;0.00;0;0;None;0;0;0;2;1
Ice Ferret;IFR-C;CT;12;0;1;0;0;0;0;0;0.00;0;0;None;0;0;0;0;1
Ice Ferret;IFR-C;HD;6;0;0;0;0;0;0;0;0.00;0;0;None;0;0;0;1;0
Ice Ferret;IFR-C;RL;6;0;0;0;0;0;0;0;0.00;4;4;Legs;0;0;0;0;2
Ice Ferret;IFR-C;LL;6;0;0;0;0;0;0;0;0.00;4;4;Legs;0;0;0;0;2
Ice Ferret;IFR-D;RA;12;0;2;0;0;0;0;0;0.00;2;4;Arms;0;0;0;1;0
Ice Ferret;IFR-D;LA;12;0;1;0;1;0;0;0;0.00;2;4;Arms;0;0;0;1;0
Ice Ferret;IFR-HERO;RA;12;0;0;0;0;0;0;0;0.00;2;4;Arms;0;0;0;1;0
Ice Ferret;IFR-HERO;LA;12;0;0;0;0;0;0;0;0.00;2;4;Arms;0;0;0;1;0
Ice Ferret;IFR-HERO;RT;12;0;0;0;0;0;0;0;0.00;0;0;None;0;0;0;2;1
Ice Ferret;IFR-HERO;LT;12;0;0;0;0;0;0;0;0.00;0;0;None;0;0;0;2;1
Ice Ferret;IFR-HERO;CT;12;0;0;0;0;0;0;0;0.00;0;0;None;0;0;0;0;1
Ice Ferret;IFR-HERO;HD;6;0;0;0;0;0;0;0;0.00;0;0;None;0;0;0;1;0
Ice Ferret;IFR-HERO;RL;6;0;0;0;0;0;0;0;0.00;4;4;Legs;0;0;0;0;2
Ice Ferret;IFR-HERO;LL;6;0;0;0;0;0;0;0;0.00;4;4;Legs;0;0;0;0;2
Jagermech;JM6-A;RA;12;1;0;2;0;0;0;0;0.00;2;2;Arms;0;0;0;0;0
Jagermech;JM6-DD;RA;12;3;0;0;0;0;0;0;0.00;2;2;Arms;0;0;0;0;0
Jagermech;JM6-S;RA;12;2;0;0;0;0;0;0;0.00;2;2;Arms;0;0;0;0;0
Jagermech;JM6-FB;RA;12;1;1;0;0;0;0;0;0.00;2;2;Arms;0;0;0;0;0
Jagermech;JM6-A;LA;12;1;0;2;0;0;0;0;0.00;2;2;Arms;0;0;0;0;0
Jagermech;JM6-DD;LA;12;3;0;0;0;0;0;0;0.00;2;2;Arms;0;0;0;0;0
Jagermech;JM6-S;LA;12;2;0;0;0;0;0;0;0.00;2;2;Arms;0;0;0;0;0
Jagermech;JM6-FB;LA;12;1;1;0;0;0;0;0;0.00;2;2;Arms;0;0;0;0;0
Jagermech;JM6-A;RT;12;0;1;0;0;0;0;0;0.00;0;0;None;0;0;0;0;0
Jagermech;JM6-S;RT;12;0;2;0;0;0;0;0;0.00;0;0;None;0;0;0;0;0
Jagermech;JM6-A;LT;12;0;1;0;1;0;0;0;0.00;0;0;None;0;0;0;0;0
Jagermech;JM6-S;LT;12;0;2;0;1;0;0;0;0.00;0;0;None;0;0;0;0;0
Jagermech;JM6-A;CT;12;0;0;0;0;0;0;0;0.00;0;0;None;0;0;0;0;0
Jagermech;JM6-A;HD;6;0;0;0;0;0;0;0;0.00;0;0;None;0;0;0;0;0
Jagermech;JM6-A;RL;6;0;0;0;0;0;0;0;0.00;4;4;Legs;0;0;0;0;0
Jagermech;JM6-A;LL;6;0;0;0;0;0;0;0;0.00;4;4;Legs;0;0;0;0;0
Jenner;JR7-D;RA;12;0;2;0;0;0;0;0;0.00;2;2;Arms;0;0;0;0;0
Jenner;JR7-F;RA;12;0;3;0;0;0;0;0;0.00;2;2;Arms;0;0;0;0;0
Jenner;JR7-O;RA;12;0;0;1;0;0;0;0;0.00;2;2;Arms;0;0;0;0;0
Jenner;JR7-D;LA;12;0;2;0;0;0;0;0;0.00;2;2;Arms;0;0;0;0;0
Jenner;JR7-F;LA;12;0;3;0;0;0;0;0;0.00;2;2;Arms;0;0;0;0;0
Jenner;JR7-O;LA;12;0;0;1;0;0;0;0;0.00;2;2;Arms;0;0;0;0;0
Jenner;JR7-D;RT;12;0;0;0;0;0;0;0;0.00;0;0;None;0;0;0;0;0
Jenner;JR7-D;LT;12;0;0;0;1;0;0;0;0.00;0;0;None;0;0;0;0;0
Jenner;JR7-D;CT;12;0;0;2;0;0;0;0;0.00;0;0;None;0;5;0;0;0
Jenner;JR7-F;CT;12;0;0;0;0;0;0;0;0.00;0;0;None;0;5;0;0;0
Jenner;JR7-K;CT;12;0;0;1;0;0;0;0;0.00;0;0;None;0;5;0;0;0
Jenner;JR7-O;CT;12;0;0;2;0;0;0;0;0.00;0;0;None;0;0;0;0;0
Jenner;JR7-D;HD;6;0;0;0;0;0;0;0;0.00;0;0;None;0;0;0;0;0
Jenner;JR7-D;RL;6;0;0;0;0;0;0;0;0.00;4;4;Legs;0;0;0;0;0
Jenner;JR7-D;LL;6;0;0;0;0;0;0;0;0.00;4;4;Legs;0;0;0;0;0
King Crab;KGC-000;RA;12;2;0;0;0;0;0;0;0.00;2;2;Arms;0;0;0;0;0
King Crab;KGC-0000;RA;12;1;0;0;0;0;0;0;0.00;2;2;Arms;0;0;0;0;0
King Crab;KGC-000;LA;12;2;0;0;0;0;0;0;0.00;2;2;Arms;0;0;0;0;0
King Crab;KGC-0000;LA;12;1;0;0;0;0;0;0;0.00;2;2;Arms;0;0;0;0;0
King Crab;KGC-000;RT;12;0;1;0;0;0;0;0;0.00;0;0;None;0;0;0;0;0
King Crab;KGC-0000;RT;12;0;2;0;0;0;0;0;0.00;0;0;None;0;0;0;0;0
King Crab;KGC-010;RT;12;0;1;1;0;0;0;0;0.00;0;0;None;0;0;0;0;0
King Crab;KGC-000;LT;12;0;0;1;0;0;0;0;0.00;0;0;None;0;0;0;0;0
King Crab;KGC-0000;LT;12;0;0;2;0;0;0;0;0.00;0;0;None;0;0;0;0;0
King Crab;KGC-010;LT;12;0;1;1;0;0;0;0;0.00;0;0;None;0;0;0;0;0
King Crab;KGC-000;CT;12;0;0;0;0;0;0;0;0.00;0;0;None;0;0;0;0;0
King Crab;KGC-000;HD;6;0;0;0;0;0;0;0;0.00;0;0;None;0;0;0;0;0
King Crab;KGC-000;RL;6;0;0;0;0;0;0;0;0.00;4;4;Legs;0;0;0;0;0
King Crab;KGC-000;LL;6;0;0;0;0;0;0;0;0.00;4;4;Legs;0;0;0;0;0
Kingfisher;KFR-PRIME;RA;12;0;1;0;0;0;0;0;0.00;2;3;Arms;0;0;0;0;0
Kingfisher;KFR-PRIME;LA;12;0;1;1;0;0;0;0;0.00;2;3;Arms;0;0;0;0;0
Kingfisher;KFR-PRIME;RT;12;0;1;0;0;0;0;0;0.00;0;0;None;0;0;1;3;3
Kingfisher;KFR-PRIME;LT;12;0;1;1;0;0;0;0;0.00;0;0;None;0;0;0;3;4
Kingfisher;KFR-PRIME;CT;12;0;1;0;0;0;0;0;0.00;0;0;None;0;0;0;0;0
Kingfisher;KFR-PRIME;HD;6;0;0;0;0;0;0;0;0.00;0;0;None;0;0;0;1;0
Kingfisher;KFR-PRIME;RL;6;0;0;0;0;0;0;0;0.00;4;4;Legs;0;0;1;0;0
Kingfisher;KFR-PRIME;LL;6;0;0;0;0;0;0;0;0.00;4;4;Legs;0;0;1;0;0
Kingfisher;KFR-A;LT;12;0;0;1;0;0;0;0;0.00;0;0;None;0;0;0;3;4
Kingfisher;KFR-B;RA;12;1;0;0;0;0;0;0;0.00;2;3;Arms;0;0;0;0;0
Kingfisher;KFR-B;LA;12;0;3;0;0;0;0;0;0.00;2;3;Arms;0;0;0;0;0
Kingfisher;KFR-B;RT;12;0;1;0;0;0;0;0;0.00;0;0;None;0;0;1;3;3
Kingfisher;KFR-B;LT;12;0;2;0;0;0;0;0;0.00;0;0;None;0;0;0;3;4
Kingfisher;KFR-B;CT;12;0;0;0;1;0;0;0;0.00;0;0;None;0;0;0;0;0
Kingfisher;KFR-B;HD;6;0;0;0;0;0;0;0;0.00;0;0;None;0;0;0;1;0
Kingfisher;KFR-B;RL;6;0;0;0;0;0;0;0;0.00;4;4;Legs;0;0;1;0;0
Kingfisher;KFR-B;LL;6;0;0;0;0;0;0;0;0.00;4;4;Legs;0;0;1;0;0
Kingfisher;KFR-C;RA;12;0;2;0;0;0;0;0;0.00;2;3;Arms;0;0;0;0;0
Kingfisher;KFR-C;LA;12;0;2;0;0;0;0;0;0.00;2;3;Arms;0;0;0;0;0
Kingfisher;KFR-C;RT;12;0;0;0;0;0;0;0;0.00;0;0;None;0;0;1;3;3
Kingfisher;KFR-C;LT;12;0;0;0;0;0;0;0;0.00;0;0;None;0;0;0;3;4
Kingfisher;KFR-C;CT;12;0;2;0;0;0;0;0;0.00;0;0;None;0;0;0;0;0
Kingfisher;KFR-C;HD;6;0;0;0;0;0;0;0;0.00;0;0;None;0;0;0;1;0
Kingfisher;KFR-C;RL;6;0;0;0;0;0;0;0;0.00;4;4;Legs;0;0;1;0;0
Kingfisher;KFR-C;LL;6;0;0;0;0;0;0;0;0.00;4;4;Legs;0;0;1;0;0
Kingfisher;KFR-HERO;RA;12;0;0;0;0;0;0;0;0.00;2;3;Arms;0;0;0;0;0
Kingfisher;KFR-HERO;LA;12;0;0;0;0;0;0;0;0.00;2;3;Arms;0;0;0;0;0
Kingfisher;KFR-HERO;RT;12;0;0;0;0;0;0;0;0.00;0;0;None;0;0;1;3;3
Kingfisher;KFR-HERO;LT;12;0;0;0;0;0;0;0;0.00;0;0;None;0;0;0;3;4
Kingfisher;KFR-HERO;CT;12;0;0;0;0;0;0;0;0.00;0;0;None;0;0;0;0;0
Kingfisher;KFR-HERO;HD;6;0;0;0;0;0;0;0;0.00;0;0;None;0;0;0;1;0
Kingfisher;KFR-HERO;RL;6;0;0;0;0;0;0;0;0.00;4;4;Legs;0;0;1;0;0
Kingfisher;KFR-HERO;LL;6;0;0;0;0;0;0;0;0.00;4;4;Legs;0;0;1;0;0
Kintaro;KTO-18;RA;12;0;1;0;0;0;0;0;0.00;4;4;Arms;0;0;0;0;0
Kintaro;KTO-19;RA;12;0;2;0;0;0;0;0;0.00;4;4;Arms;0;0;0;0;0
Kintaro;KTO-18;LA;12;0;1;2;0;0;0;0;0.00;4;4;Arms;0;0;0;0;0
Kintaro;KTO-20;LA;12;0;0;1;0;0;0;0;0.00;4;4;Arms;0;0;0;0;0
Kintaro;KTO-18;RT;12;0;0;2;0;0;0;0;0.00;0;0;None;0;0;0;0;0
Kintaro;KTO-19;RT;12;0;0;1;0;0;0;0;0.00;0;0;None;0;0;0;0;0
Kintaro;KTO-18;LT;12;0;0;0;1;0;0;0;0.00;0;0;None;0;0;0;0;0
Kintaro;KTO-18;CT;12;0;0;1;0;0;0;0;0.00;0;0;None;0;0;0;0;0
Kintaro;KTO-20;CT;12;0;2;0;0;0;0;0;0.00;0;0;None;0;0;0;0;0
Kintaro;KTO-GB;CT;12;0;0;2;0;0;0;0;0.00;0;0;None;0;0;0;0;0
Kintaro;KTO-18;HD;6;0;0;0;0;0;0;0;0.00;0;0;None;0;0;0;0;0
Kintaro;KTO-18;RL;6;0;0;0;0;0;0;0;0.00;4;4;Legs;0;0;0;0;0
Kintaro;KTO-18;LL;6;0;0;0;0;0;0;0;0.00;4;4;Legs;0;0;0;0;0
Kit Fox;KFX-PRIME;RA;12;1;0;1;0;0;0;0;0.00;2;4;Arms;0;0;0;1;1
Kit Fox;KFX-PRIME;LA;12;0;2;0;0;0;0;0;0.00;2;4;Arms;0;0;0;1;1
Kit Fox;KFX-PRIME;RT;12;0;0;0;0;0;0;0;0.00;0;0;None;0;0;0;2;3
Kit Fox;KFX-PRIME;LT;12;0;0;0;0;0;0;0;0.00;0;0;None;0;0;2;2;2
Kit Fox;KFX-PRIME;CT;12;0;0;0;0;0;0;0;0.00;0;0;None;0;0;1;0;0
Kit Fox;KFX-PRIME;HD;6;0;0;0;0;0;0;0;0.00;0;0;None;0;0;0;1;0
Kit Fox;KFX-PRIME;RL;6;0;0;0;0;0;0;0;0.00;4;4;Legs;0;0;0;0;0
Kit Fox;KFX-PRIME;LL;6;0;0;0;0;0;0;0;0.00;4;4;Legs;0;0;0;0;0
Kit Fox;KFX-A;RA;12;1;0;0;0;0;0;0;0.00;2;4;Arms;0;0;0;1;1
Kit Fox;KFX-C;RA;12;0;1;0;3;1;0;0;0.00;2;4;Arms;0;0;0;1;1
Kit Fox;KFX-C;LA;12;2;2;0;0;0;0;0;0.00;2;4;Arms;0;0;0;1;1
Kit Fox;KFX-D;RA;12;0;0;2;0;0;0;0;0.00;2;4;Arms;0;0;0;1;1
Kit Fox;KFX-D;LA;12;0;0;2;0;0;0;0;0.00;2;4;Arms;0;0;0;1;1
Kit Fox;KFX-D;RT;12;0;0;0;0;0;0;0;0.00;0;0;None;0;0;0;2;3
Kit Fox;KFX-D;LT;12;0;0;0;0;0;0;0;0.00;0;0;None;0;0;2;2;2
Kit Fox;KFX-D;CT;12;0;0;0;0;0;0;0;0.00;0;0;None;0;0;1;0;0
Kit Fox;KFX-D;HD;6;0;0;0;0;0;0;0;0.00;0;0;None;0;0;0;1;0
Kit Fox;KFX-D;RL;6;0;0;0;0;0;0;0;0.00;4;4;Legs;0;0;0;0;0
Kit Fox;KFX-D;LL;6;0;0;0;0;0;0;0;0.00;4;4;Legs;0;0;0;0;0
Kit Fox;KFX-S;RA;12;0;2;0;0;0;0;0;0.00;2;4;Arms;0;0;0;1;1
Kit Fox;KFX-S;LA;12;0;1;1;0;0;0;0;0.00;2;4;Arms;0;0;0;1;1
Kit Fox;KFX-S;RT;12;1;0;0;0;0;0;0;0.00;0;0;None;1;1;0;2;3
Kit Fox;KFX-S;LT;12;1;0;0;0;0;0;0;0.00;0;0;None;1;1;2;2;2
Kit Fox;KFX-S;CT;12;0;0;0;0;0;0;0;0.00;0;0;None;0;0;1;0;0
Kit Fox;KFX-S;HD;6;0;0;0;0;0;0;0;0.00;0;0;None;0;0;0;1;0
Kit Fox;KFX-S;RL;6;0;0;0;0;0;0;0;0.00;4;4;Legs;2;2;0;0;0
Kit Fox;KFX-S;LL;6;0;0;0;0;0;0;0;0.00;4;4;Legs;2;2;0;0;0
Kit Fox;KFX-HERO;RA;12;0;0;0;0;0;0;0;0.00;2;4;Arms;0;0;0;1;1
Kit Fox;KFX-HERO;LA;12;0;0;0;0;0;0;0;0.00;2;4;Arms;0;0;0;2;3
Kit Fox;KFX-HERO;RT;12;0;0;0;0;0;0;0;0.00;0;0;None;0;0;2;2;2
Kit Fox;KFX-HERO;LT;12;0;0;0;0;0;0;0;0.00;0;0;None;0;0;1;0;0
Kit Fox;KFX-HERO;CT;12;0;0;0;0;0;0;0;0.00;0;0;None;0;0;0;1;0
Kit Fox;KFX-HERO;HD;6;0;0;0;0;0;0;0;0.00;0;0;None;0;0;0;0;0
Kit Fox;KFX-HERO;RL;6;0;0;0;0;0;0;0;0.00;4;4;Legs;0;0;0;0;0
Kit Fox;KFX-HERO;LL;6;0;0;0;0;0;0;0;0.00;4;4;Legs;0;0;0;0;0
Locust;LCT-1E;RA;12;0;3;0;0;0;0;0;0.00;2;2;Arms;0;0;0;0;0
Locust;LCT-1M;RA;12;0;0;1;0;0;0;0;0.00;2;2;Arms;0;0;0;0;0
Locust;LCT-1V;RA;12;2;0;0;0;0;0;0;0.00;2;2;Arms;0;0;0;0;0
Locust;LCT-3M;RA;12;0;2;0;1;0;0;0;0.00;2;2;Arms;0;0;0;0;0
Locust;LCT-3S;RA;12;0;0;2;0;0;0;0;0.00;2;2;Arms;0;0;0;0;0
Locust;LCT-1E;LA;12;0;3;0;0;0;0;0;0.00;2;2;Arms;0;0;0;0;0
Locust;LCT-1M;LA;12;0;0;1;0;0;0;0;0.00;2;2;Arms;0;0;0;0;0
Locust;LCT-1V;LA;12;2;0;0;0;0;0;0;0.00;2;2;Arms;0;0;0;0;0
Locust;LCT-3M;LA;12;0;2;0;0;0;0;0;0.00;2;2;Arms;0;0;0;0;0
Locust;LCT-3S;LA;12;0;0;2;0;0;0;0;0.00;2;2;Arms;0;0;0;0;0
Locust;LCT-1E;RT;12;0;0;0;1;0;0;0;0.00;0;0;None;0;0;0;0;0
Locust;LCT-1E;LT;12;0;0;0;0;0;0;0;0.00;0;0;None;0;0;0;0;0
Locust;LCT-1E;CT;12;0;0;0;0;0;0;0;0.00;0;0;None;0;0;0;0;0
Locust;LCT-1M;CT;12;0;2;0;0;0;0;0;0.00;0;0;None;0;0;0;0;0
Locust;LCT-1V;CT;12;0;1;0;0;0;0;0;0.00;0;0;None;0;0;0;0;0
Locust;LCT-1E;HD;6;0;0;0;0;0;0;0;0.00;0;0;None;0;0;0;0;0
Locust;LCT-1E;RL;6;0;0;0;0;0;0;0;0.00;4;4;Legs;0;0;0;0;0
Locust;LCT-1E;LL;6;0;0;0;0;0;0;0;0.00;4;4;Legs;0;0;0;0;0
Mad Dog;MDD-PRIME;RA;12;0;2;0;0;0;0;0;0.00;2;3;Arms;0;0;0;1;0
Mad Dog;MDD-PRIME;LA;12;0;2;0;0;0;0;0;0.00;2;3;Arms;0;0;0;1;0
Mad Dog;MDD-PRIME;RT;12;0;0;1;0;0;0;0;0.00;0;0;None;0;0;0;2;0
Mad Dog;MDD-PRIME;LT;12;0;0;1;0;0;0;0;0.00;0;0;None;0;0;0;2;0
Mad Dog;MDD-PRIME;CT;12;0;0;0;0;0;0;0;0.00;0;0;None;0;0;0;0;0
Mad Dog;MDD-PRIME;HD;6;0;0;0;0;0;0;0;0.00;0;0;None;0;0;0;1;0
Mad Dog;MDD-PRIME;RL;6;0;0;0;0;0;0;0;0.00;4;4;Legs;0;0;0;0;0
Mad Dog;MDD-PRIME;LL;6;0;0;0;0;0;0;0;0.00;4;4;Legs;0;0;0;0;0
Mad Dog;MDD-A;RA;12;0;1;0;0;0;0;0;0.00;2;2;Arms;0;0;0;1;0
Mad Dog;MDD-A;LA;12;1;0;0;0;0;0;0;0.00;2;2;Arms;0;0;0;1;0
Mad Dog;MDD-A;RT;12;0;0;3;0;0;0;0;0.00;0;0;None;0;0;0;2;0
Mad Dog;MDD-A;LT;12;0;0;3;0;0;0;0;0.00;0;0;None;0;0;0;2;0
Mad Dog;MDD-A;CT;12;0;0;0;0;0;0;0;0.00;0;0;None;0;0;0;0;0
Mad Dog;MDD-A;HD;6;0;0;0;0;0;0;0;0.00;0;0;None;0;0;0;1;0
Mad Dog;MDD-A;RL;6;0;0;0;0;0;0;0;0.00;4;4;Legs;0;0;0;0;0
Mad Dog;MDD-A;LL;6;0;0;0;0;0;0;0;0.00;4;4;Legs;0;0;0;0;0
Mad Dog;MDD-B;RA;12;0;3;0;0;0;0;0;0.00;2;2;Arms;0;0;0;1;0
Mad Dog;MDD-B;LA;12;0;2;0;0;0;0;0;0.00;2;2;Arms;0;0;0;1;0
Mad Dog;MDD-B;RT;12;0;0;2;0;0;0;0;0.00;0;0;None;0;0;0;2;0
Mad Dog;MDD-B;LT;12;0;0;1;0;0;0;0;0.00;0;0;None;0;0;0;2;0
Mad Dog;MDD-B;CT;12;0;0;0;0;0;0;0;0.00;0;0;None;0;0;0;0;0
Mad Dog;MDD-B;HD;6;0;0;0;0;0;0;0;0.00;0;0;None;0;0;0;1;0
Mad Dog;MDD-B;RL;6;0;0;0;0;0;0;0;0.00;4;4;Legs;0;0;0;0;0
Mad Dog;MDD-B;LL;6;0;0;0;0;0;0;0;0.00;4;4;Legs;0;0;0;0;0
Mad Dog;MDD-C;RA;12;1;0;0;0;0;0;0;0.00;2;4;Arms;0;0;0;1;0
Mad Dog;MDD-C;RT;12;0;0;0;0;0;0;0;0.00;0;0;None;0;0;0;2;0
Mad Dog;MDD-C;LT;12;0;0;0;0;0;0;0;0.00;0;0;None;0;0;0;2;0
Mad Dog;MDD-HERO;RA;12;0;0;0;0;0;0;0;0.00;2;2;Arms;0;0;0;1;0
Mad Dog;MDD-HERO;LA;12;0;0;0;0;0;0;0;0.00;2;2;Arms;0;0;0;1;0
Mad Dog;MDD-HERO;RT;12;0;0;0;0;0;0;0;0.00;0;0;None;0;0;0;2;0
Mad Dog;MDD-HERO;LT;12;0;0;0;0;0;0;0;0.00;0;0;None;0;0;0;2;0
Mad Dog;MDD-HERO;CT;12;0;0;0;0;0;0;0;0.00;0;0;None;0;0;0;0;0
Mad Dog;MDD-HERO;HD;6;0;0;0;0;0;0;0;0.00;0;0;None;0;0;0;1;0
Mad Dog;MDD-HERO;RL;6;0;0;0;0;0;0;0;0.00;4;4;Legs;0;0;0;0;0
Mad Dog;MDD-HERO;LL;6;0;0;0;0;0;0;0;0.00;4;4;Legs;0;0;0;0;0
Mist Lynx;MLX-PRIME;RA;12;0;0;1;0;0;0;0;0.00;2;4;Arms;0;0;0;1;1
Mist Lynx;MLX-PRIME;LA;12;2;0;1;0;0;0;0;0.00;2;4;Arms;0;0;0;1;1
Mist Lynx;MLX-PRIME;RT;12;0;0;0;0;0;0;0;0.00;0;0;None;3;3;1;2;1
Mist Lynx;MLX-PRIME;LT;12;0;0;0;0;0;0;0;0.00;0;0;None;3;3;2;2;1
Mist Lynx;MLX-PRIME;CT;12;0;0;0;0;0;0;0;0.00;0;0;None;0;0;0;1;1
Mist Lynx;MLX-PRIME;HD;6;0;0;0;0;0;0;0;0.00;0;0;None;0;0;0;0;0
Mist Lynx;MLX-PRIME;RL;6;0;0;0;0;0;0;0;0.00;4;4;Legs;0;0;0;0;1
Mist Lynx;MLX-PRIME;LL;6;0;0;0;0;0;0;0;0.00;4;4;Legs;0;0;0;0;1
Mist Lynx;MLX-A;RA;12;2;1;0;0;0;0;0;0.00;2;4;Arms;0;0;0;1;1
Mist Lynx;MLX-A;LA;12;0;1;0;2;0;0;0;0.00;2;4;Arms;0;0;0;1;1
Mist Lynx;MLX-B;RA;12;0;1;2;0;0;0;0;0.00;2;4;Arms;0;0;0;1;1
Mist Lynx;MLX-B;LA;12;0;2;0;0;0;0;0;0.00;2;4;Arms;0;0;0;1;1
Mist Lynx;MLX-B;RT;12;0;0;0;0;0;0;0;0.00;0;0;None;3;3;1;2;1
Mist Lynx;MLX-B;LT;12;0;0;0;0;0;0;0;0.00;0;0;None;3;3;2;2;1
Mist Lynx;MLX-B;CT;12;0;0;0;0;0;0;0;0.00;0;0;None;0;0;0;1;1
Mist Lynx;MLX-B;HD;6;0;0;0;0;0;0;0;0.00;0;0;None;0;0;0;0;0
Mist Lynx;MLX-B;RL;6;0;0;0;0;0;0;0;0.00;4;4;Legs;0;0;0;0;1
Mist Lynx;MLX-B;LL;6;0;0;0;0;0;0;0;0.00;4;4;Legs;0;0;0;0;1
Mist Lynx;MLX-C;RA;12;0;2;0;0;0;0;0;0.00;2;4;Arms;0;0;0;1;1
Mist Lynx;MLX-C;LA;12;0;0;0;1;1;0;0;0.00;2;4;Arms;0;0;0;1;1
Mist Lynx;MLX-C;RT;12;0;0;0;0;0;0;0;0.00;0;0;None;3;3;1;2;1
Mist Lynx;MLX-C;LT;12;0;0;0;0;0;0;0;0.00;0;0;None;3;3;2;2;1
Mist Lynx;MLX-C;CT;12;0;0;0;0;0;0;0;0.00;0;0;None;0;0;0;1;1
Mist Lynx;MLX-C;HD;6;0;0;0;0;0;0;0;0.00;0;0;None;0;0;0;0;0
Mist Lynx;MLX-C;RL;6;0;0;0;0;0;0;0;0.00;4;4;Legs;0;0;0;0;1
Mist Lynx;MLX-C;LL;6;0;0;0;0;0;0;0;0.00;4;4;Legs;0;0;0;0;1
Mist Lynx;MLX-D;RA;12;0;2;0;0;0;0;0;0.00;2;4;Arms;0;0;0;1;1
Mist Lynx;MLX-D;LA;12;1;0;0;0;0;0;0;0.00;2;4;Arms;0;0;0;1;1
Mist Lynx;MLX-HERO;RA;12;0;0;0;0;0;0;0;0.00;2;4;Arms;0;0;0;1;1
Mist Lynx;MLX-HERO;LA;12;0;0;0;0;0;0;0;0.00;2;4;Arms;0;0;0;1;1
Mist Lynx;MLX-HERO;RT;12;0;0;0;0;0;0;0;0.00;0;0;None;3;3;1;2;1
Mist Lynx;MLX-HERO;LT;12;0;0;0;0;0;0;0;0.00;0;0;None;3;3;2;2;1
Mist Lynx;MLX-HERO;CT;12;0;0;0;0;0;0;0;0.00;0;0;None;0;0;0;1;1
Mist Lynx;MLX-HERO;HD;6;0;0;0;0;0;0;0;0.00;0;0;None;0;0;0;0;0
Mist Lynx;MLX-HERO;RL;6;0;0;0;0;0;0;0;0.00;4;4;Legs;0;0;0;0;1
Mist Lynx;MLX-HERO;LL;6;0;0;0;0;0;0;0;0.00;4;4;Legs;0;0;0;0;1
Nova;NVA-PRIME;RA;12;0;6;0;0;0;0;0;0.00;2;4;Arms;0;0;0;0;0
Nova;NVA-PRIME;LA;12;0;6;0;0;0;0;0;0.00;2;4;Arms;0;0;0;0;0
Nova;NVA-PRIME;RT;12;0;0;0;0;0;0;0;0.00;0;0;None;0;0;2;0;0
Nova;NVA-PRIME;LT;12;0;0;0;0;0;0;0;0.00;0;0;None;0;0;2;0;0
Nova;NVA-PRIME;CT;12;0;0;0;0;0;0;0;0.00;0;0;None;1;1;0;0;0
Nova;NVA-PRIME;HD;6;0;0;0;0;0;0;0;0.00;0;0;None;0;0;0;0;0
Nova;NVA-PRIME;RL;6;0;0;0;0;0;0;0;0.00;4;4;Legs;2;2;0;0;0
Nova;NVA-PRIME;LL;6;0;0;0;0;0;0;0;0.00;4;4;Legs;2;2;0;0;0
Nova;NVA-A;RA;12;0;1;0;0;0;0;0;0.00;2;4;Arms;0;0;0;0;0
Nova;NVA-A;LA;12;0;1;0;0;0;0;0;0.00;2;4;Arms;0;0;0;0;0
Nova;NVA-A;RT;12;0;0;0;0;1;0;0;0.00;0;0;None;0;0;2;0;0
Nova;NVA-A;LT;12;0;1;0;0;0;0;0;0.00;0;0;None;0;0;2;0;0
Nova;NVA-B;RA;12;1;0;0;0;0;0;0;0.00;2;2;Arms;0;0;0;0;0
Nova;NVA-B;LA;12;0;1;0;0;0;0;0;0.00;2;4;Arms;0;0;0;0;0
Nova;NVA-B;RT;12;0;1;0;0;0;0;0;0.00;0;0;None;0;0;2;0;0
Nova;NVA-B;LT;12;2;0;0;0;0;0;0;0.00;0;0;None;0;0;2;0;0
Nova;NVA-B;CT;12;0;0;0;0;0;0;0;0.00;0;0;None;1;1;0;0;0
Nova;NVA-B;HD;6;0;0;0;0;0;0;0;0.00;0;0;None;0;0;0;0;0
Nova;NVA-B;RL;6;0;0;0;0;0;0;0;0.00;4;4;Legs;2;2;0;0;0
Nova;NVA-B;LL;6;0;0;0;0;0;0;0;0.00;4;4;Legs;2;2;0;0;0
Nova;NVA-C;RA;12;0;0;0;0;0;0;0;0.00;2;4;Arms;0;0;0;0;0
Nova;NVA-C;LA;12;1;0;0;0;0;0;0;0.00;2;4;Arms;0;0;0;0;0
Nova;NVA-C;LT;12;0;0;1;0;0;0;0;0.00;0;0;None;0;0;2;0;0
Nova;NVA-D;RA;12;0;0;1;0;0;0;0;0.00;2;4;Arms;0;0;0;0;0
Nova;NVA-S;RA;12;0;3;0;0;0;0;0;0.00;2;4;Arms;0;0;0;0;0
Nova;NVA-S;LA;12;0;3;0;0;0;0;0;0.00;2;4;Arms;0;0;0;0;0
Nova;NVA-S;RT;12;2;0;0;0;0;0;0;0.00;0;0;None;0;0;2;0;0
Nova;NVA-S;LT;12;2;0;0;0;0;0;0;0.00;0;0;None;0;0;2;0;0
Nova;NVA-S;CT;12;0;0;0;1;0;0;0;0.00;0;0;None;1;1;0;0;0
Nova;NVA-S;HD;6;0;0;0;0;0;0;0;0.00;0;0;None;0;0;0;0;0
Nova;NVA-S;RL;6;0;0;0;0;0;0;0;0.00;4;4;Legs;2;2;0;0;0
Nova;NVA-S;LL;6;0;0;0;0;0;0;0;0.00;4;4;Legs;2;2;0;0;0
Nova;NVA-HERO;RA;12;0;0;0;0;0;0;0;0.00;2;4;Arms;0;0;0;0;0
Nova;NVA-HERO;LA;12;0;0;0;0;0;0;0;0.00;2;4;Arms;0;0;0;0;0
Nova;NVA-HERO;RT;12;0;0;0;0;0;0;0;0.00;0;0;None;0;0;2;0;0
Nova;NVA-HERO;LT;12;0;0;0;0;0;0;0;0.00;0;0;None;0;0;2;0;0
Nova;NVA-HERO;CT;12;0;0;0;0;0;0;0;0.00;0;0;None;1;1;0;0;0
Nova;NVA-HERO;HD;6;0;0;0;0;0;0;0;0.00;0;0;None;0;0;0;0;0
Nova;NVA-HERO;RL;6;0;0;0;0;0;0;0;0.00;4;4;Legs;2;2;0;0;0
Nova;NVA-HERO;LL;6;0;0;0;0;0;0;0;0.00;4;4;Legs;2;2;0;0;0
Orion;ON1-K;RA;12;0;2;0;0;0;0;0;0.00;3;3;Arms;0;0;0;0;0
Orion;ON1-V;RA;12;0;1;1;0;0;0;0;0.00;3;3;Arms;0;0;0;0;0
Orion;ON1-VA;RA;12;0;1;2;0;0;0;0;0.00;3;3;Arms;0;0;0;0;0
Orion;ON1-P;RA;12;0;1;0;0;0;0;0;0.00;3;3;Arms;0;0;0;0;0
Orion;ON1-K;LA;12;0;2;0;0;0;0;0;0.00;3;3;Arms;0;0;0;0;0
Orion;ON1-M;LA;12;0;1;1;0;0;0;0;0.00;3;3;Arms;0;0;0;0;0
Orion;ON1-VA;LA;12;0;1;2;0;0;0;0;0.00;3;3;Arms;0;0;0;0;0
Orion;ON1-P;LA;12;0;1;0;0;0;0;0;0.00;3;3;Arms;0;0;0;0;0
Orion;ON1-K;RT;12;1;0;0;0;0;0;0;0.00;0;0;None;0;0;0;0;0
Orion;ON1-V;RT;12;2;0;0;0;0;0;0;0.00;0;0;None;0;0;0;0;0
Orion;ON1-K;LT;12;0;0;2;1;0;0;0;0.00;0;0;None;0;0;0;0;0
Orion;ON1-M;LT;12;0;0;1;1;0;0;0;0.00;0;0;None;0;0;0;0;0
Orion;ON1-VA;LT;12;0;0;0;1;0;0;0;0.00;0;0;None;0;0;0;0;0
Orion;ON1-P;LT;12;0;1;2;1;0;0;0;0.00;0;0;None;0;0;0;0;0
Orion;ON1-K;CT;12;0;0;0;0;0;0;0;0.00;0;0;None;0;0;0;0;0
Orion;ON1-M;CT;12;0;0;1;0;0;0;0;0.00;0;0;None;0;0;0;0;0
Orion;ON1-K;HD;6;0;0;0;0;0;0;0;0.00;0;0;None;0;0;0;0;0
Orion;ON1-K;RL;6;0;0;0;0;0;0;0;0.00;4;4;Legs;0;0;0;0;0
Orion;ON1-K;LL;6;0;0;0;0;0;0;0;0.00;4;4;Legs;0;0;0;0;0
Pouncer;PNC-PRIME;RA;12;0;1;0;0;0;0;0;0.00;2;3;Arms;0;0;1;1;0
Pouncer;PNC-PRIME;LA;12;0;1;0;0;0;0;0;0.00;2;3;Arms;0;0;1;1;0
Pouncer;PNC-PRIME;RT;12;0;0;0;0;0;0;0;0.00;0;0;None;2;2;1;2;1
Pouncer;PNC-PRIME;LT;12;0;1;0;0;0;0;0;0.00;0;0;None;2;2;0;2;1
Pouncer;PNC-PRIME;CT;12;0;0;0;0;0;0;0;0.00;0;0;None;1;1;0;0;1
Pouncer;PNC-PRIME;HD;6;0;0;0;0;0;0;0;0.00;0;0;None;0;0;0;1;0
Pouncer;PNC-PRIME;RL;6;0;0;0;0;0;0;0;0.00;4;4;Legs;0;0;0;0;2
Pouncer;PNC-PRIME;LL;6;0;0;0;0;0;0;0;0.00;4;4;Legs;0;0;0;0;2
Pouncer;PNC-A;RA;12;0;0;1;0;0;0;0;0.00;2;3;Arms;0;0;1;1;0
Pouncer;PNC-A;LA;12;0;0;1;0;0;0;0;0.00;2;3;Arms;0;0;1;1;0
Pouncer;PNC-A;RT;12;0;3;0;0;0;0;0;0.00;0;0;None;2;2;1;2;1
Pouncer;PNC-A;LT;12;0;2;0;0;0;0;0;0.00;0;0;None;2;2;0;2;1
Pouncer;PNC-B;RA;12;0;1;1;0;0;0;0;0.00;2;3;Arms;0;0;1;1;0
Pouncer;PNC-B;LA;12;0;1;1;0;0;0;0;0.00;2;3;Arms;0;0;1;1;0
Pouncer;PNC-B;RT;12;0;0;1;0;0;0;0;0.00;0;0;None;2;2;1;2;1
Pouncer;PNC-B;LT;12;0;0;0;0;0;0;0;0.00;0;0;None;2;2;0;2;1
Pouncer;PNC-C;RA;12;1;0;0;0;0;0;0;0.00;2;3;Arms;0;0;1;1;0
Pouncer;PNC-C;LA;12;0;3;0;0;0;0;0;0.00;2;3;Arms;0;0;1;1;0
Pouncer;PNC-C;RT;12;0;1;0;0;0;0;0;0.00;0;0;None;2;2;1;2;1
Pouncer;PNC-D;RA;12;0;3;0;0;0;0;0;0.00;2;3;Arms;0;0;1;1;0
Pouncer;PNC-D;LT;12;0;1;1;0;0;0;0;0.00;0;0;None;2;2;0;2;1
Pouncer;PNC-HERO;RA;12;0;0;0;0;0;0;0;0.00;2;3;Arms;0;0;1;1;0
Pouncer;PNC-HERO;LA;12;0;0;0;0;0;0;0;0.00;2;3;Arms;0;0;1;1;0
Pouncer;PNC-HERO;RT;12;0;0;0;0;0;0;0;0.00;0;0;None;2;2;1;2;1
Pouncer;PNC-HERO;LT;12;0;0;0;0;0;0;0;0.00;0;0;None;2;2;0;2;1
Pouncer;PNC-HERO;CT;12;0;0;0;0;0;0;0;0.00;0;0;None;1;1;0;0;1
Pouncer;PNC-HERO;HD;6;0;0;0;0;0;0;0;0.00;0;0;None;0;0;0;1;0
Pouncer;PNC-HERO;RL;6;0;0;0;0;0;0;0;0.00;4;4;Legs;0;0;0;0;2
Pouncer;PNC-HERO;LL;6;0;0;0;0;0;0;0;0.00;4;4;Legs;0;0;0;0;2
Quickdraw;QKD-4G;RA;12;0;1;0;0;0;0;0;0.00;4;4;Arms;0;0;0;0;0
Quickdraw;QKD-IV4;RA;12;1;0;0;0;0;0;0;0.00;4;4;Arms;0;0;0;0;0
Quickdraw;QKD-4G;LA;12;0;1;0;0;0;0;0;0.00;4;4;Arms;0;0;0;0;0
Quickdraw;QKD-IV4;LA;12;1;0;0;0;0;0;0;0.00;4;4;Arms;0;0;0;0;0
Quickdraw;QKD-4G;RT;12;0;2;0;0;0;0;0;0.00;0;0;None;0;0;0;0;0
Quickdraw;QKD-IV4;RT;12;0;0;1;0;0;0;0;0.00;0;0;None;0;0;0;0;0
Quickdraw;QKD-4G;LT;12;0;0;1;1;0;0;0;0.00;0;0;None;0;0;0;0;0
Quickdraw;QKD-4H;LT;12;0;0;2;1;0;0;0;0.00;0;0;None;0;0;0;0;0
Quickdraw;QKD-5K;LT;12;0;2;0;1;0;0;0;0.00;0;0;None;0;0;0;0;0
Quickdraw;QKD-4G;CT;12;0;0;1;0;0;0;0;0.00;0;0;None;0;7;0;0;0
Quickdraw;QKD-4H;CT;12;0;0;1;0;0;0;0;0.00;0;0;None;0;5;0;0;0
Quickdraw;QKD-IV4;CT;12;0;2;0;0;0;0;0;0.00;0;0;None;0;4;0;0;0
Quickdraw;QKD-4G;HD;6;0;0;0;0;0;0;0;0.00;0;0;None;0;0;0;0;0
Quickdraw;QKD-4G;RL;6;0;0;0;0;0;0;0;0.00;4;4;Legs;0;0;0;0;0
Quickdraw;QKD-4G;LL;6;0;0;0;0;0;0;0;0.00;4;4;Legs;0;0;0;0;0
Raven;RVN-2X;RA;12;0;2;0;0;0;0;0;0.00;2;2;Arms;0;0;0;0;0
Raven;RVN-H;RA;12;2;0;0;0;0;0;0;0.00;2;2;Arms;0;0;0;0;0
Raven;RVN-2X;LA;12;0;0;0;0;0;0;0;0.00;2;2;Arms;0;0;0;0;0
Raven;RVN-3L;LA;12;0;0;1;0;0;0;0;0.00;2;2;Arms;0;0;0;0;0
Raven;RVN-4X;LA;12;2;0;0;0;0;0;0;0.00;2;2;Arms;0;0;0;0;0
Raven;RVN-2X;RT;12;0;0;1;0;0;0;0;0.00;0;0;None;0;0;0;0;0
Raven;RVN-3L;RT;12;0;1;1;0;0;0;0;0.00;0;0;None;0;0;0;0;0
Raven;RVN-2X;LT;12;0;2;0;1;0;0;0;0.00;0;0;None;0;0;0;0;0
Raven;RVN-3L;LT;12;0;0;0;1;1;0;0;0.00;0;0;None;0;0;0;0;0
Raven;RVN-4X;LT;12;0;0;0;1;0;0;0;0.00;0;0;None;0;0;0;0;0
Raven;RVN-H;LT;12;0;0;1;1;0;0;0;0.00;0;0;None;0;0;0;0;0
Raven;RVN-2X;CT;12;0;0;0;0;0;0;0;0.00;0;0;None;0;0;0;0;0
Raven;RVN-4X;CT;12;0;0;0;0;0;0;0;0.00;0;0;None;0;5;0;0;0
Raven;RVN-H;CT;12;0;0;0;0;0;0;0;0.00;0;0;None;0;5;0;0;0
Raven;RVN-2X;HD;6;0;0;0;0;0;0;0;0.00;0;0;None;0;2;0;0;0
Raven;RVN-2X;RL;6;0;0;0;0;0;0;0;0.00;4;4;Legs;0;0;0;0;0
Raven;RVN-2X;LL;6;0;0;0;0;0;0;0;0.00;4;4;Legs;0;0;0;0;0
Shadow Cat;SCT-PRIME;RA;12;1;0;0;0;0;0;0;0.00;2;2;Arms;0;0;0;0;2
Shadow Cat;SCT-PRIME;LA;12;0;1;0;0;0;0;0;0.00;2;2;Arms;0;0;0;0;2
Shadow Cat;SCT-PRIME;RT;12;0;1;0;0;0;0;0;0.00;0;0;None;1;1;0;4;1
Shadow Cat;SCT-PRIME;LT;12;0;0;0;0;0;0;0;0.00;0;0;None;1;1;0;3;1
Shadow Cat;SCT-PRIME;CT;12;0;0;0;0;0;0;0;0.00;0;0;None;0;0;0;0;0
Shadow Cat;SCT-PRIME;HD;6;0;0;0;0;0;0;0;0.00;0;0;None;0;0;0;0;1
Shadow Cat;SCT-PRIME;RL;6;0;0;0;0;0;0;0;0.00;4;4;Legs;2;2;0;0;0
Shadow Cat;SCT-PRIME;LL;6;0;0;0;0;0;0;0;0.00;4;4;Legs;2;2;0;0;0
Shadow Cat;SCT-A;RA;12;0;1;0;0;0;0;0;0.00;2;2;Arms;0;0;0;0;2
Shadow Cat;SCT-A;LA;12;0;1;0;0;0;0;0;0.00;2;2;Arms;0;0;0;0;2
Shadow Cat;SCT-A;RT;12;0;0;1;0;0;0;0;0.00;0;0;None;1;1;0;4;1
Shadow Cat;SCT-A;LT;12;0;0;0;0;0;0;0;0.00;0;0;None;1;1;0;3;1
Shadow Cat;SCT-A;CT;12;0;0;0;0;0;0;0;0.00;0;0;None;0;0;0;0;0
Shadow Cat;SCT-A;HD;6;0;0;0;0;0;0;0;0.00;0;0;None;0;0;0;0;1
Shadow Cat;SCT-A;RL;6;0;0;0;0;0;0;0;0.00;4;4;Legs;2;2;0;0;0
Shadow Cat;SCT-A;LL;6;0;0;0;0;0;0;0;0.00;4;4;Legs;2;2;0;0;0
Shadow Cat;SCT-B;RA;12;0;1;1;0;0;0;0;0.00;2;2;Arms;0;0;0;0;2
Shadow Cat;SCT-B;LA;12;0;1;1;0;0;0;0;0.00;2;2;Arms;0;0;0;0;2
Shadow Cat;SCT-B;RT;12;0;0;0;0;0;0;0;0.00;0;0;None;1;1;0;4;1
Shadow Cat;SCT-B;LT;12;0;0;0;0;1;0;0;0.00;0;0;None;1;1;0;3;1
Shadow Cat;SCT-B;CT;12;0;0;0;0;0;0;0;0.00;0;0;None;0;0;0;0;0
Shadow Cat;SCT-B;HD;6;0;0;0;0;0;0;0;0.00;0;0;None;0;0;0;0;1
Shadow Cat;SCT-B;RL;6;0;0;0;0;0;0;0;0.00;4;4;Legs;2;2;0;0;0
Shadow Cat;SCT-B;LL;6;0;0;0;0;0;0;0;0.00;4;4;Legs;2;2;0;0;0
Shadow Cat;SCT-HERO;RA;12;0;0;0;0;0;0;0;0.00;2;2;Arms;0;0;0;0;2
Shadow Cat;SCT-HERO;LA;12;0;0;0;0;0;0;0;0.00;2;2;Arms;0;0;0;0;2
Shadow Cat;SCT-HERO;RT;12;0;0;0;0;0;0;0;0.00;0;0;None;1;1;0;4;1
Shadow Cat;SCT-HERO;LT;12;0;0;0;0;0;0;0;0.00;0;0;None;1;1;0;3;1
Shadow Cat;SCT-HERO;CT;12;0;0;0;0;0;0;0;0.00;0;0;None;0;0;0;0;0
Shadow Cat;SCT-HERO;HD;6;0;0;0;0;0;0;0;0.00;0;0;None;0;0;0;0;1
Shadow Cat;SCT-HERO;RL;6;0;0;0;0;0;0;0;0.00;4;4;Legs;2;2;0;0;0
Shadow Cat;SCT-HERO;LL;6;0;0;0;0;0;0;0;0.00;4;4;Legs;2;2;0;0;0
Shadow Hawk;SHD-2D;RA;12;0;1;0;0;0;0;0;0.00;4;4;Arms;0;0;0;0;0
Shadow Hawk;SHD-2K;RA;12;0;0;0;0;0;0;0;0.00;4;4;Arms;0;0;0;0;0
Shadow Hawk;SHD-5M;RA;12;0;2;0;0;0;0;0;0.00;4;4;Arms;0;0;0;0;0
Shadow Hawk;SHD-2D;LA;12;0;2;0;0;0;0;0;0.00;4;4;Arms;0;0;0;0;0
Shadow Hawk;SHD-2D2;LA;12;0;1;0;0;0;0;0;0.00;4;4;Arms;0;0;0;0;0
Shadow Hawk;SHD-2H;LA;12;0;0;0;0;0;0;0;0.00;4;4;Arms;0;0;0;0;0
Shadow Hawk;SHD-2D;RT;12;0;0;1;0;0;0;0;0.00;0;0;None;0;0;0;0;0
Shadow Hawk;SHD-2D2;RT;12;0;0;2;0;0;0;0;0.00;0;0;None;0;0;0;0;0
Shadow Hawk;SHD-2K;RT;12;0;0;3;0;0;0;0;0.00;0;0;None;0;0;0;0;0
Shadow Hawk;SHD-2D;LT;12;1;0;0;1;0;0;0;0.00;0;0;None;0;0;0;0;0
Shadow Hawk;SHD-2H;LT;12;3;0;0;1;0;0;0;0.00;0;0;None;0;0;0;0;0
Shadow Hawk;SHD-2K;LT;12;0;3;0;1;0;0;0;0.00;0;0;None;0;0;0;0;0
Shadow Hawk;SHD-5M;LT;12;2;0;0;1;0;0;0;0.00;0;0;None;0;0;0;0;0
Shadow Hawk;SHD-2D;CT;12;0;0;1;0;0;0;0;0.00;0;0;None;0;3;0;0;0
Shadow Hawk;SHD-2H;CT;12;0;0;0;0;0;0;0;0.00;0;0;None;0;3;0;0;0
Shadow Hawk;SHD-2K;CT;12;0;0;0;0;0;0;0;0.00;0;0;None;0;5;0;0;0
Shadow Hawk;SHD-2D;HD;6;0;0;1;0;0;0;0;0.00;0;0;None;0;0;0;0;0
Shadow Hawk;SHD-2K;HD;6;0;0;0;0;0;0;0;0.00;0;0;None;0;0;0;0;0
Shadow Hawk;SHD-2D;RL;6;0;0;0;0;0;0;0;0.00;4;4;Legs;0;0;0;0;0
Shadow Hawk;SHD-2D;LL;6;0;0;0;0;0;0;0;0.00;4;4;Legs;0;0;0;0;0
Spider;SDR-5D;RA;12;0;2;0;0;0;0;0;0.00;4;4;Arms;0;0;0;0;0
Spider;SDR-5K;RA;12;2;0;0;0;0;0;0;0.00;4;4;Arms;0;0;0;0;0
Spider;SDR-5V;RA;12;0;0;0;0;0;0;0;0.00;4;4;Arms;0;0;0;0;0
Spider;SDR-A;RA;12;1;1;0;0;0;0;0;0.00;4;4;Arms;0;0;0;0;0
Spider;SDR-5D;LA;12;0;0;0;0;0;0;0;0.00;4;4;Arms;0;0;0;0;0
Spider;SDR-5K;LA;12;2;0;0;0;0;0;0;0.00;4;4;Arms;0;0;0;0;0
Spider;SDR-A;LA;12;1;1;0;0;0;0;0;0.00;4;4;Arms;0;0;0;0;0
Spider;SDR-5D;RT;12;0;0;0;0;0;0;0;0.00;0;0;None;0;0;0;0;0
Spider;SDR-A;RT;12;0;0;0;1;0;0;0;0.00;0;0;None;0;0;0;0;0
Spider;SDR-5D;LT;12;0;0;0;1;1;0;0;0.00;0;0;None;0;0;0;0;0
Spider;SDR-5K;LT;12;0;0;0;1;0;0;0;0.00;0;0;None;0;0;0;0;0
Spider;SDR-5D;CT;12;0;1;0;0;0;0;0;0.00;0;0;None;0;8;0;0;0
Spider;SDR-5K;CT;12;0;1;0;0;0;0;0;0.00;0;0;None;0;6;0;0;0
Spider;SDR-5V;CT;12;0;2;0;0;0;0;0;0.00;0;0;None;0;12;0;0;0
Spider;SDR-A;CT;12;0;0;1;0;0;0;0;0.00;0;0;None;0;6;0;0;0
Spider;SDR-5D;HD;6;0;0;0;0;0;0;0;0.00;0;0;None;0;0;0;0;0
Spider;SDR-5D;RL;6;0;0;0;0;0;0;0;0.00;4;4;Legs;0;0;0;0;0
Spider;SDR-5D;LL;6;0;0;0;0;0;0;0;0.00;4;4;Legs;0;0;0;0;0
Stalker;STK-3F;RA;12;0;2;1;0;0;0;0;0.00;2;2;Arms;0;0;0;0;0
Stalker;STK-M;RA;12;0;2;0;0;0;0;0;0.00;2;2;Arms;0;0;0;0;0
Stalker;STK-3F;LA;12;0;2;1;0;0;0;0;0.00;2;2;Arms;0;0;0;0;0
Stalker;STK-4N;LA;12;0;2;0;0;0;0;0;0.00;2;2;Arms;0;0;0;0;0
Stalker;STK-3F;RT;12;0;1;1;1;0;0;0;0.00;0;0;None;0;0;0;0;0
Stalker;STK-3H;RT;12;0;0;1;1;0;0;0;0.00;0;0;None;0;0;0;0;0
Stalker;STK-3F;LT;12;0;1;1;0;0;0;0;0.00;0;0;None;0;0;0;0;0
Stalker;STK-3H;LT;12;0;0;1;0;0;0;0;0.00;0;0;None;0;0;0;0;0
Stalker;STK-5M;LT;12;0;0;2;0;0;0;0;0.00;0;0;None;0;0;0;0;0
Stalker;STK-5S;LT;12;0;1;1;1;0;0;0;0.00;0;0;None;0;0;0;0;0
Stalker;STK-M;LT;12;1;0;0;0;0;0;0;0.00;0;0;None;0;0;0;0;0
Stalker;STK-3F;CT;12;0;0;0;0;0;0;0;0.00;0;0;None;0;0;0;0;0
Stalker;STK-5M;CT;12;0;1;0;0;0;0;0;0.00;0;0;None;0;0;0;0;0
Stalker;STK-3F;HD;6;0;0;0;0;0;0;0;0.00;0;0;None;0;0;0;0;0
Stalker;STK-3F;RL;6;0;0;0;0;0;0;0;0.00;4;4;Legs;0;0;0;0;0
Stalker;STK-3F;LL;6;0;0;0;0;0;0;0;0.00;4;4;Legs;0;0;0;0;0
Stooping Hawk;SPK-PRIME;RA;12;0;2;0;0;0;0;0;0.00;2;4;Arms;0;0;0;0;3
Stooping Hawk;SPK-PRIME;LA;12;0;2;0;0;0;0;0;0.00;2;4;Arms;0;0;0;3;0
Stooping Hawk;SPK-PRIME;RT;12;1;0;0;0;0;0;0;0.00;0;0;None;0;2;0;0;2
Stooping Hawk;SPK-PRIME;LT;12;0;0;0;0;0;0;0;0.00;0;0;None;0;2;0;2;0
Stooping Hawk;SPK-PRIME;CT;12;0;0;0;0;0;0;0;0.00;0;0;None;0;1;0;0;0
Stooping Hawk;SPK-PRIME;HD;6;0;0;0;0;0;0;0;0.00;0;0;None;0;0;0;0;0
Stooping Hawk;SPK-PRIME;RL;6;0;0;0;0;0;0;0;0.00;4;4;Legs;0;0;0;0;2
Stooping Hawk;SPK-PRIME;LL;6;0;0;0;0;0;0;0;0.00;4;4;Legs;0;0;0;2;0
Stooping Hawk;SPK-A;LT;12;0;1;0;0;0;0;0;0.00;0;0;None;2;2;0;2;0
Stooping Hawk;SPK-B;RA;12;0;0;1;0;0;0;0;0.00;2;4;Arms;0;0;0;0;3
Stooping Hawk;SPK-B;LA;12;0;0;0;0;0;0;0;0.00;2;4;Arms;0;0;0;3;0
Stooping Hawk;SPK-B;RT;12;0;0;1;0;0;0;0;0.00;0;0;None;0;0;0;0;2
Stooping Hawk;SPK-B;LT;12;0;0;1;0;0;0;0;0.00;0;0;None;0;0;0;2;0
Stooping Hawk;SPK-B;CT;12;0;0;0;0;0;0;0;0.00;0;0;None;0;0;0;0;0
Stooping Hawk;SPK-B;HD;6;0;1;0;0;0;0;0;0.00;0;0;None;0;0;0;0;0
Stooping Hawk;SPK-B;RL;6;0;0;0;0;0;0;0;0.00;4;4;Legs;0;0;0;0;2
Stooping Hawk;SPK-B;LL;6;0;0;0;0;0;0;0;0.00;4;4;Legs;0;0;0;2;0
Stooping Hawk;SPK-C;RA;12;0;0;0;0;0;0;0;0.00;2;4;Arms;0;0;0;0;3
Stooping Hawk;SPK-C;LA;12;0;1;0;0;0;0;0;0.00;2;4;Arms;0;0;0;3;0
Stooping Hawk;SPK-C;RT;12;0;1;0;0;0;0;0;0.00;0;0;None;2;2;0;0;2
Stooping Hawk;SPK-C;LT;12;0;0;0;0;0;0;0;0.00;0;0;None;2;2;0;2;0
Stooping Hawk;SPK-C;CT;12;0;1;0;0;0;0;0;0.00;0;0;None;1;1;0;0;0
Stooping Hawk;SPK-C;HD;6;0;1;0;0;0;0;0;0.00;0;0;None;0;0;0;0;0
Stooping Hawk;SPK-C;RL;6;0;0;0;0;0;0;0;0.00;4;4;Legs;0;0;0;0;2
Stooping Hawk;SPK-C;LL;6;0;0;0;0;0;0;0;0.00;4;4;Legs;0;0;0;2;0
Stooping Hawk;SPK-HERO;RA;12;0;0;0;0;0;0;0;0.00;2;4;Arms;0;0;0;0;3
Stooping Hawk;SPK-HERO;LA;12;0;0;0;0;0;0;0;0.00;2;4;Arms;0;0;0;3;0
Stooping Hawk;SPK-HERO;RT;12;0;0;0;0;0;0;0;0.00;0;0;None;0;0;0;0;2
Stooping Hawk;SPK-HERO;LT;12;0;0;0;0;0;0;0;0.00;0;0;None;0;0;0;2;0
Stooping Hawk;SPK-HERO;CT;12;0;0;0;0;0;0;0;0.00;0;0;None;0;0;0;0;0
Stooping Hawk;SPK-HERO;HD;6;0;0;0;0;0;0;0;0.00;0;0;None;0;0;0;0;0
Stooping Hawk;SPK-HERO;RL;6;0;0;0;0;0;0;0;0.00;4;4;Legs;0;0;0;0;2
Stooping Hawk;SPK-HERO;LL;6;0;0;0;0;0;0;0;0.00;4;4;Legs;0;0;0;2;0
Stormcrow;SCR-PRIME;RA;12;0;2;0;0;0;0;0;0.00;2;4;Arms;0;0;0;0;0
Stormcrow;SCR-PRIME;LA;12;0;2;0;0;0;0;0;0.00;2;4;Arms;0;0;0;0;0
Stormcrow;SCR-PRIME;RT;12;0;0;0;1;0;0;0;0.00;0;0;None;0;0;0;3;1
Stormcrow;SCR-PRIME;LT;12;0;0;0;0;0;0;0;0.00;0;0;None;0;0;0;3;1
Stormcrow;SCR-PRIME;CT;12;0;0;0;0;0;0;0;0.00;0;0;None;0;0;0;1;1
Stormcrow;SCR-PRIME;HD;6;0;1;0;0;0;0;0;0.00;0;0;None;0;0;0;0;0
Stormcrow;SCR-PRIME;RL;6;0;0;0;0;0;0;0;0.00;4;4;Legs;0;0;0;0;2
Stormcrow;SCR-PRIME;LL;6;0;0;0;0;0;0;0;0.00;4;4;Legs;0;0;0;0;2
Stormcrow;SCR-A;LA;12;0;4;0;0;0;0;0;0.00;2;4;Arms;0;0;0;0;0
Stormcrow;SCR-A;LT;12;0;0;1;0;0;0;0;0.00;0;0;None;0;0;0;3;1
Stormcrow;SCR-B;RA;12;0;6;0;0;0;0;0;0.00;2;4;Arms;0;0;0;0;0
Stormcrow;SCR-C;RA;12;0;1;0;0;0;0;0;0.00;2;4;Arms;0;0;0;0;0
Stormcrow;SCR-C;LA;12;1;0;0;0;0;0;0;0.00;2;4;Arms;0;0;0;0;0
Stormcrow;SCR-C;RT;12;0;1;0;0;0;0;0;0.00;0;0;None;0;0;0;3;1
Stormcrow;SCR-C;LT;12;0;1;0;0;0;0;0;0.00;0;0;None;0;0;0;3;1
Stormcrow;SCR-C;CT;12;0;0;0;0;0;0;0;0.00;0;0;None;0;0;0;1;1
Stormcrow;SCR-C;HD;6;0;0;0;0;0;0;0;0.00;0;0;None;0;0;0;0;0
Stormcrow;SCR-C;RL;6;0;0;0;0;0;0;0;0.00;4;4;Legs;0;0;0;0;2
Stormcrow;SCR-C;LL;6;0;0;0;0;0;0;0;0.00;4;4;Legs;0;0;0;0;2
Stormcrow;SCR-D;RA;12;0;0;1;0;0;0;0;0.00;2;4;Arms;0;0;0;0;0
Stormcrow;SCR-D;LA;12;0;0;1;0;0;0;0;0.00;2;4;Arms;0;0;0;0;0
Stormcrow;SCR-D;RT;12;0;0;1;0;0;0;0;0.00;0;0;None;0;0;0;3;1
Stormcrow;SCR-D;LT;12;0;0;2;0;0;0;0;0.00;0;0;None;0;0;0;3;1
Stormcrow;SCR-D;CT;12;0;0;0;0;0;0;0;0.00;0;0;None;0;0;0;1;1
Stormcrow;SCR-D;HD;6;0;0;0;0;0;0;0;0.00;0;0;None;0;0;0;0;0
Stormcrow;SCR-D;RL;6;0;0;0;0;0;0;0;0.00;4;4;Legs;0;0;0;0;2
Stormcrow;SCR-D;LL;6;0;0;0;0;0;0;0;0.00;4;4;Legs;0;0;0;0;2
Stormcrow;SCR-HERO;RA;12;0;0;0;0;0;0;0;0.00;2;4;Arms;0;0;0;0;0
Stormcrow;SCR-HERO;LA;12;0;0;0;0;0;0;0;0.00;2;4;Arms;0;0;0;0;0
Stormcrow;SCR-HERO;RT;12;0;0;0;0;0;0;0;0.00;0;0;None;0;0;0;3;1
Stormcrow;SCR-HERO;LT;12;0;0;0;0;0;0;0;0.00;0;0;None;0;0;0;3;1
Stormcrow;SCR-HERO;CT;12;0;0;0;0;0;0;0;0.00;0;0;None;0;0;0;1;1
Stormcrow;SCR-HERO;HD;6;0;0;0;0;0;0;0;0.00;0;0;None;0;0;0;0;0
Stormcrow;SCR-HERO;RL;6;0;0;0;0;0;0;0;0.00;4;4;Legs;0;0;0;0;2
Stormcrow;SCR-HERO;LL;6;0;0;0;0;0;0;0;0.00;4;4;Legs;0;0;0;0;2
Summoner;SMN-PRIME;RA;12;0;1;0;0;0;0;0;0.00;2;3;Arms;0;0;0;1;0
Summoner;SMN-PRIME;LA;12;1;0;0;0;0;0;0;0.00;2;3;Arms;0;0;0;1;0
Summoner;SMN-PRIME;RT;12;0;0;0;0;0;0;0;0.00;0;0;None;0;0;0;2;0
Summoner;SMN-PRIME;LT;12;0;0;1;0;0;0;0;0.00;0;0;None;0;0;0;2;0
Summoner;SMN-PRIME;CT;12;0;0;0;0;0;0;0;0.00;0;0;None;1;1;0;0;0
Summoner;SMN-PRIME;HD;6;0;0;0;0;0;0;0;0.00;0;0;None;0;0;0;1;0
Summoner;SMN-PRIME;RL;6;0;0;0;0;0;0;0;0.00;4;4;Legs;2;2;0;0;0
Summoner;SMN-PRIME;LL;6;0;0;0;0;0;0;0;0.00;4;4;Legs;2;2;0;0;0
Summoner;SMN-B;RA;12;0;0;2;0;0;0;0;0.00;2;3;Arms;0;0;0;1;0
Summoner;SMN-B;LA;12;0;0;2;0;0;0;0;0.00;2;3;Arms;0;0;0;1;0
Summoner;SMN-B;RT;12;0;0;0;0;0;0;0;0.00;0;0;None;0;0;0;2;0
Summoner;SMN-B;LT;12;0;0;1;1;0;0;0;0.00;0;0;None;0;0;0;2;0
Summoner;SMN-B;CT;12;0;0;0;0;0;0;0;0.00;0;0;None;1;1;0;0;0
Summoner;SMN-B;HD;6;0;0;0;0;0;0;0;0.00;0;0;None;0;0;0;1;0
Summoner;SMN-B;RL;6;0;0;0;0;0;0;0;0.00;4;4;Legs;2;2;0;0;0
Summoner;SMN-B;LL;6;0;0;0;0;0;0;0;0.00;4;4;Legs;2;2;0;0;0
Summoner;SMN-D;RA;12;0;2;0;0;0;0;0;0.00;2;3;Arms;0;0;0;1;0
Summoner;SMN-D;LA;12;0;2;0;0;0;0;0;0.00;2;3;Arms;0;0;0;1;0
Summoner;SMN-D;RT;12;1;0;0;1;0;0;0;0.00;0;0;None;0;0;0;2;0
Summoner;SMN-D;LT;12;1;0;0;1;0;0;0;0.00;0;0;None;0;0;0;2;0
Summoner;SMN-D;CT;12;0;0;0;0;0;0;0;0.00;0;0;None;1;1;0;0;0
Summoner;SMN-D;HD;6;0;0;0;0;0;0;0;0.00;0;0;None;0;0;0;1;0
Summoner;SMN-D;RL;6;0;0;0;0;0;0;0;0.00;4;4;Legs;2;2;0;0;0
Summoner;SMN-D;LL;6;0;0;0;0;0;0;0;0.00;4;4;Legs;2;2;0;0;0
Summoner;SMN-HERO;RA;12;0;0;0;0;0;0;0;0.00;2;3;Arms;0;0;0;1;0
Summoner;SMN-HERO;LA;12;0;0;0;0;0;0;0;0.00;2;3;Arms;0;0;0;1;0
Summoner;SMN-HERO;RT;12;0;0;0;0;0;0;0;0.00;0;0;None;0;0;0;2;0
Summoner;SMN-HERO;LT;12;0;0;0;0;0;0;0;0.00;0;0;None;0;0;0;2;0
Summoner;SMN-HERO;CT;12;0;0;0;0;0;0;0;0.00;0;0;None;1;1;0;0;0
Summoner;SMN-HERO;HD;6;0;0;0;0;0;0;0;0.00;0;0;None;0;0;0;1;0
Summoner;SMN-HERO;RL;6;0;0;0;0;0;0;0;0.00;4;4;Legs;2;2;0;0;0
Summoner;SMN-HERO;LL;6;0;0;0;0;0;0;0;0.00;4;4;Legs;2;2;0;0;0
Thunderbolt;TDR-5S;RA;12;0;1;0;0;0;0;0;0.00;4;4;Arms;0;0;0;0;0
Thunderbolt;TDR-5SS;RA;12;0;2;0;0;0;0;0;0.00;4;4;Arms;0;0;0;0;0
Thunderbolt;TDR-5S;LA;12;2;0;0;0;0;0;0;0.00;4;4;Arms;0;0;0;0;0
Thunderbolt;TDR-5SS;LA;12;0;0;0;0;0;0;0;0.00;4;4;Arms;0;0;0;0;0
Thunderbolt;TDR-5S;RT;12;0;0;2;1;0;0;0;0.00;0;0;None;0;0;0;0;0
Thunderbolt;TDR-5SS;RT;12;0;2;0;1;0;0;0;0.00;0;0;None;0;0;0;0;0
Thunderbolt;TDR-9SE;RT;12;0;0;0;1;0;0;0;0.00;0;0;None;0;0;0;0;0
Thunderbolt;TDR-5S;LT;12;0;3;0;0;0;0;0;0.00;0;0;None;0;0;0;0;0
Thunderbolt;TDR-5SS;LT;12;0;3;1;0;0;0;0;0.00;0;0;None;0;0;0;0;0
Thunderbolt;TDR-9S;LT;12;0;3;1;1;0;0;0;0.00;0;0;None;0;0;0;0;0
Thunderbolt;TDR-9SE;LT;12;0;3;2;0;0;0;0;0.00;0;0;None;0;0;0;0;0
Thunderbolt;TDR-5S;CT;12;0;0;0;0;0;0;0;0.00;0;0;None;0;0;0;0;0
Thunderbolt;TDR-9SE;CT;12;0;0;0;0;0;0;0;0.00;0;0;None;0;4;0;0;0
Thunderbolt;TDR-5S;HD;6;0;0;0;0;0;0;0;0.00;0;0;None;0;0;0;0;0
Thunderbolt;TDR-5S;RL;6;0;0;0;0;0;0;0;0.00;4;4;Legs;0;0;0;0;0
Thunderbolt;TDR-5S;LL;6;0;0;0;0;0;0;0;0.00;4;4;Legs;0;0;0;0;0
Timber Wolf;TBR-PRIME;RA;12;0;2;0;0;0;0;0;0.00;2;3;Arms;0;0;0;1;0
Timber Wolf;TBR-PRIME;LA;12;0;2;0;0;0;0;0;0.00;2;3;Arms;0;0;0;1;0
Timber Wolf;TBR-PRIME;RT;12;1;0;1;0;0;0;0;0.00;0;0;None;0;0;0;2;1
Timber Wolf;TBR-PRIME;LT;12;0;1;1;0;0;0;0;0.00;0;0;None;0;0;0;2;1
Timber Wolf;TBR-PRIME;CT;12;1;0;0;0;0;0;0;0.00;0;0;None;0;0;0;0;1
Timber Wolf;TBR-PRIME;HD;6;0;0;0;0;0;0;0;0.00;0;0;None;0;0;0;1;0
Timber Wolf;TBR-PRIME;RL;6;0;0;0;0;0;0;0;0.00;4;4;Legs;0;0;0;0;2
Timber Wolf;TBR-PRIME;LL;6;0;0;0;0;0;0;0;0.00;4;4;Legs;0;0;0;0;2
Timber Wolf;TBR-A;RA;12;0;1;0;0;0;0;0;0.00;2;3;Arms;0;0;0;1;0
Timber Wolf;TBR-A;LT;12;0;0;3;0;0;0;0;0.00;0;0;None;0;0;0;2;1
Timber Wolf;TBR-B;CT;12;0;0;0;0;0;0;0;0.00;0;0;None;0;0;0;0;1
Timber Wolf;TBR-C;RA;12;1;0;0;0;0;0;0;0.00;2;3;Arms;0;0;0;1;0
Timber Wolf;TBR-C;LA;12;0;2;0;0;0;0;0;0.00;2;3;Arms;0;0;0;1;0
Timber Wolf;TBR-C;RT;12;0;0;1;0;0;0;0;0.00;0;0;None;0;0;0;2;1
Timber Wolf;TBR-C;LT;12;0;0;1;1;0;0;0;0.00;0;0;None;0;0;0;2;1
Timber Wolf;TBR-C;CT;12;0;1;0;0;0;0;0;0.00;0;0;None;0;0;0;0;1
Timber Wolf;TBR-C;HD;6;0;0;0;0;0;0;0;0.00;0;0;None;0;0;0;1;0
Timber Wolf;TBR-C;RL;6;0;0;0;0;0;0;0;0.00;4;4;Legs;0;0;0;0;2
Timber Wolf;TBR-C;LL;6;0;0;0;0;0;0;0;0.00;4;4;Legs;0;0;0;0;2
Timber Wolf;TBR-C;RA;12;0;2;0;0;0;0;0;0.00;2;3;Arms;0;0;0;1;0
Timber Wolf;TBR-D;RT;12;0;0;2;0;0;0;0;0.00;0;0;None;0;0;0;2;1
Timber Wolf;TBR-D;LT;12;0;0;2;0;0;0;0;0.00;0;0;None;0;0;0;2;1
Timber Wolf;TBR-S;RA;12;0;2;0;0;0;0;0;0.00;2;3;Arms;0;0;0;1;0
Timber Wolf;TBR-S;LA;12;0;1;0;0;0;0;0;0.00;2;3;Arms;0;0;0;1;0
Timber Wolf;TBR-S;RT;12;1;1;2;0;0;0;0;0.00;0;0;None;2;2;0;2;1
Timber Wolf;TBR-S;LT;12;1;0;2;0;0;0;0;0.00;0;0;None;2;2;0;2;1
Timber Wolf;TBR-S;CT;12;0;0;0;0;0;0;0;0.00;0;0;None;1;1;0;0;1
Timber Wolf;TBR-S;HD;6;0;0;0;0;0;0;0;0.00;0;0;None;0;0;0;1;0
Timber Wolf;TBR-S;RL;6;0;0;0;0;0;0;0;0.00;4;4;Legs;0;0;0;0;2
Timber Wolf;TBR-S;LL;6;0;0;0;0;0;0;0;0.00;4;4;Legs;0;0;0;0;2
Timber Wolf;TBR-HERO;RA;12;0;0;0;0;0;0;0;0.00;2;3;Arms;0;0;0;1;0
Timber Wolf;TBR-HERO;LA;12;0;0;0;0;0;0;0;0.00;2;3;Arms;0;0;0;1;0
Timber Wolf;TBR-HERO;RT;12;0;0;0;0;0;0;0;0.00;0;0;None;0;0;0;2;1
Timber Wolf;TBR-HERO;LT;12;0;0;0;0;0;0;0;0.00;0;0;None;0;0;0;2;1
Timber Wolf;TBR-HERO;CT;12;0;0;0;0;0;0;0;0.00;0;0;None;0;0;0;0;1
Timber Wolf;TBR-HERO;HD;6;0;0;0;0;0;0;0;0.00;0;0;None;0;0;0;1;0
Timber Wolf;TBR-HERO;RL;6;0;0;0;0;0;0;0;0.00;4;4;Legs;0;0;0;0;2
Timber Wolf;TBR-HERO;LL;6;0;0;0;0;0;0;0;0.00;4;4;Legs;0;0;0;0;2
Trebuchet;TBT-3C;RA;12;0;2;0;0;0;0;0;0.00;3;3;Arms;0;0;0;0;0
Trebuchet;TBT-5J;RA;12;0;3;0;0;0;0;0;0.00;3;3;Arms;0;0;0;0;0
Trebuchet;TBT-7K;RA;12;0;0;2;0;0;0;0;0.00;3;3;Arms;0;0;0;0;0
Trebuchet;TBT-LG;RA;12;0;1;1;0;0;0;0;0.00;3;3;Arms;0;0;0;0;0
Trebuchet;TBT-3C;LA;12;0;1;1;0;0;0;0;0.00;4;4;Arms;0;0;0;0;0
Trebuchet;TBT-5J;LA;12;0;2;0;0;0;0;0;0.00;4;4;Arms;0;0;0;0;0
Trebuchet;TBT-7K;LA;12;0;0;0;0;0;0;0;0.00;4;4;Arms;0;0;0;0;0
Trebuchet;TBT-3C;RT;12;0;0;1;1;0;0;0;0.00;0;0;None;0;0;0;0;0
Trebuchet;TBT-7K;RT;12;0;2;0;1;0;0;0;0.00;0;0;None;0;0;0;0;0
Trebuchet;TBT-3C;LT;12;0;0;0;0;0;0;0;0.00;0;0;None;0;0;0;0;0
Trebuchet;TBT-7K;LT;12;2;0;0;0;0;0;0;0.00;0;0;None;0;0;0;0;0
Trebuchet;TBT-7M;LT;12;0;0;1;0;0;0;0;0.00;0;0;None;0;0;0;0;0
Trebuchet;TBT-3C;CT;12;0;1;0;0;0;0;0;0.00;0;0;None;0;0;0;0;0
Trebuchet;TBT-5J;CT;12;0;0;0;0;0;0;0;0.00;0;0;None;0;5;0;0;0
Trebuchet;TBT-5N;CT;12;0;0;0;0;0;0;0;0.00;0;0;None;0;0;0;0;0
Trebuchet;TBT-3C;HD;6;0;0;0;0;0;0;0;0.00;0;0;None;0;0;0;0;0
Trebuchet;TBT-3C;RL;6;0;0;0;0;0;0;0;0.00;4;4;Legs;0;0;0;0;0
Trebuchet;TBT-3C;LL;6;0;0;0;0;0;0;0;0.00;4;4;Legs;0;0;0;0;0
Victor;VTR-9B;RA;12;3;0;0;0;0;0;0;0.00;2;2;Arms;0;0;0;0;0
Victor;VTR-9K;RA;12;1;0;0;0;0;0;0;0.00;3;3;Arms;0;0;0;0;0
Victor;VTR-9S;RA;12;2;0;0;0;0;0;0;0.00;2;2;Arms;0;0;0;0;0
Victor;VTR-9B;LA;12;0;2;0;0;0;0;0;0.00;4;4;Arms;0;0;0;0;0
Victor;VTR-9K;LA;12;0;3;0;0;0;0;0;0.00;4;4;Arms;0;0;0;0;0
Victor;VTR-DS;LA;12;0;1;0;0;0;0;0;0.00;4;4;Arms;0;0;0;0;0
Victor;VTR-9B;RT;12;0;0;0;1;0;0;0;0.00;0;0;None;0;0;0;0;0
Victor;VTR-DS;RT;12;0;2;0;1;0;0;0;0.00;0;0;None;0;0;0;0;0
Victor;VTR-9B;LT;12;0;0;2;0;0;0;0;0.00;0;0;None;0;0;0;0;0
Victor;VTR-9S;LT;12;0;0;3;0;0;0;0;0.00;0;0;None;0;0;0;0;0
Victor;VTR-9B;CT;12;0;0;0;0;0;0;0;0.00;0;0;None;0;4;0;0;0
Victor;VTR-9K;CT;12;0;0;0;0;0;0;0;0.00;0;0;None;0;6;0;0;0
Victor;VTR-9B;HD;6;0;0;0;0;0;0;0;0.00;0;0;None;0;0;0;0;0
Victor;VTR-9B;RL;6;0;0;0;0;0;0;0;0.00;4;4;Legs;0;0;0;0;0
Victor;VTR-9B;LL;6;0;0;0;0;0;0;0;0.00;4;4;Legs;0;0;0;0;0
Vindicator;VND-1AA;RA;12;0;2;0;0;0;0;0;0.05;3;3;Arms;0;0;0;0;0
Vindicator;VND-1X;RA;12;0;1;0;0;0;0;0;0.05;3;3;Arms;0;0;0;0;0
Vindicator;VND-1AA;LA;12;0;1;0;0;0;0;0;0.05;4;4;Arms;0;0;0;0;0
Vindicator;VND-1R;LA;12;0;2;0;0;0;0;0;0.05;4;4;Arms;0;0;0;0;0
Vindicator;VND-1X;LA;12;3;0;0;0;0;0;0;0.05;4;4;Arms;0;0;0;0;0
Vindicator;VND-1AA;RT;12;0;0;0;1;0;0;0;0.05;0;0;None;0;0;0;0;0
Vindicator;VND-1AA;LT;12;0;0;1;1;0;0;0;0.05;0;0;None;0;0;0;0;0
Vindicator;VND-1R;LT;12;0;0;1;0;0;0;0;0.05;0;0;None;0;0;0;0;0
Vindicator;VND-1SIB;LT;12;0;0;2;0;0;0;0;0.05;0;0;None;0;0;0;0;0
Vindicator;VND-1AA;CT;12;0;0;0;0;0;0;0;0.05;0;0;None;0;6;0;0;0
Vindicator;VND-1R;CT;12;0;0;0;0;0;0;0;0.05;0;0;None;0;4;0;0;0
Vindicator;VND-1SIB;CT;12;0;0;0;0;0;0;0;0.05;0;0;None;0;5;0;0;0
Vindicator;VND-1AA;HD;6;0;1;0;0;0;0;0;0.05;0;0;None;0;0;0;0;0
Vindicator;VND-1AA;RL;6;0;0;0;0;0;0;0;0.05;4;4;Legs;0;0;0;0;0
Vindicator;VND-1AA;LL;6;0;0;0;0;0;0;0;0.05;4;4;Legs;0;0;0;0;0
Viper;VPR-PRIME;RA;12;0;2;0;0;0;0;0;0.00;2;4;Arms;0;0;0;2;0
Viper;VPR-PRIME;LA;12;0;0;1;0;0;0;0;0.00;2;4;Arms;0;0;0;2;0
Viper;VPR-PRIME;RT;12;2;0;0;0;0;0;0;0.00;0;0;None;2;2;0;1;3
Viper;VPR-PRIME;LT;12;0;0;0;1;0;0;0;0.00;0;0;None;2;2;0;1;3
Viper;VPR-PRIME;CT;12;0;0;0;0;0;0;0;0.00;0;0;None;0;0;0;0;1
Viper;VPR-PRIME;HD;6;0;0;0;0;0;0;0;0.00;0;0;None;0;0;0;1;0
Viper;VPR-PRIME;RL;6;0;0;0;0;0;0;0;0.00;4;4;Legs;2;2;0;0;0
Viper;VPR-PRIME;LL;6;0;0;0;0;0;0;0;0.00;4;4;Legs;2;2;0;0;0
Viper;VPR-A;RA;12;0;1;0;0;0;0;0;0.00;2;4;Arms;0;0;0;2;0
Viper;VPR-A;RT;12;0;2;0;0;0;0;0;0.00;0;0;None;2;2;0;1;3
Viper;VPR-A;LT;12;0;2;0;0;0;0;0;0.00;0;0;None;2;2;0;1;3
Viper;VPR-B;RA;12;0;1;0;0;0;0;0;0.00;2;4;Arms;0;0;0;2;0
Viper;VPR-C;RA;12;0;2;0;0;0;0;0;0.00;2;4;Arms;0;0;0;2;0
Viper;VPR-C;LA;12;0;2;0;0;0;0;0;0.00;2;4;Arms;0;0;0;2;0
Viper;VPR-C;RT;12;2;0;0;0;0;0;0;0.00;0;0;None;2;2;0;1;3
Viper;VPR-C;LT;12;2;0;0;0;0;0;0;0.00;0;0;None;2;2;0;1;3
Viper;VPR-C;CT;12;0;1;0;0;0;0;0;0.00;0;0;None;0;0;0;0;1
Viper;VPR-C;HD;6;0;0;0;0;0;0;0;0.00;0;0;None;0;0;0;1;0
Viper;VPR-C;RL;6;0;0;0;0;0;0;0;0.00;4;4;Legs;2;2;0;0;0
Viper;VPR-C;LL;6;0;0;0;0;0;0;0;0.00;4;4;Legs;2;2;0;0;0
Viper;VPR-D;RA;12;0;2;0;0;0;0;0;0.00;2;4;Arms;0;0;0;2;0
Viper;VPR-D;LA;12;0;0;1;0;0;0;0;0.00;2;4;Arms;0;0;0;2;0
Viper;VPR-D;RT;12;0;0;1;0;0;0;0;0.00;0;0;None;2;2;0;1;3
Viper;VPR-D;LT;12;0;1;0;0;0;0;0;0.00;0;0;None;2;2;0;1;3
Viper;VPR-D;CT;12;0;0;0;0;0;0;0;0.00;0;0;None;0;0;0;0;1
Viper;VPR-D;HD;6;0;0;0;0;0;0;0;0.00;0;0;None;0;0;0;1;0
Viper;VPR-D;RL;6;0;0;0;0;0;0;0;0.00;4;4;Legs;2;2;0;0;0
Viper;VPR-D;LL;6;0;0;0;0;0;0;0;0.00;4;4;Legs;2;2;0;0;0
Viper;VPR-HERO;RA;12;0;0;0;0;0;0;0;0.00;2;4;Arms;0;0;0;2;0
Viper;VPR-HERO;LA;12;0;0;0;0;0;0;0;0.00;2;4;Arms;0;0;0;2;0
Viper;VPR-HERO;RT;12;0;0;0;0;0;0;0;0.00;0;0;None;2;2;0;1;3
Viper;VPR-HERO;LT;12;0;0;0;0;0;0;0;0.00;0;0;None;2;2;0;1;3
Viper;VPR-HERO;CT;12;0;0;0;0;0;0;0;0.00;0;0;None;0;0;0;0;1
Viper;VPR-HERO;HD;6;0;0;0;0;0;0;0;0.00;0;0;None;0;0;0;1;0
Viper;VPR-HERO;RL;6;0;0;0;0;0;0;0;0.00;4;4;Legs;2;2;0;0;0
Viper;VPR-HERO;LL;6;0;0;0;0;0;0;0;0.00;4;4;Legs;2;2;0;0;0
Warhawk;WHK-PRIME;RA;12;0;2;0;0;0;0;0;0.00;2;2;Arms;0;0;0;1;0
Warhawk;WHK-PRIME;LA;12;0;2;1;0;0;0;0;0.00;2;2;Arms;0;0;0;1;0
Warhawk;WHK-PRIME;RT;12;0;0;0;0;0;0;0;0.00;0;0;None;0;0;1;2;0
Warhawk;WHK-PRIME;LT;12;0;0;0;0;0;0;0;0.00;0;0;None;0;0;4;2;0
Warhawk;WHK-PRIME;CT;12;0;0;0;0;0;0;0;0.00;0;0;None;0;0;0;0;0
Warhawk;WHK-PRIME;HD;6;0;0;0;0;0;0;0;0.00;0;0;None;0;0;0;1;0
Warhawk;WHK-PRIME;RL;6;0;0;0;0;0;0;0;0.00;4;4;Legs;0;0;1;0;0
Warhawk;WHK-PRIME;LL;6;0;0;0;0;0;0;0;0.00;4;4;Legs;0;0;1;0;0
Warhawk;WHK-A;RA;12;1;0;0;0;0;0;0;0.00;2;2;Arms;0;0;0;1;0
Warhawk;WHK-A;LA;12;0;2;1;0;0;0;0;0.00;2;2;Arms;0;0;0;1;0
Warhawk;WHK-A;RT;12;0;0;1;0;0;0;0;0.00;0;0;None;0;0;1;2;0
Warhawk;WHK-A;LT;12;0;0;0;0;0;0;0;0.00;0;0;None;0;0;4;2;0
Warhawk;WHK-A;CT;12;0;0;0;0;0;0;0;0.00;0;0;None;0;0;0;0;0
Warhawk;WHK-A;HD;6;0;0;0;0;0;0;0;0.00;0;0;None;0;0;0;1;0
Warhawk;WHK-A;RL;6;0;0;0;0;0;0;0;0.00;4;4;Legs;0;0;1;0;0
Warhawk;WHK-A;LL;6;0;0;0;0;0;0;0;0.00;4;4;Legs;0;0;1;0;0
Warhawk;WHK-B;RA;12;0;3;0;0;0;0;0;0.00;2;2;Arms;0;0;0;1;0
Warhawk;WHK-B;LA;12;1;1;0;0;0;0;0;0.00;2;2;Arms;0;0;0;1;0
Warhawk;WHK-B;RT;12;0;0;2;0;0;0;0;0.00;0;0;None;0;0;1;2;0
Warhawk;WHK-B;LT;12;0;0;0;0;0;0;0;0.00;0;0;None;0;0;4;2;0
Warhawk;WHK-B;CT;12;0;0;1;0;0;0;0;0.00;0;0;None;0;0;0;0;0
Warhawk;WHK-B;HD;6;0;0;0;0;0;0;0;0.00;0;0;None;0;0;0;1;0
Warhawk;WHK-B;RL;6;0;0;0;0;0;0;0;0.00;4;4;Legs;0;0;1;0;0
Warhawk;WHK-B;LL;6;0;0;0;0;0;0;0;0.00;4;4;Legs;0;0;1;0;0
Warhawk;WHK-C;LA;12;0;2;0;0;0;0;0;0.00;2;2;Arms;0;0;0;1;0
Warhawk;WHK-C;CT;12;0;1;0;0;0;0;0;0.00;0;0;None;0;0;0;0;0
Warhawk;WHK-HERO;RA;12;0;0;0;0;0;0;0;0.00;2;2;Arms;0;0;0;1;0
Warhawk;WHK-HERO;LA;12;0;0;0;0;0;0;0;0.00;2;2;Arms;0;0;0;1;0
Warhawk;WHK-HERO;RT;12;0;0;0;0;0;0;0;0.00;0;0;None;0;0;1;2;0
Warhawk;WHK-HERO;LT;12;0;0;0;0;0;0;0;0.00;0;0;None;0;0;4;2;0
Warhawk;WHK-HERO;CT;12;0;0;0;0;0;0;0;0.00;0;0;None;0;0;0;0;0
Warhawk;WHK-HERO;HD;6;0;0;0;0;0;0;0;0.00;0;0;None;0;0;0;1;0
Warhawk;WHK-HERO;RL;6;0;0;0;0;0;0;0;0.00;4;4;Legs;0;0;1;0;0
Warhawk;WHK-HERO;LL;6;0;0;0;0;0;0;0;0.00;4;4;Legs;0;0;1;0;0
Wolverine;WVR-6K;RA;12;0;4;0;0;0;0;0;0.00;4;4;Arms;0;0;0;0;0
Wolverine;WVR-6R;RA;12;2;0;0;0;0;0;0;0.00;4;4;Arms;0;0;0;0;0
Wolverine;WVR-7K;RA;12;0;2;0;0;0;0;0;0.00;4;4;Arms;0;0;0;0;0
Wolverine;WVR-6K;LA;12;0;0;0;0;0;0;0;0.00;4;4;Arms;0;0;0;0;0
Wolverine;WVR-6K;RT;12;0;0;0;1;0;0;0;0.00;0;0;None;0;0;0;0;0
Wolverine;WVR-7K;RT;12;0;0;1;1;0;0;0;0.00;0;0;None;0;0;0;0;0
Wolverine;WVR-7M;RT;12;0;1;0;1;0;0;0;0.00;0;0;None;0;0;0;0;0
Wolverine;WVR-6K;LT;12;0;0;1;0;0;0;0;0.00;0;0;None;0;0;0;0;0
Wolverine;WVR-6R;LT;12;0;0;3;0;0;0;0;0.00;0;0;None;0;0;0;0;0
Wolverine;WVR-7K;LT;12;0;0;2;0;0;0;0;0.00;0;0;None;0;0;0;0;0
Wolverine;WVR-6K;CT;12;0;0;0;0;0;0;0;0.00;0;0;None;0;0;0;0;0
Wolverine;WVR-6R;CT;12;0;0;0;0;0;0;0;0.00;0;0;None;0;7;0;0;0
Wolverine;WVR-6K;HD;6;0;1;0;0;0;0;0;0.00;0;0;None;0;0;0;0;0
Wolverine;WVR-6K;RL;6;0;0;0;0;0;0;0;0.00;4;4;Legs;0;0;0;0;0
Wolverine;WVR-6K;LL;6;0;0;0;0;0;0;0;0.00;4;4;Legs;0;0;0;0;0
Zeus;ZEU-5S;RA;12;0;0;1;0;0;0;0;0.00;3;3;Arms;0;0;0;0;0
Zeus;ZEU-9S2;RA;12;0;0;2;0;0;0;0;0.00;3;3;Arms;0;0;0;0;0
Zeus;ZEU-5S;LA;12;2;0;0;0;0;0;0;0.00;3;3;Arms;0;0;0;0;0
Zeus;ZEU-5T;LA;12;0;2;0;0;0;0;0;0.00;3;3;Arms;0;0;0;0;0
Zeus;ZEU-5S;RT;12;0;0;0;0;0;0;0;0.00;0;0;None;0;0;0;0;0
Zeus;ZEU-5S;LT;12;0;2;0;0;0;0;0;0.00;0;0;None;0;0;0;0;0
Zeus;ZEU-9S2;LT;12;0;1;0;0;0;0;0;0.00;0;0;None;0;0;0;0;0
Zeus;ZEU-5S;CT;12;0;1;0;0;0;0;0;0.00;0;0;None;0;0;0;0;0
Zeus;ZEU-9S2;CT;12;0;0;0;0;0;0;0;0.00;0;0;None;0;0;0;0;0
Zeus;ZEU-5S;HD;6;0;0;0;0;0;0;0;0.00;0;0;None;0;0;0;0;0
Zeus;ZEU-5S;RL;6;0;0;0;0;0;0;0;0.00;4;4;Legs;0;0;0;0;0
Zeus;ZEU-5S;LL;6;0;0;0;0;0;0;0;0.00;4;4;Legs;0;0;0;0;0
