Chassis;ID;Model;Unconfirmed?;Unreleased?;Champion?;Hero?;C-Bill Cost;Accel;Decel;Turn Rate;Torso Yaw;Torso Pitch;Arm Yaw;Arm Pitch;Max Engine;Min Engine;Mech Slots;Weapon Slots;Consumable Slots;RA;LA;RT;LT;CT;HD;RL;LL;Engine Type;Engine Rating;Armor Type;Structure Type;Heat Sink Type;Heat Sink Count;Gyro Type;Cockpit Type;Jump Jet Type;Myomer Type
Adder;0;ADR-PRIME;FALSE;FALSE;FALSE;FALSE;7024974;0.0;0.0;0.0;120.0;20.0;40.0;30.0;210;210;1;2;2;ADR-PRIME;ADR-PRIME;ADR-PRIME;ADR-PRIME;ADR-PRIME;ADR-PRIME;ADR-PRIME;ADR-PRIME;XL Engine (CL);210;Ferro Fibrous (CL);Endo Steel (CL);Double (CL);10;Standard Gyro;Standard Cockpit;Standard Jump Jet;Standard
Adder;0;ADR-A;FALSE;FALSE;FALSE;FALSE;6937211;0.0;0.0;0.0;120.0;20.0;40.0;30.0;210;210;1;2;2;ADR-A;ADR-A;ADR-A;ADR-A;ADR-A;ADR-A;ADR-A;ADR-A;XL Engine (CL);210;Ferro Fibrous (CL);Endo Steel (CL);Double (CL);10;Standard Gyro;Standard Cockpit;Standard Jump Jet;Standard
Adder;0;ADR-B;FALSE;FALSE;FALSE;FALSE;6938004;0.0;0.0;0.0;120.0;20.0;40.0;30.0;210;210;1;2;2;ADR-B;ADR-B;ADR-B;ADR-B;ADR-B;ADR-B;ADR-B;ADR-B;XL Engine (CL);210;Ferro Fibrous (CL);Endo Steel (CL);Double (CL);10;Standard Gyro;Standard Cockpit;Standard Jump Jet;Standard
Adder;0;ADR-C;FALSE;FALSE;FALSE;FALSE;0;0.0;0.0;0.0;120.0;20.0;40.0;30.0;210;210;1;2;2;ADR-C;ADR-C;ADR-C;ADR-C;ADR-C;ADR-C;ADR-C;ADR-C;XL Engine (CL);210;Ferro Fibrous (CL);Endo Steel (CL);Double (CL);10;Standard Gyro;Standard Cockpit;Standard Jump Jet;Standard
Adder;0;ADR-D;FALSE;FALSE;FALSE;FALSE;6729971;0.0;0.0;0.0;120.0;20.0;40.0;30.0;210;210;1;2;2;ADR-D;ADR-D;ADR-D;ADR-D;ADR-D;ADR-D;ADR-D;ADR-D;XL Engine (CL);210;Ferro Fibrous (CL);Endo Steel (CL);Double (CL);10;Standard Gyro;Standard Cockpit;Standard Jump Jet;Standard
Archer;0;ARC-2R;FALSE;TRUE;FALSE;FALSE;0;0.0;0.0;0.0;120.0;20.0;30.0;30.0;340;140;1;2;2;ARC-2R;ARC-2R;ARC-2R;ARC-2R;ARC-2R;ARC-2R;ARC-2R;ARC-2R;Standard Engine;280;Standard;Standard;Single;10;Standard Gyro;Standard Cockpit;Standard Jump Jet;Standard
Archer;0;ARC-5S;FALSE;TRUE;FALSE;FALSE;0;0.0;0.0;0.0;120.0;20.0;30.0;30.0;340;140;1;2;2;ARC-5S;ARC-5S;ARC-2R;ARC-2R;ARC-2R;ARC-2R;ARC-2R;ARC-2R;Standard Engine;280;Standard;Standard;Single;10;Standard Gyro;Standard Cockpit;Standard Jump Jet;Standard
Archer;0;ARC-5W;FALSE;TRUE;FALSE;FALSE;0;0.0;0.0;0.0;120.0;20.0;30.0;30.0;340;140;1;2;2;ARC-5W;ARC-5W;ARC-5W;ARC-2R;ARC-5W;ARC-2R;ARC-2R;ARC-2R;Standard Engine;280;Standard;Standard;Single;10;Standard Gyro;Standard Cockpit;Standard Jump Jet;Standard
Archer;0;ARC-T;FALSE;TRUE;FALSE;TRUE;0;0.0;0.0;0.0;120.0;20.0;30.0;30.0;340;140;1;2;2;ARC-2R;ARC-2R;ARC-2R;ARC-T;ARC-T;ARC-2R;ARC-2R;ARC-2R;Standard Engine;280;Standard;Standard;Single;10;Standard Gyro;Standard Cockpit;Standard Jump Jet;Standard
Arctic Cheetah;0;ACH-PRIME;FALSE;FALSE;FALSE;FALSE;7737456;0.0;0.0;0.0;120.0;20.0;40.0;30.0;240;240;1;2;2;ACH-PRIME;ACH-PRIME;ACH-PRIME;ACH-PRIME;ACH-PRIME;ACH-PRIME;ACH-PRIME;ACH-PRIME;XL Engine (CL);240;Ferro Fibrous (CL);Endo Steel (CL);Double (CL);10;Standard Gyro;Standard Cockpit;Standard Jump Jet;Standard
Arctic Cheetah;0;ACH-PRIME©;FALSE;FALSE;TRUE;FALSE;7737456;0.0;0.0;0.0;120.0;20.0;40.0;30.0;240;240;1;2;2;ACH-PRIME;ACH-PRIME;ACH-PRIME;ACH-PRIME;ACH-PRIME;ACH-PRIME;ACH-PRIME;ACH-PRIME;XL Engine (CL);240;Ferro Fibrous (CL);Endo Steel (CL);Double (CL);10;Standard Gyro;Standard Cockpit;Standard Jump Jet;Standard
Arctic Cheetah;0;ACH-A;FALSE;FALSE;FALSE;FALSE;6957336;0.0;0.0;0.0;120.0;20.0;40.0;30.0;240;240;1;2;2;ACH-A;ACH-A;ACH-A;ACH-A;ACH-A;ACH-A;ACH-A;ACH-A;XL Engine (CL);240;Ferro Fibrous (CL);Endo Steel (CL);Double (CL);10;Standard Gyro;Standard Cockpit;Standard Jump Jet;Standard
Arctic Cheetah;0;ACH-B;FALSE;FALSE;FALSE;FALSE;6920636;0.0;0.0;0.0;120.0;20.0;40.0;30.0;240;240;1;2;2;ACH-B;ACH-B;ACH-B;ACH-B;ACH-B;ACH-B;ACH-B;ACH-B;XL Engine (CL);240;Ferro Fibrous (CL);Endo Steel (CL);Double (CL);10;Standard Gyro;Standard Cockpit;Standard Jump Jet;Standard
Arctic Cheetah;0;ACH-C;FALSE;FALSE;FALSE;FALSE;7617336;0.0;0.0;0.0;120.0;20.0;40.0;30.0;240;240;1;2;2;ACH-C;ACH-C;ACH-C;ACH-C;ACH-C;ACH-C;ACH-C;ACH-C;XL Engine (CL);240;Ferro Fibrous (CL);Endo Steel (CL);Double (CL);10;Standard Gyro;Standard Cockpit;Standard Jump Jet;Standard
Atlas;0;AS7-D-DC;FALSE;FALSE;FALSE;FALSE;10486012;0.0;0.0;0.0;80.0;16.0;40.0;30.0;360;200;1;2;2;AS7-D;AS7-D;AS7-D;AS7-D-DC;AS7-D-DC;AS7-D;AS7-D;AS7-D;Standard Engine;300;Standard;Standard;Single;10;Standard Gyro;Standard Cockpit;Standard Jump Jet;Standard
Atlas;0;AS7-K;FALSE;FALSE;FALSE;FALSE;13691066;0.0;0.0;0.0;80.0;16.0;40.0;30.0;360;200;1;2;2;AS7-K;AS7-D;AS7-K;AS7-K;AS7-D;AS7-D;AS7-D;AS7-D;Standard Engine;300;Standard;Standard;Single;10;Standard Gyro;Standard Cockpit;Standard Jump Jet;Standard
Atlas;0;AS7-RS;FALSE;FALSE;FALSE;FALSE;9358066;0.0;0.0;0.0;80.0;16.0;40.0;30.0;360;200;1;2;2;AS7-RS;AS7-RS;AS7-K;AS7-D;AS7-D-DC;AS7-D;AS7-D;AS7-D;Standard Engine;300;Standard;Standard;Single;10;Standard Gyro;Standard Cockpit;Standard Jump Jet;Standard
Atlas;0;AS7-RS©;FALSE;FALSE;TRUE;FALSE;0;0.0;0.0;0.0;80.0;16.0;40.0;30.0;360;200;1;2;2;AS7-RS;AS7-RS;AS7-K;AS7-D;AS7-D-DC;AS7-D;AS7-D;AS7-D;Standard Engine;325;Standard;Standard;Single;10;Standard Gyro;Standard Cockpit;Standard Jump Jet;Standard
Atlas;0;AS7-S;FALSE;FALSE;FALSE;FALSE;9820075;0.0;0.0;0.0;80.0;16.0;40.0;30.0;360;200;1;2;2;AS7-D;AS7-D;AS7-K;AS7-S;AS7-D;AS7-D;AS7-D;AS7-D;Standard Engine;300;Standard;Standard;Double (IS);10;Standard Gyro;Standard Cockpit;Standard Jump Jet;Standard
Atlas;0;AS7-BH;FALSE;FALSE;FALSE;TRUE;0;0.0;0.0;0.0;75.0;16.0;45.0;30.0;400;200;1;2;2;AS7-BH;AS7-BH;AS7-K;AS7-K;AS7-D-DC;AS7-D;AS7-D;AS7-D;Standard Engine;400;Standard;Endo Steel (IS);Single;10;Standard Gyro;Standard Cockpit;Standard Jump Jet;Standard
Awesome;0;AWS-8Q;FALSE;FALSE;FALSE;FALSE;6764270;0.0;0.0;0.0;100.0;20.0;40.0;30.0;300;160;1;2;2;AWS-8Q;AWS-8Q;AWS-8Q;AWS-8Q;AWS-8Q;AWS-8Q;AWS-8Q;AWS-8Q;Standard Engine;240;Standard;Standard;Single;10;Standard Gyro;Standard Cockpit;Standard Jump Jet;Standard
Awesome;0;AWS-8R;FALSE;FALSE;FALSE;FALSE;6524390;0.0;0.0;0.0;100.0;20.0;40.0;30.0;300;160;1;2;2;AWS-8Q;AWS-8Q;AWS-8R;AWS-8R;AWS-8Q;AWS-8Q;AWS-8Q;AWS-8Q;Standard Engine;240;Standard;Standard;Single;10;Standard Gyro;Standard Cockpit;Standard Jump Jet;Standard
Awesome;0;AWS-8T;FALSE;FALSE;FALSE;FALSE;6704390;0.0;0.0;0.0;100.0;20.0;40.0;30.0;300;160;1;2;2;AWS-8Q;AWS-8T;AWS-8T;AWS-8T;AWS-8Q;AWS-8Q;AWS-8Q;AWS-8Q;Standard Engine;240;Standard;Standard;Single;10;Standard Gyro;Standard Cockpit;Standard Jump Jet;Standard
Awesome;0;AWS-8V;FALSE;FALSE;FALSE;FALSE;6574390;0.0;0.0;0.0;100.0;20.0;40.0;30.0;300;160;1;2;2;AWS-8V;AWS-8Q;AWS-8V;AWS-8Q;AWS-8Q;AWS-8Q;AWS-8Q;AWS-8Q;Standard Engine;240;Standard;Standard;Single;10;Standard Gyro;Standard Cockpit;Standard Jump Jet;Standard
Awesome;0;AWS-9M;FALSE;FALSE;FALSE;FALSE;11534852;0.0;0.0;0.0;100.0;20.0;40.0;30.0;385;160;1;2;2;AWS-8V;AWS-9M;AWS-9M;AWS-9M;AWS-9M;AWS-8Q;AWS-8Q;AWS-8Q;XL Engine (IS);320;Standard;Standard;Double (IS);10;Standard Gyro;Standard Cockpit;Standard Jump Jet;Standard
Awesome;0;AWS-PB;FALSE;FALSE;FALSE;TRUE;0;0.0;0.0;0.0;100.0;20.0;40.0;30.0;400;160;1;2;2;AWS-8V;AWS-PB;AWS-8T;AWS-9M;AWS-8Q;AWS-8Q;AWS-8Q;AWS-8Q;XL Engine (IS);340;Standard;Standard;Double (IS);10;Standard Gyro;Standard Cockpit;Standard Jump Jet;Standard
Banshee;0;BNC-3E;FALSE;FALSE;FALSE;FALSE;8542695;0.0;0.0;0.0;90.0;20.0;20.0;30.0;400;190;1;2;2;BNC-3E;BNC-3E;BNC-3E;BNC-3E;BNC-3E;BNC-3E;BNC-3E;BNC-3E;Standard Engine;380;Standard;Standard;Single;10;Standard Gyro;Standard Cockpit;Standard Jump Jet;Standard
Banshee;0;BNC-3M;FALSE;FALSE;FALSE;FALSE;8848195;0.0;0.0;0.0;90.0;20.0;20.0;30.0;400;190;1;2;2;BNC-3E;BNC-3E;BNC-3M;BNC-3M;BNC-3E;BNC-3E;BNC-3E;BNC-3E;Standard Engine;380;Standard;Standard;Single;10;Standard Gyro;Standard Cockpit;Standard Jump Jet;Standard
Banshee;0;BNC-3M©;FALSE;FALSE;TRUE;FALSE;8848195;0.0;0.0;0.0;90.0;20.0;20.0;30.0;400;190;1;2;2;BNC-3E;BNC-3E;BNC-3M;BNC-3M;BNC-3E;BNC-3E;BNC-3E;BNC-3E;Standard Engine;380;Standard;Standard;Single;10;Standard Gyro;Standard Cockpit;Standard Jump Jet;Standard
Banshee;0;BNC-3S;FALSE;FALSE;FALSE;FALSE;9067028;0.0;0.0;0.0;90.0;20.0;20.0;30.0;345;190;1;2;2;BNC-3E;BNC-3S;BNC-3S;BNC-3S;BNC-3S;BNC-3E;BNC-3E;BNC-3E;Standard Engine;285;Standard;Standard;Single;10;Standard Gyro;Standard Cockpit;Standard Jump Jet;Standard
Banshee;0;BNC-LM;FALSE;FALSE;FALSE;TRUE;0;0.0;0.0;0.0;90.0;20.0;20.0;30.0;400;190;1;2;2;BNC-LM;BNC-LM;BNC-LM;BNC-LM;BNC-3E;BNC-3E;BNC-3E;BNC-3E;XL Engine (IS);380;Standard;Endo Steel (IS);Double (IS);10;Standard Gyro;Standard Cockpit;Standard Jump Jet;Standard
Battlemaster;0;BLR-1D;FALSE;FALSE;FALSE;FALSE;7363725;0.0;0.0;0.0;80.0;20.0;30.0;30.0;400;170;1;2;2;BLR-1D;BLR-1D;BLR-1D;BLR-1D;BLR-1D;BLR-1D;BLR-1D;BLR-1D;Standard Engine;340;Standard;Standard;Single;10;Standard Gyro;Standard Cockpit;Standard Jump Jet;Standard
Battlemaster;0;BLR-1G;FALSE;FALSE;FALSE;FALSE;7703709;0.0;0.0;0.0;60.0;20.0;30.0;30.0;400;170;1;2;2;BLR-1D;BLR-1G;BLR-1G;BLR-1G;BLR-1D;BLR-1D;BLR-1D;BLR-1D;Standard Engine;340;Standard;Standard;Single;10;Standard Gyro;Standard Cockpit;Standard Jump Jet;Standard
Battlemaster;0;BLR-1S;FALSE;FALSE;FALSE;FALSE;7452829;0.0;0.0;0.0;80.0;20.0;30.0;30.0;400;170;1;2;2;BLR-1S;BLR-1S;BLR-1D;BLR-1S;BLR-1D;BLR-1D;BLR-1D;BLR-1D;Standard Engine;340;Standard;Standard;Single;10;Standard Gyro;Standard Cockpit;Standard Jump Jet;Standard
Battlemaster;0;BLR-2C;FALSE;FALSE;FALSE;FALSE;9292709;0.0;0.0;0.0;60.0;20.0;30.0;30.0;400;170;1;2;2;BLR-1D;BLR-2C;BLR-1D;BLR-2C;BLR-1D;BLR-1D;BLR-1D;BLR-1D;Standard Engine;340;Standard;Standard;Double (IS);10;Standard Gyro;Standard Cockpit;Standard Jump Jet;Standard
Battlemaster;0;BLR-3M;FALSE;FALSE;FALSE;FALSE;8177709;0.0;0.0;0.0;60.0;20.0;30.0;30.0;400;170;1;2;2;BLR-3M;BLR-3M;BLR-1G;BLR-1G;BLR-1D;BLR-1D;BLR-1D;BLR-1D;Standard Engine;340;Standard;Standard;Double (IS);10;Standard Gyro;Standard Cockpit;Standard Jump Jet;Standard
Battlemaster;0;BLR-3S;FALSE;FALSE;FALSE;FALSE;11760821;0.0;0.0;0.0;80.0;20.0;30.0;30.0;400;170;1;2;2;BLR-1S;BLR-3S;BLR-1G;BLR-1G;BLR-1D;BLR-1D;BLR-1D;BLR-1D;XL Engine (IS);340;Standard;Standard;Single;10;Standard Gyro;Standard Cockpit;Standard Jump Jet;Standard
Battlemaster;0;BLR-1GHE;FALSE;FALSE;FALSE;TRUE;0;0.0;0.0;0.0;75.0;20.0;30.0;30.0;400;170;1;2;2;BLR-1D;BLR-1GHE;BLR-1D;BLR-1GHE;BLR-1D;BLR-1D;BLR-1D;BLR-1D;Standard Engine;340;Ferro Fibrous (IS);Standard;Double (IS);10;Standard Gyro;Standard Cockpit;Standard Jump Jet;Standard
Blackjack;0;BJ-1;FALSE;FALSE;FALSE;FALSE;3385436;0.0;0.0;0.0;110.0;30.0;0.0;30.0;235;100;1;2;2;BJ-1;BJ-1;BJ-1;BJ-1;BJ-1;BJ-1;BJ-1;BJ-1;Standard Engine;180;Standard;Standard;Single;10;Standard Gyro;Standard Cockpit;Standard Jump Jet;Standard
Blackjack;0;BJ-1©;FALSE;FALSE;TRUE;FALSE;0;0.0;0.0;0.0;110.0;30.0;0.0;30.0;235;100;1;2;2;BJ-1;BJ-1;BJ-1;BJ-1;BJ-1;BJ-1;BJ-1;BJ-1;XL Engine (IS);235;Standard;Standard;Single;10;Standard Gyro;Standard Cockpit;Standard Jump Jet;Standard
Blackjack;0;BJ-1DC;FALSE;FALSE;FALSE;FALSE;3130436;0.0;0.0;0.0;110.0;30.0;0.0;30.0;235;100;1;2;2;BJ-1;BJ-1;BJ-1DC;BJ-1DC;BJ-1DC;BJ-1;BJ-1;BJ-1;Standard Engine;180;Standard;Standard;Single;10;Standard Gyro;Standard Cockpit;Standard Jump Jet;Standard
Blackjack;0;BJ-1X;FALSE;FALSE;FALSE;FALSE;3144528;0.0;0.0;0.0;80.0;30.0;0.0;30.0;295;100;1;2;2;BJ-1X;BJ-1X;BJ-1;BJ-1;BJ-1DC;BJ-1;BJ-1;BJ-1;Standard Engine;225;Standard;Standard;Single;10;Standard Gyro;Standard Cockpit;Standard Jump Jet;Standard
Blackjack;0;BJ-3;FALSE;FALSE;FALSE;FALSE;4000461;0.0;0.0;0.0;110.0;30.0;0.0;30.0;235;100;1;2;2;BJ-3;BJ-3;BJ-1;BJ-1;BJ-1;BJ-1;BJ-1;BJ-1;Standard Engine;180;Standard;Standard;Single;10;Standard Gyro;Standard Cockpit;Standard Jump Jet;Standard
Blackjack;0;BJ-A;FALSE;FALSE;FALSE;TRUE;0;0.0;0.0;0.0;110.0;30.0;0.0;30.0;235;100;1;2;2;BJ-A;BJ-A;BJ-1;BJ-1;BJ-1;BJ-1;BJ-1;BJ-1;Standard Engine;235;Standard;Standard;Single;10;Standard Gyro;Standard Cockpit;Standard Jump Jet;Standard
Black Knight;0;BL-6-KNT;FALSE;FALSE;FALSE;FALSE;0;0.0;0.0;0.0;100.0;20.0;40.0;30.0;360;150;1;2;2;BL-6-KNT;BL-6-KNT;BL-6-KNT;BL-6-KNT;BL-6-KNT;BL-6-KNT;BL-6-KNT;BL-6-KNT;Standard Engine;300;Standard;Standard;Single;10;Standard Gyro;Standard Cockpit;Standard Jump Jet;Standard
Black Knight;0;BL-6B-KNT;FALSE;FALSE;FALSE;FALSE;0;0.0;0.0;0.0;100.0;20.0;40.0;30.0;360;150;1;2;2;BL-6-KNT;BL-6B-KNT;BL-6B-KNT;BL-6-KNT;BL-6-KNT;BL-6-KNT;BL-6-KNT;BL-6-KNT;Standard Engine;300;Standard;Standard;Single;10;Standard Gyro;Standard Cockpit;Standard Jump Jet;Standard
Black Knight;0;BL-7-KNT;FALSE;FALSE;FALSE;FALSE;0;0.0;0.0;0.0;100.0;20.0;40.0;30.0;360;150;1;2;2;BL-6-KNT;BL-6-KNT;BL-7-KNT;BL-6-KNT;BL-6-KNT;BL-6-KNT;BL-6-KNT;BL-6-KNT;Standard Engine;300;Standard;Standard;Single;10;Standard Gyro;Standard Cockpit;Standard Jump Jet;Standard
Black Knight;0;BL-7-KNT-L;FALSE;FALSE;FALSE;FALSE;0;0.0;0.0;0.0;100.0;20.0;40.0;30.0;385;150;1;2;2;BL-6-KNT;BL-6-KNT;BL-6B-KNT;BL-6-KNT;BL-6-KNT;BL-6-KNT;BL-6-KNT;BL-6-KNT;Standard Engine;300;Standard;Standard;Single;10;Standard Gyro;Standard Cockpit;Standard Jump Jet;Standard
Black Knight;0;BL-HERO-KNT;FALSE;FALSE;FALSE;FALSE;0;0.0;0.0;0.0;100.0;20.0;40.0;30.0;360;150;1;2;2;BL-6-KNT;BL-6-KNT;BL-6-KNT;BL-6-KNT;BL-6-KNT;BL-6-KNT;BL-6-KNT;BL-6-KNT;Standard Engine;300;Standard;Standard;Single;10;Standard Gyro;Standard Cockpit;Standard Jump Jet;Standard
Cataphract;0;CTF-0XP;FALSE;FALSE;FALSE;FALSE;6458479;0.0;0.0;0.0;90.0;20.0;20.0;30.0;340;140;1;2;2;CTF-1X;CTF-0XP;CTF-0XP;CTF-0XP;CTF-1X;CTF-1X;CTF-1X;CTF-1X;Standard Engine;280;Standard;Standard;Single;10;Standard Gyro;Standard Cockpit;Standard Jump Jet;Standard
Cataphract;0;CTF-1X;FALSE;FALSE;FALSE;FALSE;5950963;0.0;0.0;0.0;90.0;20.0;20.0;30.0;340;140;1;2;2;CTF-1X;CTF-1X;CTF-1X;CTF-1X;CTF-1X;CTF-1X;CTF-1X;CTF-1X;Standard Engine;280;Standard;Standard;Single;10;Standard Gyro;Standard Cockpit;Standard Jump Jet;Standard
Cataphract;0;CTF-2X;FALSE;FALSE;FALSE;FALSE;5755995;0.0;0.0;0.0;90.0;20.0;20.0;30.0;340;140;1;2;2;CTF-2X;CTF-2X;CTF-1X;CTF-1X;CTF-1X;CTF-1X;CTF-1X;CTF-1X;Standard Engine;280;Standard;Standard;Single;10;Standard Gyro;Standard Cockpit;Standard Jump Jet;Standard
Cataphract;0;CTF-3D;FALSE;FALSE;FALSE;FALSE;9881953;0.0;0.0;0.0;90.0;20.0;20.0;30.0;340;140;1;2;2;CTF-3D;CTF-1X;CTF-1X;CTF-1X;CTF-3D;CTF-1X;CTF-1X;CTF-1X;XL Engine (IS);280;Standard;Standard;Single;10;Standard Gyro;Standard Cockpit;Standard Jump Jet;Standard
Cataphract;0;CTF-3D©;FALSE;FALSE;TRUE;FALSE;0;0.0;0.0;0.0;90.0;20.0;20.0;30.0;340;140;1;2;2;CTF-3D;CTF-1X;CTF-1X;CTF-1X;CTF-3D;CTF-1X;CTF-1X;CTF-1X;Standard Engine;280;Standard;Standard;Single;10;Standard Gyro;Standard Cockpit;Standard Jump Jet;Standard
Cataphract;0;CTF-3L;FALSE;TRUE;FALSE;FALSE;0;0.0;0.0;0.0;90.0;20.0;20.0;30.0;340;140;1;2;2;CTF-1X;CTF-1X;CTF-1X;CTF-1X;CTF-1X;CTF-1X;CTF-1X;CTF-1X;XL Engine (IS);280;Standard;Standard;Single;10;Standard Gyro;Standard Cockpit;Standard Jump Jet;Standard
Cataphract;0;CTF-4X;FALSE;FALSE;FALSE;FALSE;5229289;0.0;0.0;0.0;90.0;20.0;20.0;30.0;255;140;1;2;2;CTF-4X;CTF-4X;CTF-4X;CTF-4X;CTF-4X;CTF-4X;CTF-1X;CTF-1X;Standard Engine;210;Standard;Standard;Single;10;Standard Gyro;Standard Cockpit;Standard Jump Jet;Standard
Cataphract;0;CTF-IM;FALSE;FALSE;FALSE;TRUE;0;0.0;0.0;0.0;90.0;20.0;20.0;30.0;340;140;1;2;2;CTF-3D;CTF-IM;CTF-1X;CTF-1X;CTF-1X;CTF-1X;CTF-1X;CTF-1X;XL Engine (IS);280;Standard;Standard;Single;10;Standard Gyro;Standard Cockpit;Standard Jump Jet;Standard
Catapult;0;CPLT-A1;FALSE;FALSE;FALSE;FALSE;5564279;0.0;0.0;0.0;120.0;16.0;0.0;35.0;315;130;1;2;2;CPLT-A1;CPLT-A1;CPLT-A1;CPLT-A1;CPLT-A1;CPLT-A1;CPLT-A1;CPLT-A1;Standard Engine;260;Standard;Standard;Single;10;Standard Gyro;Standard Cockpit;Standard Jump Jet;Standard
Catapult;0;CPLT-A1©;FALSE;FALSE;TRUE;FALSE;0;0.0;0.0;0.0;120.0;16.0;0.0;35.0;315;130;1;2;2;CPLT-A1;CPLT-A1;CPLT-A1;CPLT-A1;CPLT-A1;CPLT-A1;CPLT-A1;CPLT-A1;Standard Engine;280;Standard;Standard;Single;10;Standard Gyro;Standard Cockpit;Standard Jump Jet;Standard
Catapult;0;CPLT-C1;FALSE;FALSE;FALSE;FALSE;5804127;0.0;0.0;0.0;120.0;16.0;0.0;35.0;315;130;1;2;2;CPLT-C1;CPLT-C1;CPLT-C1;CPLT-C1;CPLT-C1;CPLT-A1;CPLT-A1;CPLT-A1;Standard Engine;260;Standard;Standard;Single;10;Standard Gyro;Standard Cockpit;Standard Jump Jet;Standard
Catapult;0;CPLT-C4;FALSE;FALSE;FALSE;FALSE;5869247;0.0;0.0;0.0;120.0;16.0;0.0;35.0;315;130;1;2;2;CPLT-C4;CPLT-C4;CPLT-A1;CPLT-A1;CPLT-C1;CPLT-A1;CPLT-A1;CPLT-A1;Standard Engine;260;Standard;Standard;Single;10;Standard Gyro;Standard Cockpit;Standard Jump Jet;Standard
Catapult;0;CPLT-K2;FALSE;FALSE;FALSE;FALSE;5304023;0.0;0.0;0.0;110.0;16.0;0.0;45.0;315;130;1;2;2;CPLT-K2;CPLT-K2;CPLT-K2;CPLT-K2;CPLT-K2;CPLT-A1;CPLT-A1;CPLT-A1;Standard Engine;260;Standard;Standard;Single;10;Standard Gyro;Standard Cockpit;Standard Jump Jet;Standard
Catapult;0;CPLT-J;FALSE;FALSE;FALSE;TRUE;0;0.0;0.0;0.0;95.0;16.0;0.0;30.0;355;130;1;2;2;CPLT-K2;CPLT-K2;CPLT-C1;CPLT-J;CPLT-C1;CPLT-A1;CPLT-A1;CPLT-A1;Standard Engine;295;Standard;Standard;Single;10;Standard Gyro;Standard Cockpit;Standard Jump Jet;Standard
Centurion;0;CN9-A;FALSE;FALSE;FALSE;FALSE;3697080;0.0;0.0;0.0;100.0;25.0;35.0;35.0;275;100;1;2;2;CN9-A;CN9-A;CN9-A;CN9-A;CN9-A;CN9-A;CN9-A;CN9-A;Standard Engine;200;Standard;Standard;Single;10;Standard Gyro;Standard Cockpit;Standard Jump Jet;Standard
Centurion;0;CN9-A©;FALSE;FALSE;TRUE;FALSE;0;0.0;0.0;0.0;100.0;25.0;35.0;35.0;275;100;1;2;2;CN9-A;CN9-A;CN9-A;CN9-A;CN9-A;CN9-A;CN9-A;CN9-A;Standard Engine;275;Standard;Standard;Single;10;Standard Gyro;Standard Cockpit;Standard Jump Jet;Standard
Centurion;0;CN9-AH;FALSE;FALSE;FALSE;FALSE;0;0.0;0.0;0.0;100.0;25.0;35.0;35.0;275;100;1;2;2;CN9-AH;CN9-A;CN9-A;CN9-AH;CN9-AH;CN9-A;CN9-A;CN9-A;Standard Engine;200;Standard;Standard;Single;10;Standard Gyro;Standard Cockpit;Standard Jump Jet;Standard
Centurion;0;CN9-AL;FALSE;FALSE;FALSE;FALSE;3552238;0.0;0.0;0.0;100.0;25.0;35.0;35.0;275;100;1;2;2;CN9-AL;CN9-A;CN9-A;CN9-AH;CN9-A;CN9-A;CN9-A;CN9-A;Standard Engine;200;Standard;Standard;Single;10;Standard Gyro;Standard Cockpit;Standard Jump Jet;Standard
Centurion;0;CN9-D;FALSE;FALSE;FALSE;FALSE;8158590;0.0;0.0;0.0;90.0;25.0;35.0;35.0;390;100;1;2;2;CN9-D;CN9-A;CN9-A;CN9-AH;CN9-A;CN9-A;CN9-A;CN9-A;XL Engine (IS);300;Standard;Standard;Single;10;Standard Gyro;Standard Cockpit;Standard Jump Jet;Standard
Centurion;0;CN9-YLW;FALSE;FALSE;FALSE;TRUE;0;0.0;0.0;0.0;120.0;25.0;35.0;35.0;300;100;1;2;2;CN9-YLW;CN9-A;CN9-A;CN9-YLW;CN9-A;CN9-A;CN9-A;CN9-A;Standard Engine;215;Standard;Standard;Single;10;Standard Gyro;Standard Cockpit;Standard Jump Jet;Standard
Cicada;0;CDA-2A;FALSE;FALSE;FALSE;FALSE;3194944;0.0;0.0;0.0;125.0;30.0;0.0;30.0;340;100;1;2;2;CDA-2A;CDA-2A;CDA-2A;CDA-2A;CDA-2A;CDA-2A;CDA-2A;CDA-2A;Standard Engine;320;Standard;Standard;Single;10;Standard Gyro;Standard Cockpit;Standard Jump Jet;Standard
Cicada;0;CDA-2A©;FALSE;FALSE;TRUE;FALSE;0;0.0;0.0;0.0;125.0;30.0;0.0;30.0;340;100;1;2;2;CDA-2A;CDA-2A;CDA-2A;CDA-2A;CDA-2A;CDA-2A;CDA-2A;CDA-2A;XL Engine (IS);340;Standard;Standard;Single;10;Standard Gyro;Standard Cockpit;Standard Jump Jet;Standard
Cicada;0;CDA-2B;FALSE;FALSE;FALSE;FALSE;3182436;0.0;0.0;0.0;125.0;30.0;0.0;30.0;340;100;1;2;2;CDA-2B;CDA-2B;CDA-2B;CDA-2B;CDA-2B;CDA-2A;CDA-2A;CDA-2A;Standard Engine;320;Standard;Standard;Single;10;Standard Gyro;Standard Cockpit;Standard Jump Jet;Standard
Cicada;0;CDA-3C;FALSE;FALSE;FALSE;FALSE;3193110;0.0;0.0;0.0;125.0;30.0;0.0;30.0;340;100;1;2;2;CDA-2A;CDA-2A;CDA-3C;CDA-3C;CDA-3C;CDA-2A;CDA-2A;CDA-2A;Standard Engine;280;Standard;Standard;Single;10;Standard Gyro;Standard Cockpit;Standard Jump Jet;Standard
Cicada;0;CDA-3F;FALSE;FALSE;FALSE;FALSE;0;0.0;0.0;0.0;125.0;30.0;0.0;30.0;340;100;1;2;2;CDA-2A;CDA-2A;CDA-2A;CDA-2A;CDA-3F;CDA-2A;CDA-2A;CDA-2A;XL Engine (IS);320;Standard;Standard;Single;10;Standard Gyro;Standard Cockpit;Standard Jump Jet;Standard
Cicada;0;CDA-3M;FALSE;FALSE;FALSE;FALSE;7097444;0.0;0.0;0.0;120.0;30.0;0.0;30.0;340;100;1;2;2;CDA-2A;CDA-2A;CDA-3M;CDA-3M;CDA-2A;CDA-2A;CDA-2A;CDA-2A;XL Engine (IS);320;Standard;Standard;Single;10;Standard Gyro;Standard Cockpit;Standard Jump Jet;Standard
Cicada;0;CDA-X5;FALSE;FALSE;FALSE;TRUE;0;0.0;0.0;0.0;125.0;30.0;0.0;30.0;340;100;1;2;2;CDA-X5;CDA-X5;CDA-X5;CDA-X5;CDA-3C;CDA-2A;CDA-2A;CDA-2A;XL Engine (IS);330;Standard;Standard;Single;10;Standard Gyro;Standard Cockpit;Standard Jump Jet;Standard
Crab;0;CRB-20;FALSE;FALSE;FALSE;FALSE;3703201;0.0;0.0;0.0;115.0;25.0;35.0;30.0;325;100;1;2;2;CRB-20;CRB-20;CRB-20;CRB-20;CRB-20;CRB-20;CRB-20;CRB-20;Standard Engine;250;Standard;Standard;Single;10;Standard Gyro;Standard Cockpit;Standard Jump Jet;Standard
Crab;0;CRB-27;FALSE;FALSE;FALSE;FALSE;3792733;0.0;0.0;0.0;115.0;25.0;35.0;30.0;325;100;1;2;2;CRB-20;CRB-20;CRB-20;CRB-27;CRB-20;CRB-20;CRB-20;CRB-20;Standard Engine;250;Standard;Standard;Single;10;Standard Gyro;Standard Cockpit;Standard Jump Jet;Standard
Crab;0;CRB-27B;FALSE;FALSE;FALSE;FALSE;4240733;0.0;0.0;0.0;115.0;25.0;35.0;30.0;325;100;1;2;2;CRB-27B;CRB-27B;CRB-20;CRB-20;CRB-27B;CRB-20;CRB-20;CRB-20;Standard Engine;250;Standard;Standard;Single;10;Standard Gyro;Standard Cockpit;Standard Jump Jet;Standard
Crab;0;CRB-27SL;FALSE;FALSE;FALSE;FALSE;7144233;0.0;0.0;0.0;115.0;25.0;35.0;30.0;325;100;1;2;2;CRB-20;CRB-20;CRB-20;CRB-20;CRB-27SL;CRB-20;CRB-20;CRB-20;Standard Engine;250;Standard;Standard;Single;10;Standard Gyro;Standard Cockpit;Standard Jump Jet;Standard
Crab;0;CRB-HERO;TRUE;TRUE;FALSE;TRUE;0;0.0;0.0;0.0;115.0;25.0;35.0;30.0;325;100;1;2;2;CRB-20;CRB-20;CRB-20;CRB-20;CRB-20;CRB-20;CRB-20;CRB-20;Standard Engine;250;Standard;Standard;Single;10;Standard Gyro;Standard Cockpit;Standard Jump Jet;Standard
Commando;0;COM-1B;FALSE;FALSE;FALSE;FALSE;1744526;0.0;0.0;0.0;90.0;20.0;40.0;30.0;240;100;1;2;2;COM-1B;COM-1B;COM-1B;COM-1B;COM-1B;COM-1B;COM-1B;COM-1B;Standard Engine;150;Standard;Standard;Single;10;Standard Gyro;Standard Cockpit;Standard Jump Jet;Standard
Commando;0;COM-1D;FALSE;FALSE;FALSE;FALSE;1744526;0.0;0.0;0.0;90.0;20.0;40.0;30.0;240;100;1;2;2;COM-1B;COM-1D;COM-1B;COM-1B;COM-1D;COM-1B;COM-1B;COM-1B;Standard Engine;150;Standard;Standard;Single;10;Standard Gyro;Standard Cockpit;Standard Jump Jet;Standard
Commando;0;COM-2D;FALSE;FALSE;FALSE;FALSE;1781542;0.0;0.0;0.0;90.0;20.0;40.0;30.0;210;100;1;2;2;COM-2D;COM-1B;COM-1B;COM-2D;COM-1B;COM-1B;COM-1B;COM-1B;Standard Engine;150;Standard;Standard;Single;10;Standard Gyro;Standard Cockpit;Standard Jump Jet;Standard
Commando;0;COM-3A;FALSE;FALSE;FALSE;FALSE;1799526;0.0;0.0;0.0;90.0;20.0;40.0;30.0;240;100;1;2;2;COM-3A;COM-1B;COM-1B;COM-1B;COM-1B;COM-1B;COM-1B;COM-1B;Standard Engine;150;Standard;Standard;Single;10;Standard Gyro;Standard Cockpit;Standard Jump Jet;Standard
Commando;0;COM-DK;FALSE;FALSE;FALSE;TRUE;0;0.0;0.0;0.0;90.0;20.0;40.0;30.0;240;100;1;2;2;COM-1B;COM-DK;COM-1B;COM-1B;COM-DK;COM-1B;COM-1B;COM-1B;Standard Engine;175;Standard;Standard;Single;10;Standard Gyro;Standard Cockpit;Standard Jump Jet;Standard
Dire Wolf;0;DWF-PRIME;FALSE;FALSE;FALSE;FALSE;17785963;0.0;0.0;0.0;60.0;20.0;30.0;30.0;300;300;1;2;2;DWF-PRIME;DWF-PRIME;DWF-PRIME;DWF-PRIME;DWF-PRIME;DWF-PRIME;DWF-PRIME;DWF-PRIME;XL Engine (CL);300;Standard;Standard;Double (CL);15;Standard Gyro;Standard Cockpit;Standard Jump Jet;Standard
Dire Wolf;0;DWF-A;FALSE;FALSE;FALSE;FALSE;17149906;0.0;0.0;0.0;60.0;20.0;30.0;30.0;300;300;1;2;2;DWF-A;DWF-A;DWF-A;DWF-A;DWF-A;DWF-A;DWF-A;DWF-A;XL Engine (CL);300;Standard;Standard;Double (CL);15;Standard Gyro;Standard Cockpit;Standard Jump Jet;Standard
Dire Wolf;0;DWF-B;FALSE;FALSE;FALSE;FALSE;17838493;0.0;0.0;0.0;60.0;20.0;30.0;30.0;300;300;1;2;2;DWF-B;DWF-B;DWF-B;DWF-B;DWF-B;DWF-B;DWF-B;DWF-B;XL Engine (CL);300;Standard;Standard;Double (CL);15;Standard Gyro;Standard Cockpit;Standard Jump Jet;Standard
Dire Wolf;0;DWF-S;FALSE;FALSE;FALSE;FALSE;17367846;0.0;0.0;0.0;60.0;20.0;30.0;30.0;300;300;1;2;2;DWF-S;DWF-S;DWF-S;DWF-S;DWF-S;DWF-S;DWF-S;DWF-S;XL Engine (CL);300;Standard;Standard;Double (CL);15;Standard Gyro;Standard Cockpit;Standard Jump Jet;Standard
Dire Wolf;0;DWF-W;FALSE;FALSE;FALSE;FALSE;17536496;0.0;0.0;0.0;60.0;20.0;30.0;30.0;300;300;1;2;2;DWF-W;DWF-W;DWF-W;DWF-W;DWF-W;DWF-W;DWF-W;DWF-W;XL Engine (CL);300;Standard;Standard;Double (CL);15;Standard Gyro;Standard Cockpit;Standard Jump Jet;Standard
Dire Wolf;0;DWF-W©;FALSE;FALSE;TRUE;FALSE;17536496;0.0;0.0;0.0;60.0;20.0;30.0;30.0;300;300;1;2;2;DWF-W;DWF-W;DWF-W;DWF-W;DWF-W;DWF-W;DWF-W;DWF-W;XL Engine (CL);300;Standard;Standard;Double (CL);15;Standard Gyro;Standard Cockpit;Standard Jump Jet;Standard
Dragon;0;DGN-1C;FALSE;FALSE;FALSE;FALSE;4745200;0.0;0.0;0.0;90.0;20.0;40.0;30.0;360;120;2;2;2;DGN-1C;DGN-1C;DGN-1C;DGN-1C;DGN-1C;DGN-1C;DGN-1C;DGN-1C;Standard Engine;300;Standard;Standard;Single;10;Standard Gyro;Standard Cockpit;Standard Jump Jet;Standard
Dragon;0;DGN-1N;FALSE;FALSE;FALSE;FALSE;4827559;0.0;0.0;0.0;90.0;20.0;40.0;30.0;360;120;2;2;2;DGN-1N;DGN-1N;DGN-1C;DGN-1N;DGN-1N;DGN-1C;DGN-1C;DGN-1C;Standard Engine;300;Standard;Standard;Single;10;Standard Gyro;Standard Cockpit;Standard Jump Jet;Standard
Dragon;0;DGN-5N;FALSE;FALSE;FALSE;FALSE;5097559;0.0;0.0;0.0;90.0;20.0;40.0;30.0;360;120;2;2;2;DGN-5N;DGN-1C;DGN-1C;DGN-5N;DGN-1C;DGN-1C;DGN-1C;DGN-1C;Standard Engine;300;Standard;Standard;Single;10;Standard Gyro;Standard Cockpit;Standard Jump Jet;Standard
Dragon;0;DGN-5N©;FALSE;FALSE;TRUE;FALSE;0;0.0;0.0;0.0;90.0;20.0;40.0;30.0;360;120;2;2;2;DGN-5N;DGN-1C;DGN-1C;DGN-5N;DGN-1C;DGN-1C;DGN-1C;DGN-1C;XL Engine (IS);300;Standard;Standard;Single;10;Standard Gyro;Standard Cockpit;Standard Jump Jet;Standard
Dragon;0;DGN-FANG;FALSE;FALSE;FALSE;TRUE;0;0.0;0.0;0.0;90.0;20.0;40.0;30.0;360;120;2;2;2;DGN-1N;DGN-1C;DGN-1C;DGN-1N;DGN-1C;DGN-1C;DGN-1C;DGN-1C;Standard Engine;300;Standard;Standard;Single;10;Standard Gyro;Standard Cockpit;Standard Jump Jet;Standard
Dragon;0;DGN-FLAME;FALSE;FALSE;FALSE;TRUE;0;0.0;0.0;0.0;90.0;20.0;40.0;30.0;360;120;2;2;2;DGN-FLAME;DGN-1C;DGN-1C;DGN-FLAME;DGN-1C;DGN-1C;DGN-1C;DGN-1C;Standard Engine;300;Standard;Standard;Single;10;Standard Gyro;Standard Cockpit;Standard Jump Jet;Standard
Ebon Jaguar;0;EBJ-PRIME;FALSE;FALSE;FALSE;FALSE;12321989;0.0;0.0;0.0;100.0;20.0;20.0;30.0;325;325;1;2;2;EBJ-PRIME;EBJ-PRIME;EBJ-PRIME;EBJ-PRIME;EBJ-PRIME;EBJ-PRIME;EBJ-PRIME;EBJ-PRIME;XL Engine (CL);325;Ferro Fibrous (CL);Endo Steel (CL);Double (CL);13;Standard Gyro;Standard Cockpit;Standard Jump Jet;Standard
Ebon Jaguar;0;EBJ-A;FALSE;FALSE;FALSE;FALSE;13141764;0.0;0.0;0.0;100.0;20.0;20.0;30.0;325;325;1;2;2;EBJ-A;EBJ-A;EBJ-A;EBJ-A;EBJ-A;EBJ-A;EBJ-A;EBJ-A;XL Engine (CL);325;Ferro Fibrous (CL);Endo Steel (CL);Double (CL);13;Standard Gyro;Standard Cockpit;Standard Jump Jet;Standard
Ebon Jaguar;0;EBJ-B;FALSE;FALSE;FALSE;FALSE;13324809;0.0;0.0;0.0;100.0;20.0;20.0;30.0;325;325;1;2;2;EBJ-B;EBJ-B;EBJ-B;EBJ-B;EBJ-B;EBJ-B;EBJ-B;EBJ-B;XL Engine (CL);325;Ferro Fibrous (CL);Endo Steel (CL);Double (CL);13;Standard Gyro;Standard Cockpit;Standard Jump Jet;Standard
Ebon Jaguar;0;EBJ-C;FALSE;FALSE;FALSE;FALSE;12415149;0.0;0.0;0.0;100.0;20.0;20.0;30.0;325;325;1;2;2;EBJ-C;EBJ-C;EBJ-C;EBJ-C;EBJ-C;EBJ-C;EBJ-C;EBJ-C;XL Engine (CL);325;Ferro Fibrous (CL);Endo Steel (CL);Double (CL);13;Standard Gyro;Standard Cockpit;Standard Jump Jet;Standard
Enforcer;0;ENF-4P;FALSE;FALSE;FALSE;FALSE;4080698;0.0;0.0;0.0;125.0;20.0;35.0;30.0;325;100;1;2;2;ENF-4P;ENF-4P;ENF-4P;ENF-4P;ENF-4P;ENF-4P;ENF-4P;ENF-4P;Standard Engine;250;Standard;Standard;Single;10;Standard Gyro;Standard Cockpit;Standard Jump Jet;Standard
Enforcer;0;ENF-4R;FALSE;FALSE;FALSE;FALSE;3818468;0.0;0.0;0.0;125.0;20.0;35.0;30.0;325;100;1;2;2;ENF-4R;ENF-4R;ENF-4P;ENF-4P;ENF-4R;ENF-4P;ENF-4P;ENF-4P;Standard Engine;250;Standard;Standard;Single;10;Standard Gyro;Standard Cockpit;Standard Jump Jet;Standard
Enforcer;0;ENF-4R©;FALSE;FALSE;TRUE;FALSE;3818468;0.0;0.0;0.0;125.0;20.0;35.0;30.0;325;100;1;2;2;ENF-4R;ENF-4R;ENF-4P;ENF-4P;ENF-4R;ENF-4P;ENF-4P;ENF-4P;Standard Engine;250;Standard;Standard;Single;10;Standard Gyro;Standard Cockpit;Standard Jump Jet;Standard
Enforcer;0;ENF-5D;FALSE;FALSE;FALSE;FALSE;7566723;0.0;0.0;0.0;125.0;20.0;35.0;30.0;325;100;1;2;2;ENF-5D;ENF-5D;ENF-4P;ENF-4P;ENF-5D;ENF-4P;ENF-4P;ENF-4P;Standard Engine;250;Standard;Standard;Single;10;Standard Gyro;Standard Cockpit;Standard Jump Jet;Standard
Enforcer;0;ENF-5P;FALSE;FALSE;FALSE;FALSE;6743201;0.0;0.0;0.0;125.0;20.0;35.0;30.0;325;100;1;2;2;ENF-5D;ENF-5P;ENF-4P;ENF-5P;ENF-5P;ENF-4P;ENF-4P;ENF-4P;Standard Engine;250;Standard;Standard;Single;10;Standard Gyro;Standard Cockpit;Standard Jump Jet;Standard
Enforcer;0;ENF-HERO;TRUE;TRUE;FALSE;TRUE;0;0.0;0.0;0.0;125.0;20.0;35.0;30.0;325;100;1;2;2;ENF-4P;ENF-4P;ENF-4P;ENF-4P;ENF-4P;ENF-4P;ENF-4P;ENF-4P;Standard Engine;250;Standard;Standard;Single;10;Standard Gyro;Standard Cockpit;Standard Jump Jet;Standard
Executioner;0;EXE-PRIME;FALSE;FALSE;FALSE;FALSE;0;0.0;0.0;0.0;90.0;20.0;20.0;30.0;380;380;1;2;2;EXE-PRIME;EXE-PRIME;EXE-PRIME;EXE-PRIME;EXE-PRIME;EXE-PRIME;EXE-PRIME;EXE-PRIME;XL Engine (CL);380;Ferro Fibrous (CL);Standard;Double (CL);16;Standard Gyro;Standard Cockpit;Standard Jump Jet;Standard
Executioner;0;EXE-A;FALSE;FALSE;FALSE;FALSE;0;0.0;0.0;0.0;90.0;20.0;20.0;30.0;380;380;1;2;2;EXE-A;EXE-A;EXE-A;EXE-A;EXE-A;EXE-A;EXE-A;EXE-A;XL Engine (CL);380;Ferro Fibrous (CL);Standard;Double (CL);16;Standard Gyro;Standard Cockpit;Standard Jump Jet;Standard
Executioner;0;EXE-B;FALSE;FALSE;FALSE;FALSE;0;0.0;0.0;0.0;90.0;20.0;20.0;30.0;380;380;1;2;2;EXE-B;EXE-B;EXE-B;EXE-B;EXE-B;EXE-B;EXE-B;EXE-B;XL Engine (CL);380;Ferro Fibrous (CL);Standard;Double (CL);16;Standard Gyro;Standard Cockpit;Standard Jump Jet;Standard
Executioner;0;EXE-C;FALSE;FALSE;FALSE;FALSE;0;0.0;0.0;0.0;90.0;20.0;20.0;30.0;380;380;1;2;2;EXE-C;EXE-C;EXE-C;EXE-C;EXE-C;EXE-C;EXE-C;EXE-C;XL Engine (CL);380;Ferro Fibrous (CL);Standard;Double (CL);16;Standard Gyro;Standard Cockpit;Standard Jump Jet;Standard
Executioner;0;EXE-D;FALSE;FALSE;FALSE;FALSE;0;0.0;0.0;0.0;90.0;20.0;20.0;30.0;380;380;1;2;2;EXE-D;EXE-D;EXE-D;EXE-D;EXE-D;EXE-D;EXE-D;EXE-D;XL Engine (CL);380;Ferro Fibrous (CL);Standard;Double (CL);16;Standard Gyro;Standard Cockpit;Standard Jump Jet;Standard
Firestarter;0;FS9-A;FALSE;FALSE;FALSE;FALSE;2662358;0.0;0.0;0.0;100.0;15.0;25.0;30.0;295;100;1;2;2;FS9-A;FS9-A;FS9-A;FS9-A;FS9-A;FS9-A;FS9-A;FS9-A;Standard Engine;210;Standard;Standard;Single;10;Standard Gyro;Standard Cockpit;Standard Jump Jet;Standard
Firestarter;0;FS9-H;FALSE;FALSE;FALSE;FALSE;2629342;0.0;0.0;0.0;100.0;15.0;25.0;30.0;295;100;1;2;2;FS9-A;FS9-A;FS9-H;FS9-H;FS9-A;FS9-A;FS9-A;FS9-A;Standard Engine;210;Standard;Standard;Single;10;Standard Gyro;Standard Cockpit;Standard Jump Jet;Standard
Firestarter;0;FS9-K;FALSE;FALSE;FALSE;FALSE;2662342;0.0;0.0;0.0;100.0;15.0;25.0;30.0;295;100;1;2;2;FS9-K;FS9-K;FS9-K;FS9-K;FS9-A;FS9-A;FS9-A;FS9-A;Standard Engine;210;Standard;Standard;Single;10;Standard Gyro;Standard Cockpit;Standard Jump Jet;Standard
Firestarter;0;FS9-S;FALSE;FALSE;FALSE;FALSE;3231842;0.0;0.0;0.0;100.0;15.0;25.0;30.0;295;100;1;2;2;FS9-A;FS9-A;FS9-A;FS9-S;FS9-A;FS9-A;FS9-A;FS9-A;Standard Engine;210;Standard;Standard;Single;10;Standard Gyro;Standard Cockpit;Standard Jump Jet;Standard
Firestarter;0;FS9-S©;FALSE;FALSE;TRUE;FALSE;0;0.0;0.0;0.0;100.0;15.0;25.0;30.0;295;100;1;2;2;FS9-A;FS9-A;FS9-A;FS9-S;FS9-A;FS9-A;FS9-A;FS9-A;XL Engine (IS);295;Standard;Standard;Single;10;Standard Gyro;Standard Cockpit;Standard Jump Jet;Standard
Firestarter;0;FS9-E;FALSE;FALSE;FALSE;TRUE;0;0.0;0.0;0.0;100.0;15.0;25.0;30.0;295;100;1;2;2;FS9-A;FS9-A;FS9-E;FS9-E;FS9-E;FS9-A;FS9-A;FS9-A;Standard Engine;210;Standard;Standard;Single;10;Standard Gyro;Standard Cockpit;Standard Jump Jet;Standard
Flea;0;FLE-4;FALSE;TRUE;FALSE;FALSE;0;0.0;0.0;0.0;130.0;20.0;0.0;60.0;170;100;1;2;2;FLE-4;FLE-4;FLE-4;FLE-4;FLE-4;FLE-4;FLE-4;FLE-4;Standard Engine;120;Standard;Standard;Single;10;Standard Gyro;Standard Cockpit;Standard Jump Jet;Standard
Flea;0;FLE-15;FALSE;TRUE;FALSE;FALSE;0;0.0;0.0;0.0;130.0;20.0;0.0;60.0;170;100;1;2;2;FLE-15;FLE-15;FLE-15;FLE-15;FLE-4;FLE-4;FLE-4;FLE-4;Standard Engine;120;Standard;Standard;Single;10;Standard Gyro;Standard Cockpit;Standard Jump Jet;Standard
Flea;0;FLE-17;FALSE;TRUE;FALSE;FALSE;0;0.0;0.0;0.0;130.0;20.0;0.0;60.0;170;100;1;2;2;FLE-15;FLE-17;FLE-15;FLE-15;FLE-4;FLE-4;FLE-4;FLE-4;Standard Engine;120;Standard;Standard;Single;10;Standard Gyro;Standard Cockpit;Standard Jump Jet;Standard
Flea;0;FLE-HERO;TRUE;TRUE;FALSE;TRUE;0;0.0;0.0;0.0;130.0;20.0;0.0;60.0;170;100;1;2;2;FLE-4;FLE-4;FLE-4;FLE-4;FLE-4;FLE-4;FLE-4;FLE-4;Standard Engine;120;Standard;Standard;Single;10;Standard Gyro;Standard Cockpit;Standard Jump Jet;Standard
Gargoyle;0;GAR-PRIME;FALSE;FALSE;FALSE;FALSE;15167822;0.0;0.0;0.0;90.0;20.0;20.0;30.0;400;400;1;2;2;GAR-PRIME;GAR-PRIME;GAR-PRIME;GAR-PRIME;GAR-PRIME;GAR-PRIME;GAR-PRIME;GAR-PRIME;XL Engine (CL);400;Ferro Fibrous (CL);Standard;Double (CL);16;Standard Gyro;Standard Cockpit;Standard Jump Jet;Standard
Gargoyle;0;GAR-A;FALSE;FALSE;FALSE;FALSE;15593762;0.0;0.0;0.0;90.0;20.0;20.0;30.0;400;400;1;2;2;GAR-A;GAR-A;GAR-A;GAR-A;GAR-A;GAR-A;GAR-A;GAR-A;XL Engine (CL);400;Ferro Fibrous (CL);Standard;Double (CL);16;Standard Gyro;Standard Cockpit;Standard Jump Jet;Standard
Gargoyle;0;GAR-B;FALSE;FALSE;FALSE;FALSE;15015380;0.0;0.0;0.0;90.0;20.0;20.0;30.0;400;400;1;2;2;GAR-B;GAR-B;GAR-B;GAR-B;GAR-B;GAR-B;GAR-B;GAR-B;XL Engine (CL);400;Ferro Fibrous (CL);Standard;Double (CL);16;Standard Gyro;Standard Cockpit;Standard Jump Jet;Standard
Gargoyle;0;GAR-C;FALSE;FALSE;FALSE;FALSE;15733594;0.0;0.0;0.0;90.0;20.0;20.0;30.0;400;400;1;2;2;GAR-C;GAR-C;GAR-C;GAR-C;GAR-C;GAR-C;GAR-C;GAR-C;XL Engine (CL);400;Ferro Fibrous (CL);Standard;Double (CL);16;Standard Gyro;Standard Cockpit;Standard Jump Jet;Standard
Gargoyle;0;GAR-D;FALSE;FALSE;FALSE;FALSE;15031762;0.0;0.0;0.0;90.0;20.0;20.0;30.0;400;400;1;2;2;GAR-D;GAR-D;GAR-D;GAR-D;GAR-D;GAR-D;GAR-D;GAR-D;XL Engine (CL);400;Ferro Fibrous (CL);Standard;Double (CL);16;Standard Gyro;Standard Cockpit;Standard Jump Jet;Standard
Grasshopper;0;GHR-5H;FALSE;FALSE;FALSE;FALSE;5911055;0.0;0.0;0.0;120.0;20.0;30.0;30.0;340;140;1;2;2;GHR-5H;GHR-5H;GHR-5H;GHR-5H;GHR-5H;GHR-5H;GHR-5H;GHR-5H;Standard Engine;280;Standard;Standard;Single;10;Standard Gyro;Standard Cockpit;Standard Jump Jet;Standard
Grasshopper;0;GHR-5J;FALSE;FALSE;FALSE;FALSE;6200995;0.0;0.0;0.0;120.0;20.0;30.0;30.0;340;140;1;2;2;GHR-5J;GHR-5J;GHR-5J;GHR-5J;GHR-5J;GHR-5H;GHR-5J;GHR-5J;Standard Engine;280;Standard;Standard;Single;10;Standard Gyro;Standard Cockpit;Standard Jump Jet;Standard
Grasshopper;0;GHR-5N;FALSE;FALSE;FALSE;FALSE;6100995;0.0;0.0;0.0;120.0;20.0;30.0;30.0;340;140;1;2;2;GHR-5J;GHR-5J;GHR-5H;GHR-5N;GHR-5N;GHR-5N;GHR-5N;GHR-5N;Standard Engine;280;Standard;Standard;Single;10;Standard Gyro;Standard Cockpit;Standard Jump Jet;Standard
Grasshopper;0;GHR-5P;FALSE;FALSE;FALSE;FALSE;6542003;0.0;0.0;0.0;120.0;20.0;30.0;30.0;340;140;1;2;2;GHR-5P;GHR-5P;GHR-5P;GHR-5P;GHR-5H;GHR-5N;GHR-5P;GHR-5P;Standard Engine;280;Standard;Standard;Single;10;Standard Gyro;Standard Cockpit;Standard Jump Jet;Standard
Grasshopper;0;GHR-HERO;TRUE;TRUE;FALSE;TRUE;0;0.0;0.0;0.0;120.0;20.0;30.0;30.0;340;140;1;2;2;GHR-5H;GHR-5H;GHR-5H;GHR-5H;GHR-5H;GHR-5H;GHR-5H;GHR-5H;Standard Engine;280;Standard;Standard;Single;10;Standard Gyro;Standard Cockpit;Standard Jump Jet;Standard
Griffin;0;GRF-1N;FALSE;FALSE;FALSE;FALSE;4696843;0.0;0.0;0.0;130.0;25.0;35.0;30.0;360;110;1;2;2;GRF-1N;GRF-1N;GRF-1N;GRF-1N;GRF-1N;GRF-1N;GRF-1N;GRF-1N;XL Engine (IS);275;Standard;Standard;Single;10;Standard Gyro;Standard Cockpit;Standard Jump Jet;Standard
Griffin;0;GRF-1S;FALSE;FALSE;FALSE;FALSE;4486783;0.0;0.0;0.0;130.0;25.0;35.0;30.0;360;110;1;2;2;GRF-1S;GRF-1N;GRF-1S;GRF-1S;GRF-1N;GRF-1N;GRF-1N;GRF-1N;XL Engine (IS);275;Standard;Standard;Single;10;Standard Gyro;Standard Cockpit;Standard Jump Jet;Standard
Griffin;0;GRF-1S©;FALSE;FALSE;TRUE;FALSE;4486783;0.0;0.0;0.0;130.0;25.0;35.0;30.0;360;110;1;2;2;GRF-1S;GRF-1N;GRF-1S;GRF-1S;GRF-1N;GRF-1N;GRF-1N;GRF-1N;XL Engine (IS);275;Standard;Standard;Single;10;Standard Gyro;Standard Cockpit;Standard Jump Jet;Standard
Griffin;0;GRF-2N;FALSE;FALSE;FALSE;FALSE;5619335;0.0;0.0;0.0;130.0;25.0;35.0;30.0;360;110;1;2;2;GRF-2N;GRF-1N;GRF-2N;GRF-2N;GRF-1N;GRF-1N;GRF-1N;GRF-1N;XL Engine (IS);275;Standard;Standard;Single;10;Standard Gyro;Standard Cockpit;Standard Jump Jet;Standard
Griffin;0;GRF-3M;FALSE;FALSE;FALSE;FALSE;8277351;0.0;0.0;0.0;130.0;25.0;35.0;30.0;360;110;1;2;2;GRF-3M;GRF-1N;GRF-3M;GRF-3M;GRF-1N;GRF-1N;GRF-1N;GRF-1N;XL Engine (IS);275;Standard;Standard;Single;10;Standard Gyro;Standard Cockpit;Standard Jump Jet;Standard
Griffin;0;GRF-1E;FALSE;FALSE;FALSE;TRUE;0;0.0;0.0;0.0;130.0;25.0;35.0;30.0;360;110;1;2;2;GRF-2N;GRF-1E;GRF-1E;GRF-3M;GRF-1N;GRF-1N;GRF-1N;GRF-1N;Standard Engine;275;Standard;Standard;Single;10;Standard Gyro;Standard Cockpit;Standard Jump Jet;Standard
Hellbringer;0;HBR-PRIME;FALSE;FALSE;FALSE;FALSE;13695385;0.0;0.0;0.0;100.0;20.0;20.0;30.0;325;325;1;2;2;HBR-PRIME;HBR-PRIME;HBR-PRIME;HBR-PRIME;HBR-PRIME;HBR-PRIME;HBR-PRIME;HBR-PRIME;XL Engine (CL);325;Standard;Standard;Double (CL);13;Standard Gyro;Standard Cockpit;Standard Jump Jet;Standard
Hellbringer;0;HBR-A;FALSE;FALSE;FALSE;FALSE;13151413;0.0;0.0;0.0;100.0;20.0;20.0;30.0;325;325;1;2;2;HBR-A;HBR-A;HBR-A;HBR-A;HBR-A;HBR-A;HBR-A;HBR-A;XL Engine (CL);325;Standard;Standard;Double (CL);13;Standard Gyro;Standard Cockpit;Standard Jump Jet;Standard
Hellbringer;0;HBR-B;FALSE;FALSE;FALSE;FALSE;12403883;0.0;0.0;0.0;100.0;20.0;20.0;30.0;325;325;1;2;2;HBR-B;HBR-B;HBR-B;HBR-B;HBR-B;HBR-B;HBR-B;HBR-B;XL Engine (CL);325;Standard;Standard;Double (CL);13;Standard Gyro;Standard Cockpit;Standard Jump Jet;Standard
Highlander;0;HGN-732;FALSE;FALSE;FALSE;FALSE;9032840;0.0;0.0;0.0;90.0;20.0;20.0;30.0;325;180;1;2;2;HGN-732;HGN-732;HGN-732;HGN-732;HGN-732;HGN-732;HGN-732;HGN-732;Standard Engine;270;Standard;Standard;Single;10;Standard Gyro;Standard Cockpit;Standard Jump Jet;Standard
Highlander;0;HGN-733;FALSE;FALSE;FALSE;FALSE;8504422;0.0;0.0;0.0;90.0;20.0;20.0;30.0;325;180;1;2;2;HGN-732;HGN-732;HGN-733;HGN-733;HGN-732;HGN-732;HGN-732;HGN-732;Standard Engine;270;Standard;Standard;Single;10;Standard Gyro;Standard Cockpit;Standard Jump Jet;Standard
Highlander;0;HGN-733C;FALSE;FALSE;FALSE;FALSE;8655368;0.0;0.0;0.0;90.0;10.0;20.0;30.0;325;180;1;2;2;HGN-733C;HGN-733C;HGN-733;HGN-733;HGN-733C;HGN-732;HGN-732;HGN-732;Standard Engine;270;Standard;Standard;Single;10;Standard Gyro;Standard Cockpit;Standard Jump Jet;Standard
Highlander;0;HGN-733C©;FALSE;FALSE;TRUE;FALSE;0;0.0;0.0;0.0;90.0;10.0;20.0;30.0;325;180;1;2;2;HGN-733C;HGN-733C;HGN-733;HGN-733;HGN-733C;HGN-732;HGN-732;HGN-732;Standard Engine;300;Standard;Standard;Single;10;Standard Gyro;Standard Cockpit;Standard Jump Jet;Standard
Highlander;0;HGN-733P;FALSE;FALSE;FALSE;FALSE;8520422;0.0;0.0;0.0;90.0;20.0;20.0;30.0;325;180;1;2;2;HGN-733P;HGN-733C;HGN-733;HGN-733;HGN-732;HGN-732;HGN-732;HGN-732;Standard Engine;270;Standard;Standard;Single;10;Standard Gyro;Standard Cockpit;Standard Jump Jet;Standard
Highlander;0;HGN-HM;FALSE;FALSE;FALSE;TRUE;0;0.0;0.0;0.0;90.0;20.0;20.0;30.0;330;180;1;2;2;HGN-733C;HGN-HM;HGN-HM;HGN-733;HGN-HM;HGN-732;HGN-732;HGN-732;XL Engine (IS);275;Standard;Standard;Single;10;Standard Gyro;Standard Cockpit;Standard Jump Jet;Standard
Highlander IIC;0;1;FALSE;FALSE;FALSE;FALSE;0;0.0;0.0;0.0;85.0;20.0;20.0;30.0;325;180;1;2;2;1;1;1;1;1;1;1;1;Standard Engine;270;Standard;Standard;Single;10;Standard Gyro;Standard Cockpit;Standard Jump Jet;Standard
Highlander IIC;0;A;FALSE;FALSE;FALSE;FALSE;0;0.0;0.0;0.0;85.0;20.0;20.0;30.0;325;180;1;2;2;A;A;A;A;A;A;A;A;Standard Engine;270;Standard;Standard;Single;10;Standard Gyro;Standard Cockpit;Standard Jump Jet;Standard
Highlander IIC;0;B;FALSE;FALSE;FALSE;FALSE;0;0.0;0.0;0.0;85.0;20.0;20.0;30.0;325;180;1;2;2;B;B;B;B;B;B;B;B;Standard Engine;270;Standard;Standard;Single;10;Standard Gyro;Standard Cockpit;Standard Jump Jet;Standard
Highlander IIC;0;C;FALSE;FALSE;FALSE;FALSE;0;0.0;0.0;0.0;85.0;20.0;20.0;30.0;325;180;1;2;2;C;C;C;C;C;C;C;C;Standard Engine;270;Standard;Standard;Single;10;Standard Gyro;Standard Cockpit;Standard Jump Jet;Standard
Hunchback;0;HBK-4G;FALSE;FALSE;FALSE;FALSE;3694490;0.0;0.0;0.0;125.0;25.0;40.0;35.0;275;100;2;2;2;HBK-4G;HBK-4G;HBK-4G;HBK-4G;HBK-4G;HBK-4G;HBK-4G;HBK-4G;Standard Engine;200;Standard;Standard;Single;10;Standard Gyro;Standard Cockpit;Standard Jump Jet;Standard
Hunchback;0;HBK-4H;FALSE;FALSE;FALSE;FALSE;3646484;0.0;0.0;0.0;125.0;20.0;40.0;35.0;275;100;2;2;2;HBK-4G;HBK-4G;HBK-4H;HBK-4G;HBK-4G;HBK-4G;HBK-4G;HBK-4G;Standard Engine;200;Standard;Standard;Single;10;Standard Gyro;Standard Cockpit;Standard Jump Jet;Standard
Hunchback;0;HBK-4J;FALSE;FALSE;FALSE;FALSE;3778604;0.0;0.0;0.0;125.0;20.0;40.0;35.0;275;100;2;2;2;HBK-4G;HBK-4G;HBK-4J;HBK-4G;HBK-4G;HBK-4G;HBK-4G;HBK-4G;Standard Engine;200;Standard;Standard;Single;10;Standard Gyro;Standard Cockpit;Standard Jump Jet;Standard
Hunchback;0;HBK-4P;FALSE;FALSE;FALSE;FALSE;3594484;0.0;0.0;0.0;125.0;20.0;40.0;35.0;275;100;2;2;2;HBK-4G;HBK-4G;HBK-4P;HBK-4G;HBK-4G;HBK-4G;HBK-4G;HBK-4G;Standard Engine;200;Standard;Standard;Single;10;Standard Gyro;Standard Cockpit;Standard Jump Jet;Standard
Hunchback;0;HBK-4P©;FALSE;FALSE;TRUE;FALSE;0;0.0;0.0;0.0;125.0;20.0;40.0;35.0;275;100;2;2;2;HBK-4G;HBK-4G;HBK-4P;HBK-4G;HBK-4G;HBK-4G;HBK-4G;HBK-4G;Standard Engine;260;Standard;Standard;Single;10;Standard Gyro;Standard Cockpit;Standard Jump Jet;Standard
Hunchback;0;HBK-4SP;FALSE;FALSE;FALSE;FALSE;3632484;0.0;0.0;0.0;125.0;20.0;40.0;35.0;275;100;2;2;2;HBK-4SP;HBK-4SP;HBK-4SP;HBK-4SP;HBK-4G;HBK-4G;HBK-4G;HBK-4G;Standard Engine;200;Standard;Standard;Single;10;Standard Gyro;Standard Cockpit;Standard Jump Jet;Standard
Hunchback;0;HBK-GI;FALSE;FALSE;FALSE;TRUE;0;0.0;0.0;0.0;125.0;25.0;40.0;35.0;275;100;2;2;2;HBK-4G;HBK-4G;HBK-GI;HBK-4SP;HBK-4G;HBK-4G;HBK-4G;HBK-4G;XL Engine (IS);200;Standard;Standard;Single;10;Standard Gyro;Standard Cockpit;Standard Jump Jet;Standard
Hunchback IIC;0;1;FALSE;FALSE;FALSE;FALSE;0;0.0;0.0;0.0;115.0;20.0;40.0;35.0;275;100;1;2;2;1;1;1;1;1;1;1;1;XL Engine (CL);200;Standard;Standard;Single;10;Standard Gyro;Standard Cockpit;Standard Jump Jet;Standard
Hunchback IIC;0;A;FALSE;FALSE;FALSE;FALSE;0;0.0;0.0;0.0;115.0;20.0;40.0;35.0;275;100;1;2;2;1;1;A;A;1;1;1;1;XL Engine (CL);200;Standard;Standard;Single;10;Standard Gyro;Standard Cockpit;Standard Jump Jet;Standard
Hunchback IIC;0;B;FALSE;FALSE;FALSE;FALSE;0;0.0;0.0;0.0;115.0;20.0;40.0;35.0;275;100;1;2;2;1;1;B;B;1;1;1;1;XL Engine (CL);200;Standard;Standard;Single;10;Standard Gyro;Standard Cockpit;Standard Jump Jet;Standard
Hunchback IIC;0;C;FALSE;FALSE;FALSE;FALSE;0;0.0;0.0;0.0;115.0;20.0;40.0;35.0;275;100;1;2;2;C;C;C;C;1;1;1;1;XL Engine (CL);200;Standard;Standard;Single;10;Standard Gyro;Standard Cockpit;Standard Jump Jet;Standard
Ice Ferret;0;IFR-PRIME;FALSE;FALSE;FALSE;FALSE;10489550;0.0;0.0;0.0;130.0;20.0;35.0;30.0;360;360;1;2;2;IFR-PRIME;IFR-PRIME;IFR-PRIME;IFR-PRIME;IFR-PRIME;IFR-PRIME;IFR-PRIME;IFR-PRIME;XL Engine (CL);360;Ferro Fibrous (CL);Endo Steel (CL);Double (CL);12;Standard Gyro;Standard Cockpit;Standard Jump Jet;Standard
Ice Ferret;0;IFR-A;FALSE;FALSE;FALSE;FALSE;10208350;0.0;0.0;0.0;130.0;20.0;35.0;30.0;360;360;1;2;2;IFR-A;IFR-A;IFR-A;IFR-A;IFR-A;IFR-A;IFR-A;IFR-A;XL Engine (CL);360;Ferro Fibrous (CL);Endo Steel (CL);Double (CL);12;Standard Gyro;Standard Cockpit;Standard Jump Jet;Standard
Ice Ferret;0;IFR-B;FALSE;FALSE;FALSE;FALSE;10149049;0.0;0.0;0.0;130.0;20.0;35.0;30.0;360;360;1;2;2;IFR-A;IFR-A;IFR-A;IFR-A;IFR-A;IFR-A;IFR-A;IFR-A;XL Engine (CL);360;Ferro Fibrous (CL);Endo Steel (CL);Double (CL);12;Standard Gyro;Standard Cockpit;Standard Jump Jet;Standard
Ice Ferret;0;IFR-C;FALSE;FALSE;FALSE;FALSE;10065910;0.0;0.0;0.0;130.0;20.0;35.0;30.0;360;360;1;2;2;IFR-C;IFR-C;IFR-C;IFR-C;IFR-C;IFR-C;IFR-C;IFR-C;XL Engine (CL);360;Ferro Fibrous (CL);Endo Steel (CL);Double (CL);12;Standard Gyro;Standard Cockpit;Standard Jump Jet;Standard
Ice Ferret;0;IFR-D;FALSE;FALSE;FALSE;FALSE;10065049;0.0;0.0;0.0;130.0;20.0;35.0;30.0;360;360;1;2;2;IFR-A;IFR-A;IFR-A;IFR-A;IFR-A;IFR-A;IFR-A;IFR-A;XL Engine (CL);360;Ferro Fibrous (CL);Endo Steel (CL);Double (CL);12;Standard Gyro;Standard Cockpit;Standard Jump Jet;Standard
Jagermech;0;JM6-A;FALSE;FALSE;FALSE;FALSE;5473070;0.0;0.0;0.0;90.0;20.0;0.0;35.0;315;130;1;2;2;JM6-A;JM6-A;JM6-A;JM6-A;JM6-A;JM6-A;JM6-A;JM6-A;Standard Engine;260;Standard;Standard;Single;10;Standard Gyro;Standard Cockpit;Standard Jump Jet;Standard
Jagermech;0;JM6-A©;FALSE;FALSE;TRUE;FALSE;5473070;0.0;0.0;0.0;90.0;20.0;0.0;35.0;315;130;1;2;2;JM6-A;JM6-A;JM6-A;JM6-A;JM6-A;JM6-A;JM6-A;JM6-A;Standard Engine;260;Standard;Standard;Single;10;Standard Gyro;Standard Cockpit;Standard Jump Jet;Standard
Jagermech;0;JM6-DD;FALSE;FALSE;FALSE;FALSE;8513253;0.0;0.0;0.0;110.0;20.0;0.0;35.0;315;130;1;2;2;JM6-DD;JM6-DD;JM6-A;JM6-A;JM6-A;JM6-A;JM6-A;JM6-A;XL Engine (IS);260;Standard;Standard;Single;10;Standard Gyro;Standard Cockpit;Standard Jump Jet;Standard
Jagermech;0;JM6-S;FALSE;FALSE;FALSE;FALSE;5201918;0.0;0.0;0.0;110.0;20.0;0.0;35.0;315;130;1;2;2;JM6-S;JM6-S;JM6-S;JM6-S;JM6-A;JM6-A;JM6-A;JM6-A;Standard Engine;260;Standard;Standard;Single;10;Standard Gyro;Standard Cockpit;Standard Jump Jet;Standard
Jagermech;0;JM6-FB;FALSE;FALSE;FALSE;TRUE;0;0.0;0.0;0.0;100.0;20.0;0.0;35.0;340;130;1;2;2;JM6-FB;JM6-FB;JM6-S;JM6-S;JM6-A;JM6-A;JM6-A;JM6-A;XL Engine (IS);280;Standard;Standard;Single;10;Standard Gyro;Standard Cockpit;Standard Jump Jet;Standard
Jenner;0;JR7-D;FALSE;FALSE;FALSE;FALSE;3010018;0.0;0.0;0.0;120.0;20.0;0.0;30.0;300;100;1;2;2;JR7-D;JR7-D;JR7-D;JR7-D;JR7-D;JR7-D;JR7-D;JR7-D;Standard Engine;245;Standard;Standard;Single;10;Standard Gyro;Standard Cockpit;Standard Jump Jet;Standard
Jenner;0;JR7-F;FALSE;FALSE;FALSE;FALSE;2893066;0.0;0.0;0.0;120.0;20.0;0.0;30.0;300;100;1;2;2;JR7-F;JR7-F;JR7-D;JR7-D;JR7-F;JR7-D;JR7-D;JR7-D;Standard Engine;245;Standard;Standard;Single;10;Standard Gyro;Standard Cockpit;Standard Jump Jet;Standard
Jenner;0;JR7-F©;FALSE;FALSE;TRUE;FALSE;0;0.0;0.0;0.0;120.0;20.0;0.0;30.0;300;100;1;2;2;JR7-D;JR7-D;JR7-D;JR7-D;JR7-F;JR7-D;JR7-D;JR7-D;XL Engine (IS);300;Standard;Standard;Single;10;Standard Gyro;Standard Cockpit;Standard Jump Jet;Standard
Jenner;0;JR7-K;FALSE;FALSE;FALSE;FALSE;3139704;0.0;0.0;0.0;120.0;20.0;0.0;30.0;300;100;1;2;2;JR7-D;JR7-D;JR7-D;JR7-D;JR7-K;JR7-D;JR7-D;JR7-D;Standard Engine;245;Standard;Standard;Single;10;Standard Gyro;Standard Cockpit;Standard Jump Jet;Standard
Jenner;0;JR7-O;FALSE;FALSE;FALSE;FALSE;0;0.0;0.0;0.0;110.0;20.0;0.0;30.0;300;100;1;2;2;JR7-O;JR7-O;JR7-D;JR7-D;JR7-O;JR7-D;JR7-D;JR7-D;Standard Engine;235;Standard;Standard;Single;10;Standard Gyro;Standard Cockpit;Standard Jump Jet;Standard
Jenner IIC;0;1;FALSE;FALSE;FALSE;FALSE;0;0.0;0.0;0.0;100.0;20.0;0.0;30.0;315;100;1;2;2;1;1;1;1;1;1;1;1;XL Engine (CL);315;Standard;Standard;Single;10;Standard Gyro;Standard Cockpit;Standard Jump Jet;Standard
Jenner IIC;0;2;FALSE;FALSE;FALSE;FALSE;0;0.0;0.0;0.0;110.0;20.0;0.0;30.0;315;100;1;2;2;2;2;1;1;2;1;1;1;XL Engine (CL);316;Standard;Standard;Single;10;Standard Gyro;Standard Cockpit;Standard Jump Jet;Standard
Jenner IIC;0;3;FALSE;FALSE;FALSE;FALSE;0;0.0;0.0;0.0;110.0;20.0;0.0;30.0;315;100;1;2;2;2;2;1;1;1;1;1;1;XL Engine (CL);317;Standard;Standard;Single;10;Standard Gyro;Standard Cockpit;Standard Jump Jet;Standard
Jenner IIC;0;A;FALSE;FALSE;FALSE;FALSE;0;0.0;0.0;0.0;110.0;20.0;0.0;30.0;315;100;1;2;2;A;A;1;1;A;1;1;1;XL Engine (CL);318;Standard;Standard;Single;10;Standard Gyro;Standard Cockpit;Standard Jump Jet;Standard
King Crab;0;KGC-000;FALSE;FALSE;FALSE;FALSE;10097884;0.0;0.0;0.0;100.0;25.0;0.0;30.0;360;200;1;2;2;KGC-000;KGC-000;KGC-000;KGC-000;KGC-000;KGC-000;KGC-000;KGC-000;Standard Engine;300;Ferro Fibrous (IS);Standard;Single;10;Standard Gyro;Standard Cockpit;Standard Jump Jet;Standard
King Crab;0;KGC-0000;FALSE;FALSE;FALSE;FALSE;9748980;0.0;0.0;0.0;100.0;25.0;0.0;30.0;360;200;1;2;2;KGC-0000;KGC-0000;KGC-0000;KGC-0000;KGC-000;KGC-000;KGC-000;KGC-000;Standard Engine;300;Standard;Standard;Single;10;Standard Gyro;Standard Cockpit;Standard Jump Jet;Standard
King Crab;0;KGC-000B;FALSE;FALSE;FALSE;FALSE;10251950;0.0;0.0;0.0;100.0;25.0;0.0;30.0;360;200;1;2;2;KGC-000B;KGC-000B;KGC-000B;KGC-000B;KGC-000;KGC-000;KGC-000;KGC-000;Standard Engine;300;Standard;Endo Steel (IS);Double (IS);10;Standard Gyro;Standard Cockpit;Standard Jump Jet;Standard
King Crab;0;KGC-000B©;FALSE;FALSE;TRUE;FALSE;10251950;0.0;0.0;0.0;100.0;25.0;0.0;30.0;360;200;1;2;2;KGC-000B;KGC-000B;KGC-000B;KGC-000B;KGC-000;KGC-000;KGC-000;KGC-000;Standard Engine;300;Standard;Endo Steel (IS);Double (IS);10;Standard Gyro;Standard Cockpit;Standard Jump Jet;Standard
King Crab;0;KGC-HERO;FALSE;FALSE;FALSE;FALSE;0;0.0;0.0;0.0;100.0;25.0;0.0;30.0;360;200;1;2;2;KGC-000;KGC-000;KGC-000;KGC-000;KGC-000;KGC-000;KGC-000;KGC-000;Standard Engine;300;Standard;Standard;Single;10;Standard Gyro;Standard Cockpit;Standard Jump Jet;Standard
Kintaro;0;KTO-18;FALSE;FALSE;FALSE;FALSE;4474807;0.0;0.0;0.0;100.0;30.0;35.0;30.0;360;110;1;2;2;KTO-18;KTO-18;KTO-18;KTO-18;KTO-18;KTO-18;KTO-18;KTO-18;Standard Engine;275;Standard;Standard;Single;10;Standard Gyro;Standard Cockpit;Standard Jump Jet;Standard
Kintaro;0;KTO-18©;FALSE;FALSE;TRUE;FALSE;0;0.0;0.0;0.0;100.0;30.0;35.0;30.0;360;110;1;2;2;KTO-18;KTO-18;KTO-18;KTO-18;KTO-18;KTO-18;KTO-18;KTO-18;XL Engine (IS);300;Standard;Standard;Single;10;Standard Gyro;Standard Cockpit;Standard Jump Jet;Standard
Kintaro;0;KTO-19;FALSE;FALSE;FALSE;FALSE;4589395;0.0;0.0;0.0;100.0;30.0;35.0;30.0;360;110;1;2;2;KTO-19;KTO-18;KTO-19;KTO-18;KTO-18;KTO-18;KTO-18;KTO-18;Standard Engine;275;Standard;Standard;Single;10;Standard Gyro;Standard Cockpit;Standard Jump Jet;Standard
Kintaro;0;KTO-20;FALSE;FALSE;FALSE;FALSE;4697395;0.0;0.0;0.0;115.0;35.0;45.0;30.0;360;110;1;2;2;KTO-19;KTO-20;KTO-18;KTO-18;KTO-20;KTO-18;KTO-18;KTO-18;Standard Engine;275;Standard;Standard;Single;10;Standard Gyro;Standard Cockpit;Standard Jump Jet;Standard
Kintaro;0;KTO-GB;FALSE;FALSE;FALSE;TRUE;0;0.0;0.0;0.0;90.0;30.0;20.0;30.0;290;110;1;2;2;KTO-19;KTO-18;KTO-19;KTO-18;KTO-GB;KTO-18;KTO-18;KTO-18;XL Engine (IS);220;Standard;Standard;Single;10;Standard Gyro;Standard Cockpit;Standard Jump Jet;Standard
Kit Fox;0;KFX-PRIME;FALSE;FALSE;FALSE;FALSE;6008129;0.0;0.0;0.0;120.0;20.0;40.0;30.0;180;180;1;2;2;KFX-PRIME;KFX-PRIME;KFX-PRIME;KFX-PRIME;KFX-PRIME;KFX-PRIME;KFX-PRIME;KFX-PRIME;XL Engine (CL);180;Ferro Fibrous (CL);Endo Steel (CL);Double (CL);10;Standard Gyro;Standard Cockpit;Standard Jump Jet;Standard
Kit Fox;0;KFX-A;FALSE;FALSE;FALSE;FALSE;0;0.0;0.0;0.0;120.0;20.0;40.0;30.0;180;180;1;2;2;KFX-A;KFX-A;KFX-A;KFX-A;KFX-A;KFX-A;KFX-A;KFX-A;XL Engine (CL);180;Ferro Fibrous (CL);Endo Steel (CL);Double (CL);10;Standard Gyro;Standard Cockpit;Standard Jump Jet;Standard
Kit Fox;0;KFX-B;FALSE;FALSE;FALSE;FALSE;0;0.0;0.0;0.0;120.0;20.0;40.0;30.0;180;180;1;2;2;KFX-B;KFX-B;KFX-B;KFX-B;KFX-B;KFX-B;KFX-B;KFX-B;XL Engine (CL);180;Ferro Fibrous (CL);Endo Steel (CL);Double (CL);10;Standard Gyro;Standard Cockpit;Standard Jump Jet;Standard
Kit Fox;0;KFX-C;FALSE;FALSE;FALSE;FALSE;6810335;0.0;0.0;0.0;120.0;20.0;40.0;30.0;180;180;1;2;2;KFX-C;KFX-C;KFX-C;KFX-C;KFX-C;KFX-C;KFX-C;KFX-C;XL Engine (CL);180;Ferro Fibrous (CL);Endo Steel (CL);Double (CL);10;Standard Gyro;Standard Cockpit;Standard Jump Jet;Standard
Kit Fox;0;KFX-D;FALSE;FALSE;FALSE;FALSE;5949429;0.0;0.0;0.0;120.0;20.0;40.0;30.0;180;180;1;2;2;KFX-D;KFX-D;KFX-D;KFX-D;KFX-D;KFX-D;KFX-D;KFX-D;XL Engine (CL);180;Ferro Fibrous (CL);Endo Steel (CL);Double (CL);10;Standard Gyro;Standard Cockpit;Standard Jump Jet;Standard
Kit Fox;0;KFX-S;FALSE;FALSE;FALSE;FALSE;5848129;0.0;0.0;0.0;120.0;20.0;40.0;30.0;180;180;1;2;2;KFX-S;KFX-S;KFX-S;KFX-S;KFX-S;KFX-S;KFX-S;KFX-S;XL Engine (CL);180;Ferro Fibrous (CL);Endo Steel (CL);Double (CL);10;Standard Gyro;Standard Cockpit;Standard Jump Jet;Standard
Locust;0;LCT-1E;FALSE;FALSE;FALSE;FALSE;1491242;0.0;0.0;0.0;120.0;20.0;0.0;60.0;190;100;1;2;2;LCT-1E;LCT-1E;LCT-1E;LCT-1E;LCT-1E;LCT-1E;LCT-1E;LCT-1E;Standard Engine;160;Standard;Standard;Single;10;Standard Gyro;Standard Cockpit;Standard Jump Jet;Standard
Locust;0;LCT-1M;FALSE;FALSE;FALSE;FALSE;1486254;0.0;0.0;0.0;135.0;20.0;0.0;60.0;190;100;1;2;2;LCT-1M;LCT-1M;LCT-1E;LCT-1E;LCT-1M;LCT-1E;LCT-1E;LCT-1E;Standard Engine;160;Standard;Standard;Single;10;Standard Gyro;Standard Cockpit;Standard Jump Jet;Standard
Locust;0;LCT-1V;FALSE;FALSE;FALSE;FALSE;1388242;0.0;0.0;0.0;130.0;20.0;0.0;60.0;190;100;1;2;2;LCT-1V;LCT-1V;LCT-1E;LCT-1E;LCT-1V;LCT-1E;LCT-1E;LCT-1E;Standard Engine;160;Standard;Standard;Single;10;Standard Gyro;Standard Cockpit;Standard Jump Jet;Standard
Locust;0;LCT-3M;FALSE;FALSE;FALSE;FALSE;1777326;0.0;0.0;0.0;130.0;20.0;0.0;60.0;190;100;1;2;2;LCT-3M;LCT-3M;LCT-1E;LCT-1E;LCT-1V;LCT-1E;LCT-1E;LCT-1E;Standard Engine;160;Standard;Standard;Single;10;Standard Gyro;Standard Cockpit;Standard Jump Jet;Standard
Locust;0;LCT-3S;FALSE;FALSE;FALSE;FALSE;1589282;0.0;0.0;0.0;130.0;20.0;0.0;60.0;190;100;1;2;2;LCT-3S;LCT-3S;LCT-1E;LCT-1E;LCT-1V;LCT-1E;LCT-1E;LCT-1E;Standard Engine;160;Standard;Standard;Single;10;Standard Gyro;Standard Cockpit;Standard Jump Jet;Standard
Locust;0;LCT-3V;FALSE;FALSE;FALSE;FALSE;1478234;0.0;0.0;0.0;130.0;20.0;0.0;60.0;190;100;1;2;2;LCT-3V;LCT-3V;LCT-1E;LCT-1E;LCT-1M;LCT-1E;LCT-1E;LCT-1E;Standard Engine;160;Standard;Standard;Single;10;Standard Gyro;Standard Cockpit;Standard Jump Jet;Standard
Locust;0;LCT-PB;FALSE;FALSE;FALSE;TRUE;0;0.0;0.0;0.0;120.0;20.0;0.0;60.0;190;100;1;2;2;LCT-PB;LCT-PB;LCT-PB;LCT-PB;LCT-PB;LCT-1E;LCT-1E;LCT-1E;Standard Engine;160;Standard;Standard;Single;10;Standard Gyro;Standard Cockpit;Standard Jump Jet;Standard
Mad Dog;0;MDD-PRIME;FALSE;FALSE;FALSE;FALSE;11688879;0.0;0.0;0.0;100.0;20.0;20.0;30.0;300;300;1;2;2;MDD-PRIME;MDD-PRIME;MDD-PRIME;MDD-PRIME;MDD-PRIME;MDD-PRIME;MDD-PRIME;MDD-PRIME;XL Engine (CL);300;Ferro Fibrous (CL);Standard;Double (CL);12;Standard Gyro;Standard Cockpit;Standard Jump Jet;Standard
Mad Dog;0;MDD-A;FALSE;FALSE;FALSE;FALSE;11886819;0.0;0.0;0.0;100.0;20.0;20.0;30.0;300;300;1;2;2;MDD-A;MDD-A;MDD-A;MDD-A;MDD-A;MDD-A;MDD-A;MDD-A;XL Engine (CL);300;Ferro Fibrous (CL);Standard;Double (CL);12;Standard Gyro;Standard Cockpit;Standard Jump Jet;Standard
Mad Dog;0;MDD-B;FALSE;FALSE;FALSE;FALSE;12042879;0.0;0.0;0.0;100.0;20.0;20.0;30.0;300;300;1;2;2;MDD-B;MDD-B;MDD-B;MDD-B;MDD-B;MDD-B;MDD-B;MDD-B;XL Engine (CL);300;Ferro Fibrous (CL);Standard;Double (CL);12;Standard Gyro;Standard Cockpit;Standard Jump Jet;Standard
Mad Dog;0;MDD-C;FALSE;FALSE;FALSE;FALSE;10968755;0.0;0.0;0.0;100.0;20.0;20.0;30.0;300;300;1;2;2;MDD-C;MDD-C;MDD-C;MDD-C;MDD-C;MDD-C;MDD-C;MDD-C;XL Engine (CL);300;Ferro Fibrous (CL);Standard;Double (CL);12;Standard Gyro;Standard Cockpit;Standard Jump Jet;Standard
Mauler;0;MAL-1P;FALSE;FALSE;FALSE;FALSE;0;0.0;0.0;0.0;70.0;20.0;25.0;35.0;325;180;1;2;2;MAL-1P;MAL-1P;MAL-1P;MAL-1P;MAL-1P;MAL-1P;MAL-1P;MAL-1P;Standard Engine;270;Standard;Standard;Single;10;Standard Gyro;Standard Cockpit;Standard Jump Jet;Standard
Mauler;0;MAL-1R;FALSE;FALSE;FALSE;FALSE;0;0.0;0.0;0.0;70.0;20.0;25.0;35.0;325;180;1;2;2;MAL-1R;MAL-1R;MAL-1R;MAL-1R;MAL-1P;MAL-1P;MAL-1P;MAL-1P;Standard Engine;270;Standard;Standard;Single;10;Standard Gyro;Standard Cockpit;Standard Jump Jet;Standard
Mauler;0;MAL-2P;FALSE;FALSE;FALSE;FALSE;0;0.0;0.0;0.0;70.0;20.0;25.0;35.0;325;180;1;2;2;MAL-2P;MAL-2P;MAL-2P;MAL-2P;MAL-1P;MAL-1P;MAL-1P;MAL-1P;Standard Engine;270;Standard;Standard;Single;10;Standard Gyro;Standard Cockpit;Standard Jump Jet;Standard
Mauler;0;MAL-MX90;FALSE;FALSE;FALSE;FALSE;0;0.0;0.0;0.0;70.0;20.0;25.0;35.0;325;180;1;2;2;MAL-1R;MAL-1R;MAL-MX90;MAL-MX90;MAL-1P;MAL-1P;MAL-1P;MAL-1P;Standard Engine;270;Standard;Standard;Single;10;Standard Gyro;Standard Cockpit;Standard Jump Jet;Standard
Mauler;0;MAL-HERO;TRUE;TRUE;FALSE;TRUE;0;0.0;0.0;0.0;70.0;20.0;25.0;35.0;325;180;1;2;2;MAL-1P;MAL-1P;MAL-1P;MAL-1P;MAL-1P;MAL-1P;MAL-1P;MAL-1P;Standard Engine;270;Standard;Standard;Single;10;Standard Gyro;Standard Cockpit;Standard Jump Jet;Standard
Marauder;0;MAR-3R;FALSE;FALSE;FALSE;FALSE;0;0.0;0.0;0.0;85.0;20.0;20.0;30.0;360;150;1;2;2;MAR-3R;MAR-3R;MAR-3R;MAR-3R;MAR-3R;MAR-3R;MAR-3R;MAR-3R;Standard Engine;300;Standard;Standard;Single;10;Standard Gyro;Standard Cockpit;Standard Jump Jet;Standard
Marauder;0;MAR-5D;FALSE;FALSE;FALSE;FALSE;0;0.0;0.0;0.0;85.0;20.0;20.0;30.0;360;150;1;2;2;MAR-3R;MAR-3R;MAR-5D;MAR-5D;MAR-3R;MAR-3R;MAR-3R;MAR-3R;Standard Engine;300;Standard;Standard;Single;10;Standard Gyro;Standard Cockpit;Standard Jump Jet;Standard
Marauder;0;MAR-5M;FALSE;FALSE;FALSE;FALSE;0;0.0;0.0;0.0;85.0;20.0;20.0;30.0;360;150;1;2;2;MAR-3R;MAR-5M;MAR-5M;MAR-3R;MAR-3R;MAR-3R;MAR-3R;MAR-3R;Standard Engine;300;Standard;Standard;Single;10;Standard Gyro;Standard Cockpit;Standard Jump Jet;Standard
Marauder;0;MAR-BHII;FALSE;FALSE;FALSE;TRUE;0;0.0;0.0;0.0;95.0;20.0;0.0;40.0;300;150;1;2;2;MAR-BHII;MAR-5M;MAR-BHII;MAR-3R;MAR-3R;MAR-BHII;MAR-3R;MAR-3R;Standard Engine;300;Standard;Standard;Single;10;Standard Gyro;Standard Cockpit;Standard Jump Jet;Standard
Mist Lynx;0;MLX-PRIME;FALSE;FALSE;FALSE;FALSE;5732606;0.0;0.0;0.0;120.0;20.0;40.0;30.0;175;175;1;2;2;MLX-PRIME;MLX-PRIME;MLX-PRIME;MLX-PRIME;MLX-PRIME;MLX-PRIME;MLX-PRIME;MLX-PRIME;XL Engine (CL);175;Ferro Fibrous (CL);Endo Steel (CL);Double (CL);10;Standard Gyro;Standard Cockpit;Standard Jump Jet;Standard
Mist Lynx;0;MLX-A;FALSE;FALSE;FALSE;FALSE;5810750;0.0;0.0;0.0;120.0;20.0;40.0;30.0;175;175;1;2;2;MLX-A;MLX-A;MLX-A;MLX-A;MLX-A;MLX-A;MLX-A;MLX-A;XL Engine (CL);175;Ferro Fibrous (CL);Endo Steel (CL);Double (CL);10;Standard Gyro;Standard Cockpit;Standard Jump Jet;Standard
Mist Lynx;0;MLX-B;FALSE;FALSE;FALSE;FALSE;5964046;0.0;0.0;0.0;120.0;20.0;40.0;30.0;175;175;1;2;2;MLX-B;MLX-B;MLX-B;MLX-B;MLX-B;MLX-B;MLX-B;MLX-B;XL Engine (CL);175;Ferro Fibrous (CL);Endo Steel (CL);Double (CL);10;Standard Gyro;Standard Cockpit;Standard Jump Jet;Standard
Mist Lynx;0;MLX-C;FALSE;FALSE;FALSE;FALSE;6409546;0.0;0.0;0.0;120.0;20.0;40.0;30.0;175;175;1;2;2;MLX-C;MLX-C;MLX-C;MLX-C;MLX-C;MLX-C;MLX-C;MLX-C;XL Engine (CL);175;Ferro Fibrous (CL);Endo Steel (CL);Double (CL);10;Standard Gyro;Standard Cockpit;Standard Jump Jet;Standard
Mist Lynx;0;MLX-D;FALSE;FALSE;FALSE;FALSE;5671096;0.0;0.0;0.0;120.0;20.0;40.0;30.0;175;175;1;2;2;MLX-D;MLX-D;MLX-D;MLX-D;MLX-D;MLX-D;MLX-D;MLX-D;XL Engine (CL);175;Ferro Fibrous (CL);Endo Steel (CL);Double (CL);10;Standard Gyro;Standard Cockpit;Standard Jump Jet;Standard
Nova;0;NVA-PRIME;FALSE;FALSE;FALSE;FALSE;9968438;0.0;0.0;0.0;100.0;20.0;35.0;30.0;250;250;1;2;2;NVA-PRIME;NVA-PRIME;NVA-PRIME;NVA-PRIME;NVA-PRIME;NVA-PRIME;NVA-PRIME;NVA-PRIME;XL Engine (CL);250;Standard;Standard;Double (CL);14;Standard Gyro;Standard Cockpit;Standard Jump Jet;Standard
Nova;0;NVA-A;FALSE;FALSE;FALSE;FALSE;9722437;0.0;0.0;0.0;100.0;20.0;35.0;30.0;250;250;1;2;2;NVA-A;NVA-A;NVA-A;NVA-A;NVA-A;NVA-A;NVA-A;NVA-A;XL Engine (CL);250;Standard;Standard;Double (CL);14;Standard Gyro;Standard Cockpit;Standard Jump Jet;Standard
Nova;0;NVA-B;FALSE;FALSE;FALSE;FALSE;8803938;0.0;0.0;0.0;100.0;20.0;35.0;30.0;250;250;1;2;2;NVA-B;NVA-B;NVA-B;NVA-B;NVA-B;NVA-B;NVA-B;NVA-B;XL Engine (CL);250;Standard;Standard;Double (CL);14;Standard Gyro;Standard Cockpit;Standard Jump Jet;Standard
Nova;0;NVA-C;FALSE;FALSE;FALSE;FALSE;8799437;0.0;0.0;0.0;100.0;20.0;35.0;30.0;250;250;1;2;2;NVA-C;NVA-C;NVA-C;NVA-C;NVA-C;NVA-C;NVA-C;NVA-C;XL Engine (CL);250;Standard;Standard;Double (CL);14;Standard Gyro;Standard Cockpit;Standard Jump Jet;Standard
Nova;0;NVA-D;FALSE;FALSE;FALSE;FALSE;0;0.0;0.0;0.0;100.0;20.0;35.0;30.0;250;250;1;2;2;NVA-D;NVA-D;NVA-D;NVA-D;NVA-D;NVA-D;NVA-D;NVA-D;XL Engine (CL);250;Standard;Standard;Double (CL);14;Standard Gyro;Standard Cockpit;Standard Jump Jet;Standard
Nova;0;NVA-S;FALSE;FALSE;FALSE;FALSE;9363437;0.0;0.0;0.0;100.0;20.0;35.0;30.0;250;250;1;2;2;NVA-S;NVA-S;NVA-S;NVA-S;NVA-S;NVA-S;NVA-S;NVA-S;XL Engine (CL);250;Standard;Standard;Double (CL);14;Standard Gyro;Standard Cockpit;Standard Jump Jet;Standard
Orion;0;ON1-K;FALSE;FALSE;FALSE;FALSE;6510685;0.0;0.0;0.0;90.0;20.0;20.0;30.0;360;150;1;2;2;ON1-K;ON1-K;ON1-K;ON1-K;ON1-K;ON1-K;ON1-K;ON1-K;Standard Engine;300;Standard;Standard;Single;10;Standard Gyro;Standard Cockpit;Standard Jump Jet;Standard
Orion;0;ON1-K©;FALSE;FALSE;TRUE;FALSE;0;0.0;0.0;0.0;90.0;20.0;20.0;30.0;360;150;1;2;2;ON1-K;ON1-K;ON1-K;ON1-K;ON1-K;ON1-K;ON1-K;ON1-K;Standard Engine;300;Standard;Standard;Single;10;Standard Gyro;Standard Cockpit;Standard Jump Jet;Standard
Orion;0;ON1-M;FALSE;FALSE;FALSE;FALSE;10715293;0.0;0.0;0.0;90.0;20.0;20.0;30.0;360;150;1;2;2;ON1-K;ON1-M;ON1-K;ON1-M;ON1-M;ON1-K;ON1-K;ON1-K;XL Engine (IS);300;Standard;Standard;Single;10;Standard Gyro;Standard Cockpit;Standard Jump Jet;Standard
Orion;0;ON1-V;FALSE;FALSE;FALSE;FALSE;6628263;0.0;0.0;0.0;90.0;20.0;20.0;30.0;360;150;1;2;2;ON1-V;ON1-M;ON1-V;ON1-M;ON1-K;ON1-K;ON1-K;ON1-K;Standard Engine;300;Standard;Standard;Single;10;Standard Gyro;Standard Cockpit;Standard Jump Jet;Standard
Orion;0;ON1-VA;FALSE;FALSE;FALSE;FALSE;6247565;0.0;0.0;0.0;90.0;20.0;20.0;30.0;360;150;1;2;2;ON1-VA;ON1-VA;ON1-K;ON1-VA;ON1-K;ON1-K;ON1-K;ON1-K;Standard Engine;300;Standard;Standard;Single;10;Standard Gyro;Standard Cockpit;Standard Jump Jet;Standard
Orion;0;ON1-P;FALSE;FALSE;FALSE;TRUE;0;0.0;0.0;0.0;90.0;20.0;20.0;30.0;360;150;1;2;2;ON1-P;ON1-P;ON1-V;ON1-P;ON1-K;ON1-K;ON1-K;ON1-K;Standard Engine;300;Standard;Standard;Single;10;Standard Gyro;Standard Cockpit;Standard Jump Jet;Standard
Orion IIC;0;1;FALSE;FALSE;FALSE;FALSE;0;0.0;0.0;0.0;85.0;20.0;20.0;30.0;360;150;1;2;2;1;1;1;1;1;1;1;1;Standard Engine;300;Standard;Standard;Single;10;Standard Gyro;Standard Cockpit;Standard Jump Jet;Standard
Orion IIC;0;A;FALSE;FALSE;FALSE;FALSE;0;0.0;0.0;0.0;85.0;20.0;20.0;30.0;360;150;1;2;2;A;A;1;1;1;1;1;1;XL Engine (IS);300;Standard;Standard;Single;10;Standard Gyro;Standard Cockpit;Standard Jump Jet;Standard
Orion IIC;0;B;FALSE;FALSE;FALSE;FALSE;0;0.0;0.0;0.0;85.0;20.0;20.0;30.0;360;150;1;2;2;1;B;1;B;1;1;1;1;Standard Engine;300;Standard;Standard;Single;10;Standard Gyro;Standard Cockpit;Standard Jump Jet;Standard
Orion IIC;0;C;FALSE;FALSE;FALSE;FALSE;0;0.0;0.0;0.0;85.0;20.0;20.0;30.0;360;150;1;2;2;A;1;C;1;1;1;1;1;Standard Engine;300;Standard;Standard;Single;10;Standard Gyro;Standard Cockpit;Standard Jump Jet;Standard
Panther;0;PNT-8Z;FALSE;FALSE;FALSE;FALSE;2255413;0.0;0.0;0.0;110.0;20.0;40.0;30.0;250;100;1;2;2;PNT-8Z;PNT-8Z;PNT-8Z;PNT-8Z;PNT-8Z;PNT-8Z;PNT-8Z;PNT-8Z;Standard Engine;140;Standard;Standard;Single;10;Standard Gyro;Standard Cockpit;Standard Jump Jet;Standard
Panther;0;PNT-9R;FALSE;FALSE;FALSE;FALSE;2451413;0.0;0.0;0.0;110.0;20.0;40.0;30.0;250;100;1;2;2;PNT-9R;PNT-8Z;PNT-8Z;PNT-8Z;PNT-9R;PNT-8Z;PNT-8Z;PNT-8Z;Standard Engine;140;Standard;Standard;Single;10;Standard Gyro;Standard Cockpit;Standard Jump Jet;Standard
Panther;0;PNT-10K;FALSE;FALSE;FALSE;FALSE;2878413;0.0;0.0;0.0;110.0;20.0;40.0;30.0;250;100;1;2;2;PNT-10K;PNT-8Z;PNT-10K;PNT-8Z;PNT-8Z;PNT-8Z;PNT-8Z;PNT-8Z;Standard Engine;140;Standard;Standard;Single;10;Standard Gyro;Standard Cockpit;Standard Jump Jet;Standard
Panther;0;PNT-10P;FALSE;FALSE;FALSE;FALSE;4264458;0.0;0.0;0.0;110.0;20.0;40.0;30.0;300;100;1;2;2;PNT-10P;PNT-8Z;PNT-8Z;PNT-8Z;PNT-8Z;PNT-8Z;PNT-8Z;PNT-8Z;Standard Engine;140;Standard;Standard;Single;10;Standard Gyro;Standard Cockpit;Standard Jump Jet;Standard
Panther;0;PNT-HERO;TRUE;TRUE;FALSE;TRUE;0;0.0;0.0;0.0;110.0;20.0;40.0;30.0;250;100;1;2;2;PNT-8Z;PNT-8Z;PNT-8Z;PNT-8Z;PNT-8Z;PNT-8Z;PNT-8Z;PNT-8Z;Standard Engine;140;Standard;Standard;Single;10;Standard Gyro;Standard Cockpit;Standard Jump Jet;Standard
Quickdraw;0;QKD-4G;FALSE;FALSE;FALSE;FALSE;5377467;0.0;0.0;0.0;100.0;25.0;35.0;40.0;360;120;1;2;2;QKD-4G;QKD-4G;QKD-4G;QKD-4G;QKD-4G;QKD-4G;QKD-4G;QKD-4G;Standard Engine;300;Standard;Standard;Single;10;Standard Gyro;Standard Cockpit;Standard Jump Jet;Standard
Quickdraw;0;QKD-4G©;FALSE;FALSE;TRUE;FALSE;0;0.0;0.0;0.0;100.0;25.0;35.0;40.0;360;120;1;2;2;QKD-4G;QKD-4G;QKD-4G;QKD-4G;QKD-4G;QKD-4G;QKD-4G;QKD-4G;Standard Engine;300;Standard;Standard;Single;10;Standard Gyro;Standard Cockpit;Standard Jump Jet;Standard
Quickdraw;0;QKD-4H;FALSE;FALSE;FALSE;FALSE;5377467;0.0;0.0;0.0;90.0;20.0;30.0;35.0;360;120;1;2;2;QKD-4G;QKD-4G;QKD-4G;QKD-4H;QKD-4H;QKD-4G;QKD-4G;QKD-4G;Standard Engine;300;Standard;Standard;Single;10;Standard Gyro;Standard Cockpit;Standard Jump Jet;Standard
Quickdraw;0;QKD-5K;FALSE;FALSE;FALSE;FALSE;5578867;0.0;0.0;0.0;90.0;20.0;30.0;35.0;360;120;1;2;2;QKD-4G;QKD-4G;QKD-4G;QKD-5K;QKD-4H;QKD-4G;QKD-4G;QKD-4G;Standard Engine;300;Standard;Standard;Single;10;Standard Gyro;Standard Cockpit;Standard Jump Jet;Standard
Quickdraw;0;QKD-IV4;FALSE;FALSE;FALSE;TRUE;0;0.0;0.0;0.0;85.0;25.0;35.0;40.0;290;120;1;2;2;QKD-IV4;QKD-IV4;QKD-IV4;QKD-4G;QKD-IV4;QKD-4G;QKD-4G;QKD-4G;XL Engine (IS);240;Standard;Standard;Single;10;Standard Gyro;Standard Cockpit;Standard Jump Jet;Standard
Raven;0;RVN-2X;FALSE;FALSE;FALSE;FALSE;2473658;0.0;0.0;0.0;120.0;20.0;0.0;30.0;275;100;1;2;2;RVN-2X;RVN-2X;RVN-2X;RVN-2X;RVN-2X;RVN-2X;RVN-2X;RVN-2X;Standard Engine;175;Standard;Standard;Single;10;Standard Gyro;Standard Cockpit;Standard Jump Jet;Standard
Raven;0;RVN-3L;FALSE;FALSE;FALSE;FALSE;5862992;0.0;0.0;0.0;120.0;20.0;0.0;30.0;295;100;1;2;2;RVN-3L;RVN-3L;RVN-3L;RVN-3L;RVN-2X;RVN-2X;RVN-2X;RVN-2X;XL Engine (IS);210;Standard;Standard;Single;10;Standard Gyro;Standard Cockpit;Standard Jump Jet;Standard
Raven;0;RVN-3L©;FALSE;FALSE;TRUE;FALSE;5862992;0.0;0.0;0.0;120.0;20.0;0.0;30.0;295;100;1;2;2;RVN-3L;RVN-3L;RVN-3L;RVN-3L;RVN-2X;RVN-2X;RVN-2X;RVN-2X;XL Engine (IS);210;Standard;Standard;Single;10;Standard Gyro;Standard Cockpit;Standard Jump Jet;Standard
Raven;0;RVN-4X;FALSE;FALSE;FALSE;FALSE;2520666;0.0;0.0;0.0;120.0;20.0;0.0;30.0;275;100;2;2;2;RVN-2X;RVN-4X;RVN-2X;RVN-4X;RVN-4X;RVN-2X;RVN-2X;RVN-2X;Standard Engine;175;Standard;Standard;Single;10;Standard Gyro;Standard Cockpit;Standard Jump Jet;Standard
Raven;0;RVN-H;FALSE;FALSE;FALSE;TRUE;0;0.0;0.0;0.0;120.0;20.0;0.0;30.0;300;100;2;2;2;RVN-H;RVN-4X;RVN-2X;RVN-H;RVN-H;RVN-2X;RVN-2X;RVN-2X;XL Engine (IS);280;Standard;Standard;Single;10;Standard Gyro;Standard Cockpit;Standard Jump Jet;Standard
Rifleman;0;RFL-3C;FALSE;FALSE;FALSE;FALSE;0;0.0;0.0;0.0;110.0;20.0;0.0;35.0;340;120;1;2;2;RFL-3C;RFL-3C;RFL-3C;RFL-3C;RFL-3C;RFL-3C;RFL-3C;RFL-3C;Standard Engine;240;Standard;Standard;Single;10;Standard Gyro;Standard Cockpit;Standard Jump Jet;Standard
Rifleman;0;RFL-3N;FALSE;FALSE;FALSE;FALSE;0;0.0;0.0;0.0;110.0;20.0;0.0;35.0;340;120;1;2;2;RFL-3N;RFL-3N;RFL-3C;RFL-3C;RFL-3C;RFL-3C;RFL-3C;RFL-3C;Standard Engine;240;Standard;Standard;Single;10;Standard Gyro;Standard Cockpit;Standard Jump Jet;Standard
Rifleman;0;RFL-5D;FALSE;FALSE;FALSE;FALSE;0;0.0;0.0;0.0;110.0;20.0;0.0;35.0;340;120;1;2;2;RFL-5D;RFL-5D;RFL-5D;RFL-5D;RFL-5D;RFL-3C;RFL-3C;RFL-3C;Standard Engine;240;Standard;Standard;Single;10;Standard Gyro;Standard Cockpit;Standard Jump Jet;Standard
Rifleman;0;RFL-LK;FALSE;FALSE;FALSE;FALSE;0;0.0;0.0;0.0;110.0;20.0;0.0;35.0;340;120;1;2;2;RFL-LK;RFL-LK;RFL-LK;RFL-LK;RFL-3C;RFL-3C;RFL-3C;RFL-3C;Standard Engine;240;Standard;Standard;Single;10;Standard Gyro;Standard Cockpit;Standard Jump Jet;Standard
Shadow Cat;0;SHC-PRIME;FALSE;FALSE;FALSE;FALSE;9614177;0.0;0.0;0.0;130.0;20.0;35.0;30.0;270;270;1;2;2;SHC-PRIME;SHC-PRIME;SHC-PRIME;SHC-PRIME;SHC-PRIME;SHC-PRIME;SHC-PRIME;SHC-PRIME;XL Engine (CL);270;Ferro Fibrous (CL);Endo Steel (CL);Double (CL);10;Standard Gyro;Standard Cockpit;Standard Jump Jet;Standard
Shadow Cat;0;SHC-A;FALSE;FALSE;FALSE;FALSE;9838177;0.0;0.0;0.0;130.0;20.0;35.0;30.0;270;270;1;2;2;SHC-A;SHC-A;SHC-A;SHC-A;SHC-A;SHC-A;SHC-A;SHC-A;XL Engine (CL);270;Ferro Fibrous (CL);Endo Steel (CL);Double (CL);10;Standard Gyro;Standard Cockpit;Standard Jump Jet;Standard
Shadow Cat;0;SHC-B;FALSE;FALSE;FALSE;FALSE;10514657;0.0;0.0;0.0;130.0;20.0;35.0;30.0;270;270;1;2;2;SHC-B;SHC-B;SHC-B;SHC-B;SHC-B;SHC-B;SHC-B;SHC-B;XL Engine (CL);270;Ferro Fibrous (CL);Endo Steel (CL);Double (CL);10;Standard Gyro;Standard Cockpit;Standard Jump Jet;Standard
Shadow Cat;0;SHC-P;FALSE;FALSE;FALSE;FALSE;8957177;0.0;0.0;0.0;130.0;20.0;35.0;30.0;270;270;1;2;2;SHC-P;SHC-P;SHC-P;SHC-P;SHC-P;SHC-P;SHC-P;SHC-P;XL Engine (CL);270;Ferro Fibrous (CL);Endo Steel (CL);Double (CL);10;Standard Gyro;Standard Cockpit;Standard Jump Jet;Standard
Shadow Hawk;0;SHD-2D;FALSE;FALSE;FALSE;FALSE;4441203;0.0;0.0;0.0;90.0;30.0;35.0;30.0;360;110;1;2;2;SHD-2D;SHD-2D;SHD-2D;SHD-2D;SHD-2D;SHD-2D;SHD-2D;SHD-2D;Standard Engine;275;Standard;Standard;Single;10;Standard Gyro;Standard Cockpit;Standard Jump Jet;Standard
Shadow Hawk;0;SHD-2D2;FALSE;FALSE;FALSE;FALSE;4473235;0.0;0.0;0.0;90.0;30.0;35.0;30.0;360;110;1;2;2;SHD-2D;SHD-2D2;SHD-2D2;SHD-2D;SHD-2D;SHD-2D;SHD-2D;SHD-2D;Standard Engine;275;Standard;Standard;Single;10;Standard Gyro;Standard Cockpit;Standard Jump Jet;Standard
Shadow Hawk;0;SHD-2H;FALSE;FALSE;FALSE;FALSE;4356283;0.0;0.0;0.0;90.0;30.0;35.0;30.0;360;110;2;2;2;SHD-2D;SHD-2H;SHD-2D2;SHD-2H;SHD-2H;SHD-2D;SHD-2D;SHD-2D;Standard Engine;275;Standard;Standard;Single;10;Standard Gyro;Standard Cockpit;Standard Jump Jet;Standard
Shadow Hawk;0;SHD-2H©;FALSE;FALSE;TRUE;FALSE;0;0.0;0.0;0.0;90.0;30.0;35.0;30.0;360;110;2;2;2;SHD-2D;SHD-2H;SHD-2D2;SHD-2H;SHD-2H;SHD-2D;SHD-2D;SHD-2D;XL Engine (IS);255;Standard;Standard;Single;10;Standard Gyro;Standard Cockpit;Standard Jump Jet;Standard
Shadow Hawk;0;SHD-2K;FALSE;FALSE;FALSE;FALSE;4394783;0.0;0.0;0.0;90.0;30.0;35.0;30.0;360;110;1;2;2;SHD-2K;SHD-2H;SHD-2K;SHD-2K;SHD-2K;SHD-2K;SHD-2D;SHD-2D;Standard Engine;275;Standard;Standard;Single;10;Standard Gyro;Standard Cockpit;Standard Jump Jet;Standard
Shadow Hawk;0;SHD-5M;FALSE;FALSE;FALSE;FALSE;8166799;0.0;0.0;0.0;90.0;30.0;35.0;30.0;360;110;1;2;2;SHD-5M;SHD-2H;SHD-2D;SHD-5M;SHD-2K;SHD-2D;SHD-2D;SHD-2D;XL Engine (IS);275;Standard;Standard;Single;10;Standard Gyro;Standard Cockpit;Standard Jump Jet;Standard
Shadow Hawk;0;SHD-GD;FALSE;FALSE;FALSE;TRUE;0;0.0;0.0;0.0;90.0;30.0;35.0;30.0;360;110;1;2;2;SHD-5M;SHD-2D;SHD-2D;SHD-2D;SHD-GD;SHD-2D;SHD-2D;SHD-2D;Standard Engine;275;Standard;Standard;Single;10;Standard Gyro;Standard Cockpit;Standard Jump Jet;Standard
Spider;0;SDR-5D;FALSE;FALSE;FALSE;FALSE;2533540;0.0;0.0;0.0;110.0;20.0;40.0;30.0;285;100;1;2;2;SDR-5D;SDR-5D;SDR-5D;SDR-5D;SDR-5D;SDR-5D;SDR-5D;SDR-5D;Standard Engine;240;Standard;Standard;Single;10;Standard Gyro;Standard Cockpit;Standard Jump Jet;Standard
Spider;0;SDR-5K;FALSE;FALSE;FALSE;FALSE;2452540;0.0;0.0;0.0;110.0;20.0;40.0;30.0;285;100;2;2;2;SDR-5K;SDR-5K;SDR-5D;SDR-5K;SDR-5K;SDR-5D;SDR-5D;SDR-5D;Standard Engine;240;Standard;Standard;Single;10;Standard Gyro;Standard Cockpit;Standard Jump Jet;Standard
Spider;0;SDR-5K©;FALSE;FALSE;TRUE;FALSE;0;0.0;0.0;0.0;110.0;20.0;40.0;30.0;285;100;2;2;2;SDR-5K;SDR-5K;SDR-5D;SDR-5K;SDR-5K;SDR-5D;SDR-5D;SDR-5D;XL Engine (IS);255;Standard;Standard;Single;10;Standard Gyro;Standard Cockpit;Standard Jump Jet;Standard
Spider;0;SDR-5V;FALSE;FALSE;FALSE;FALSE;2598540;0.0;0.0;0.0;110.0;20.0;40.0;30.0;285;100;2;2;2;SDR-5V;SDR-5D;SDR-5D;SDR-5K;SDR-5V;SDR-5D;SDR-5D;SDR-5D;Standard Engine;240;Standard;Standard;Single;10;Standard Gyro;Standard Cockpit;Standard Jump Jet;Standard
Spider;0;SDR-A;FALSE;FALSE;FALSE;TRUE;0;0.0;0.0;0.0;110.0;20.0;40.0;30.0;270;100;2;2;2;SDR-A;SDR-A;SDR-A;SDR-5K;SDR-A;SDR-5D;SDR-5D;SDR-5D;XL Engine (IS);240;Standard;Standard;Single;10;Standard Gyro;Standard Cockpit;Standard Jump Jet;Standard
Stalker;0;STK-3F;FALSE;FALSE;FALSE;FALSE;7618480;0.0;0.0;0.0;85.0;20.0;0.0;30.0;310;170;1;2;2;STK-3F;STK-3F;STK-3F;STK-3F;STK-3F;STK-3F;STK-3F;STK-3F;Standard Engine;255;Standard;Standard;Single;10;Standard Gyro;Standard Cockpit;Standard Jump Jet;Standard
Stalker;0;STK-3F©;FALSE;FALSE;TRUE;FALSE;0;0.0;0.0;0.0;85.0;20.0;0.0;30.0;310;170;1;2;2;STK-3F;STK-3F;STK-3F;STK-3F;STK-3F;STK-3F;STK-3F;STK-3F;XL Engine (IS);310;Standard;Standard;Single;10;Standard Gyro;Standard Cockpit;Standard Jump Jet;Standard
Stalker;0;STK-3H;FALSE;FALSE;FALSE;FALSE;7818480;0.0;0.0;0.0;60.0;20.0;0.0;30.0;310;170;1;2;2;STK-3F;STK-3F;STK-3H;STK-3H;STK-3F;STK-3F;STK-3F;STK-3F;Standard Engine;255;Standard;Standard;Single;10;Standard Gyro;Standard Cockpit;Standard Jump Jet;Standard
Stalker;0;STK-4N;FALSE;FALSE;FALSE;FALSE;7412420;0.0;0.0;0.0;60.0;20.0;0.0;30.0;310;170;1;2;2;STK-3F;STK-4N;STK-3F;STK-3F;STK-3F;STK-3F;STK-3F;STK-3F;Standard Engine;255;Standard;Standard;Single;10;Standard Gyro;Standard Cockpit;Standard Jump Jet;Standard
Stalker;0;STK-5M;FALSE;FALSE;FALSE;FALSE;8064616;0.0;0.0;0.0;60.0;20.0;0.0;30.0;310;170;1;2;2;STK-3F;STK-3F;STK-3H;STK-5M;STK-5M;STK-3F;STK-3F;STK-3F;Standard Engine;255;Standard;Standard;Single;10;Standard Gyro;Standard Cockpit;Standard Jump Jet;Standard
Stalker;0;STK-5S;FALSE;FALSE;FALSE;FALSE;10921480;0.0;0.0;0.0;60.0;20.0;0.0;30.0;310;170;1;2;2;STK-3F;STK-3F;STK-3F;STK-5S;STK-3F;STK-3F;STK-3F;STK-3F;XL Engine (IS);255;Standard;Standard;Single;10;Standard Gyro;Standard Cockpit;Standard Jump Jet;Standard
Stalker;0;STK-M;FALSE;FALSE;FALSE;TRUE;0;0.0;0.0;0.0;65.0;20.0;0.0;30.0;310;170;1;2;2;STK-M;STK-4N;STK-3H;STK-M;STK-5M;STK-3F;STK-3F;STK-3F;Standard Engine;255;Standard;Standard;Single;10;Standard Gyro;Standard Cockpit;Standard Jump Jet;Standard
Stormcrow;0;SCR-PRIME;FALSE;FALSE;FALSE;FALSE;11113382;0.0;0.0;0.0;130.0;20.0;35.0;30.0;330;330;1;1;2;SCR-PRIME;SCR-PRIME;SCR-PRIME;SCR-PRIME;SCR-PRIME;SCR-PRIME;SCR-PRIME;SCR-PRIME;XL Engine (CL);330;Ferro Fibrous (CL);Endo Steel (CL);Double (CL);10;Standard Gyro;Standard Cockpit;Standard Jump Jet;Standard
Stormcrow;0;SCR-PRIME©;FALSE;FALSE;TRUE;FALSE;0;0.0;0.0;0.0;130.0;20.0;35.0;30.0;330;330;1;1;2;SCR-PRIME;SCR-PRIME;SCR-PRIME;SCR-PRIME;SCR-PRIME;SCR-PRIME;SCR-PRIME;SCR-PRIME;XL Engine (CL);330;Ferro Fibrous (CL);Endo Steel (CL);Double (CL);10;Standard Gyro;Standard Cockpit;Standard Jump Jet;Standard
Stormcrow;0;SCR-A;FALSE;FALSE;FALSE;FALSE;11317504;0.0;0.0;0.0;130.0;20.0;35.0;30.0;330;330;1;1;2;SCR-A;SCR-A;SCR-A;SCR-A;SCR-A;SCR-A;SCR-A;SCR-A;XL Engine (CL);330;Ferro Fibrous (CL);Endo Steel (CL);Double (CL);10;Standard Gyro;Standard Cockpit;Standard Jump Jet;Standard
Stormcrow;0;SCR-B;FALSE;FALSE;FALSE;FALSE;11685354;0.0;0.0;0.0;130.0;20.0;35.0;30.0;330;330;1;1;2;SCR-B;SCR-B;SCR-B;SCR-B;SCR-B;SCR-B;SCR-B;SCR-B;XL Engine (CL);330;Ferro Fibrous (CL);Endo Steel (CL);Double (CL);10;Standard Gyro;Standard Cockpit;Standard Jump Jet;Standard
Stormcrow;0;SCR-C;FALSE;FALSE;FALSE;FALSE;11139367;0.0;0.0;0.0;130.0;20.0;35.0;30.0;330;330;1;1;2;SCR-C;SCR-C;SCR-C;SCR-C;SCR-C;SCR-C;SCR-C;SCR-C;XL Engine (CL);330;Ferro Fibrous (CL);Endo Steel (CL);Double (CL);10;Standard Gyro;Standard Cockpit;Standard Jump Jet;Standard
Stormcrow;0;SCR-D;FALSE;FALSE;FALSE;FALSE;11187742;0.0;0.0;0.0;130.0;20.0;35.0;30.0;330;330;1;1;2;SCR-D;SCR-D;SCR-D;SCR-D;SCR-D;SCR-D;SCR-D;SCR-D;XL Engine (CL);330;Ferro Fibrous (CL);Endo Steel (CL);Double (CL);10;Standard Gyro;Standard Cockpit;Standard Jump Jet;Standard
Summoner;0;SMN-PRIME;FALSE;FALSE;FALSE;FALSE;14071353;0.0;0.0;0.0;100.0;20.0;20.0;30.0;350;350;1;2;2;SMN-PRIME;SMN-PRIME;SMN-PRIME;SMN-PRIME;SMN-PRIME;SMN-PRIME;SMN-PRIME;SMN-PRIME;XL Engine (CL);350;Ferro Fibrous (CL);Standard;Double (CL);14;Standard Gyro;Standard Cockpit;Standard Jump Jet;Standard
Summoner;0;SMN-A;FALSE;FALSE;FALSE;FALSE;0;0.0;0.0;0.0;100.0;20.0;20.0;30.0;350;350;1;2;2;SMN-A;SMN-A;SMN-A;SMN-A;SMN-A;SMN-A;SMN-A;SMN-A;XL Engine (CL);350;Ferro Fibrous (CL);Standard;Double (CL);14;Standard Gyro;Standard Cockpit;Standard Jump Jet;Standard
Summoner;0;SMN-B;FALSE;FALSE;FALSE;FALSE;14069481;0.0;0.0;0.0;100.0;20.0;20.0;30.0;350;350;1;2;2;SMN-B;SMN-B;SMN-B;SMN-B;SMN-B;SMN-B;SMN-B;SMN-B;XL Engine (CL);350;Ferro Fibrous (CL);Standard;Double (CL);14;Standard Gyro;Standard Cockpit;Standard Jump Jet;Standard
Summoner;0;SMN-C;FALSE;FALSE;FALSE;FALSE;13957711;0.0;0.0;0.0;100.0;20.0;20.0;30.0;350;350;1;2;2;SMN-C;SMN-C;SMN-C;SMN-C;SMN-C;SMN-C;SMN-C;SMN-C;XL Engine (CL);350;Ferro Fibrous (CL);Standard;Double (CL);14;Standard Gyro;Standard Cockpit;Standard Jump Jet;Standard
Summoner;0;SMN-D;FALSE;FALSE;FALSE;FALSE;13899241;0.0;0.0;0.0;100.0;20.0;20.0;30.0;350;350;1;2;2;SMN-D;SMN-D;SMN-D;SMN-D;SMN-D;SMN-D;SMN-D;SMN-D;XL Engine (CL);350;Ferro Fibrous (CL);Standard;Double (CL);14;Standard Gyro;Standard Cockpit;Standard Jump Jet;Standard
Thunderbolt;0;TDR-5S;FALSE;FALSE;FALSE;FALSE;5241175;0.0;0.0;0.0;90.0;20.0;20.0;30.0;315;130;1;2;2;TDR-5S;TDR-5S;TDR-5S;TDR-5S;TDR-5S;TDR-5S;TDR-5S;TDR-5S;Standard Engine;260;Standard;Standard;Single;10;Standard Gyro;Standard Cockpit;Standard Jump Jet;Standard
Thunderbolt;0;TDR-5SS;FALSE;FALSE;FALSE;FALSE;5188055;0.0;0.0;0.0;90.0;20.0;20.0;30.0;315;130;1;2;2;TDR-5SS;TDR-5SS;TDR-5SS;TDR-5SS;TDR-5S;TDR-5S;TDR-5S;TDR-5S;Standard Engine;260;Standard;Standard;Single;10;Standard Gyro;Standard Cockpit;Standard Jump Jet;Standard
Thunderbolt;0;TDR-9S;FALSE;FALSE;FALSE;FALSE;5964933;0.0;0.0;0.0;80.0;20.0;20.0;30.0;315;130;1;2;2;TDR-5S;TDR-5S;TDR-5SS;TDR-9S;TDR-5S;TDR-5S;TDR-5S;TDR-5S;Standard Engine;260;Standard;Standard;Single;10;Standard Gyro;Standard Cockpit;Standard Jump Jet;Standard
Thunderbolt;0;TDR-9SE;FALSE;FALSE;FALSE;FALSE;5835993;0.0;0.0;0.0;90.0;20.0;20.0;30.0;315;130;1;2;2;TDR-5SS;TDR-5SS;TDR-9SE;TDR-9SE;TDR-9SE;TDR-5S;TDR-5S;TDR-5S;Standard Engine;260;Standard;Standard;Single;10;Standard Gyro;Standard Cockpit;Standard Jump Jet;Standard
Thunderbolt;0;TDR-9SE©;FALSE;FALSE;TRUE;FALSE;0;0.0;0.0;0.0;90.0;20.0;20.0;30.0;315;130;1;2;2;TDR-5SS;TDR-5SS;TDR-9SE;TDR-9SE;TDR-9SE;TDR-5S;TDR-5S;TDR-5S;Standard Engine;260;Standard;Standard;Single;10;Standard Gyro;Standard Cockpit;Standard Jump Jet;Standard
Thunderbolt;0;TDR-TD;FALSE;FALSE;FALSE;TRUE;0;0.0;0.0;0.0;80.0;20.0;20.0;30.0;315;130;1;2;2;TDR-5S;TDR-5SS;TDR-TD;TDR-TD;TDR-5S;TDR-5S;TDR-5S;TDR-5S;Standard Engine;260;Standard;Standard;Single;10;Standard Gyro;Standard Cockpit;Standard Jump Jet;Standard
Timber Wolf;0;TBR-PRIME;FALSE;FALSE;FALSE;FALSE;14766027;0.0;0.0;0.0;90.0;20.0;25.0;30.0;375;375;1;1;2;TBR-PRIME;TBR-PRIME;TBR-PRIME;TBR-PRIME;TBR-PRIME;TBR-PRIME;TBR-PRIME;TBR-PRIME;XL Engine (CL);375;Ferro Fibrous (CL);Endo Steel (CL);Double (CL);15;Standard Gyro;Standard Cockpit;Standard Jump Jet;Standard
Timber Wolf;0;TBR-A;FALSE;FALSE;FALSE;FALSE;14769027;0.0;0.0;0.0;90.0;20.0;25.0;30.0;375;375;1;1;2;TBR-A;TBR-A;TBR-A;TBR-A;TBR-A;TBR-A;TBR-A;TBR-A;XL Engine (CL);375;Ferro Fibrous (CL);Endo Steel (CL);Double (CL);15;Standard Gyro;Standard Cockpit;Standard Jump Jet;Standard
Timber Wolf;0;TBR-B;FALSE;FALSE;FALSE;FALSE;0;0.0;0.0;0.0;90.0;20.0;25.0;30.0;375;375;1;1;2;TBR-B;TBR-B;TBR-B;TBR-B;TBR-B;TBR-B;TBR-B;TBR-B;XL Engine (CL);375;Ferro Fibrous (CL);Endo Steel (CL);Double (CL);15;Standard Gyro;Standard Cockpit;Standard Jump Jet;Standard
Timber Wolf;0;TBR-C;FALSE;FALSE;FALSE;FALSE;15163647;0.0;0.0;0.0;90.0;20.0;25.0;30.0;375;375;1;1;2;TBR-C;TBR-C;TBR-C;TBR-C;TBR-C;TBR-C;TBR-C;TBR-C;XL Engine (CL);375;Ferro Fibrous (CL);Endo Steel (CL);Double (CL);15;Standard Gyro;Standard Cockpit;Standard Jump Jet;Standard
Timber Wolf;0;TBR-C©;FALSE;FALSE;TRUE;FALSE;0;0.0;0.0;0.0;90.0;20.0;25.0;30.0;375;375;1;1;2;TBR-C;TBR-C;TBR-C;TBR-C;TBR-C;TBR-C;TBR-C;TBR-C;XL Engine (CL);375;Ferro Fibrous (CL);Endo Steel (CL);Double (CL);15;Standard Gyro;Standard Cockpit;Standard Jump Jet;Standard
Timber Wolf;0;TBR-D;FALSE;FALSE;FALSE;FALSE;15177027;0.0;0.0;0.0;90.0;20.0;25.0;30.0;375;375;1;1;2;TBR-D;TBR-D;TBR-D;TBR-D;TBR-D;TBR-D;TBR-D;TBR-D;XL Engine (CL);375;Ferro Fibrous (CL);Endo Steel (CL);Double (CL);15;Standard Gyro;Standard Cockpit;Standard Jump Jet;Standard
Timber Wolf;0;TBR-S;FALSE;FALSE;FALSE;FALSE;15178647;0.0;0.0;0.0;90.0;20.0;25.0;30.0;375;375;1;1;2;TBR-S;TBR-S;TBR-S;TBR-S;TBR-S;TBR-S;TBR-S;TBR-S;XL Engine (CL);375;Ferro Fibrous (CL);Endo Steel (CL);Double (CL);15;Standard Gyro;Standard Cockpit;Standard Jump Jet;Standard
Trebuchet;0;TBT-3C;FALSE;FALSE;FALSE;FALSE;8503816;0.0;0.0;0.0;90.0;35.0;15.0;40.0;390;100;1;2;2;TBT-3C;TBT-3C;TBT-3C;TBT-3C;TBT-3C;TBT-3C;TBT-3C;TBT-3C;XL Engine (IS);300;Standard;Standard;Single;10;Standard Gyro;Standard Cockpit;Standard Jump Jet;Standard
Trebuchet;0;TBT-5J;FALSE;FALSE;FALSE;FALSE;4186745;0.0;0.0;0.0;90.0;35.0;15.0;40.0;325;100;1;2;2;TBT-5J;TBT-5J;TBT-3C;TBT-3C;TBT-5J;TBT-3C;TBT-3C;TBT-3C;Standard Engine;250;Standard;Standard;Single;10;Standard Gyro;Standard Cockpit;Standard Jump Jet;Standard
Trebuchet;0;TBT-5N;FALSE;FALSE;FALSE;FALSE;4161797;0.0;0.0;0.0;115.0;35.0;15.0;40.0;325;100;1;3;2;TBT-5J;TBT-3C;TBT-3C;TBT-3C;TBT-5N;TBT-3C;TBT-3C;TBT-3C;Standard Engine;250;Standard;Standard;Single;10;Standard Gyro;Standard Cockpit;Standard Jump Jet;Standard
Trebuchet;0;TBT-7K;FALSE;FALSE;FALSE;FALSE;3867177;0.0;0.0;0.0;115.0;35.0;15.0;40.0;325;100;1;2;2;TBT-7K;TBT-7K;TBT-7K;TBT-7K;TBT-5N;TBT-3C;TBT-3C;TBT-3C;Standard Engine;250;Standard;Standard;Single;10;Standard Gyro;Standard Cockpit;Standard Jump Jet;Standard
Trebuchet;0;TBT-7M;FALSE;FALSE;FALSE;FALSE;7623797;0.0;0.0;0.0;90.0;35.0;15.0;40.0;325;100;1;2;2;TBT-3C;TBT-3C;TBT-3C;TBT-7M;TBT-5J;TBT-3C;TBT-3C;TBT-3C;XL Engine (IS);250;Standard;Standard;Single;10;Standard Gyro;Standard Cockpit;Standard Jump Jet;Standard
Trebuchet;0;TBT-7M©;FALSE;FALSE;TRUE;FALSE;0;0.0;0.0;0.0;90.0;35.0;15.0;40.0;325;100;1;2;2;TBT-3C;TBT-3C;TBT-3C;TBT-7M;TBT-5J;TBT-3C;TBT-3C;TBT-3C;XL Engine (IS);250;Standard;Standard;Single;10;Standard Gyro;Standard Cockpit;Standard Jump Jet;Standard
Trebuchet;0;TBT-LG;FALSE;FALSE;FALSE;TRUE;0;0.0;0.0;0.0;90.0;35.0;15.0;40.0;325;100;1;2;2;TBT-LG;TBT-3C;TBT-3C;TBT-7M;TBT-5J;TBT-3C;TBT-3C;TBT-3C;XL Engine (IS);325;Standard;Standard;Single;10;Standard Gyro;Standard Cockpit;Standard Jump Jet;Standard
Urbanmech;0;UM-60;FALSE;FALSE;FALSE;FALSE;1560113;0.0;0.0;0.0;360.0;25.0;0.0;30.0;180;60;1;2;2;UM-60;UM-59;UM-60;UM-60;UM-60;UM-60;UM-60;UM-60;Standard Engine;225;Standard;Standard;Single;10;Standard Gyro;Standard Cockpit;Standard Jump Jet;Standard
Urbanmech;0;UM-60L;FALSE;FALSE;FALSE;FALSE;1744084;0.0;0.0;0.0;360.0;25.0;0.0;30.0;180;60;1;2;2;UM-60L;UM-60L;UM-60;UM-60;UM-60;UM-60;UM-60;UM-60;Standard Engine;180;Standard;Standard;Single;10;Standard Gyro;Standard Cockpit;Standard Jump Jet;Standard
Urbanmech;0;UM-63;FALSE;FALSE;FALSE;FALSE;2006108;0.0;0.0;0.0;360.0;25.0;0.0;30.0;180;60;1;2;2;UM-63;UM-62;UM-60;UM-63;UM-60;UM-60;UM-60;UM-60;Standard Engine;180;Standard;Standard;Single;10;Standard Gyro;Standard Cockpit;Standard Jump Jet;Standard
Urbanmech;0;UM-HERO;TRUE;TRUE;FALSE;TRUE;0;0.0;0.0;0.0;360.0;25.0;0.0;30.0;180;60;1;2;2;UM-60;UM-60;UM-60;UM-60;UM-60;UM-60;UM-60;UM-60;Standard Engine;180;Standard;Standard;Single;10;Standard Gyro;Standard Cockpit;Standard Jump Jet;Standard
Victor;0;VTR-9B;FALSE;FALSE;FALSE;FALSE;7410423;0.0;0.0;0.0;90.0;20.0;10.0;30.0;385;160;1;2;2;VTR-9B;VTR-9B;VTR-9B;VTR-9B;VTR-9B;VTR-9B;VTR-9B;VTR-9B;Standard Engine;320;Standard;Standard;Single;10;Standard Gyro;Standard Cockpit;Standard Jump Jet;Standard
Victor;0;VTR-9K;FALSE;FALSE;FALSE;FALSE;7710430;0.0;0.0;0.0;90.0;20.0;20.0;30.0;385;160;1;2;2;VTR-9K;VTR-9K;VTR-9B;VTR-9B;VTR-9K;VTR-9B;VTR-9B;VTR-9B;Standard Engine;320;Standard;Standard;Single;10;Standard Gyro;Standard Cockpit;Standard Jump Jet;Standard
Victor;0;VTR-9S;FALSE;FALSE;FALSE;FALSE;7440407;0.0;0.0;0.0;90.0;20.0;10.0;30.0;385;160;1;2;2;VTR-9S;VTR-9B;VTR-9B;VTR-9S;VTR-9B;VTR-9B;VTR-9B;VTR-9B;Standard Engine;320;Standard;Standard;Single;10;Standard Gyro;Standard Cockpit;Standard Jump Jet;Standard
Victor;0;VTR-9S©;FALSE;FALSE;TRUE;FALSE;0;0.0;0.0;0.0;90.0;20.0;10.0;30.0;385;160;1;2;2;VTR-9S;VTR-9B;VTR-9B;VTR-9S;VTR-9B;VTR-9B;VTR-9B;VTR-9B;XL Engine (IS);350;Standard;Standard;Single;10;Standard Gyro;Standard Cockpit;Standard Jump Jet;Standard
Victor;0;VTR-DS;FALSE;FALSE;FALSE;TRUE;0;0.0;0.0;0.0;90.0;20.0;20.0;30.0;400;160;1;2;2;VTR-9S;VTR-DS;VTR-DS;VTR-9B;VTR-9B;VTR-9B;VTR-9B;VTR-9B;XL Engine (IS);330;Standard;Standard;Single;10;Standard Gyro;Standard Cockpit;Standard Jump Jet;Standard
Vindicator;0;VND-1AA;FALSE;FALSE;FALSE;FALSE;3693024;0.0;0.0;0.0;125.0;30.0;35.0;30.0;295;100;1;2;2;VND-1AA;VND-1AA;VND-1AA;VND-1AA;VND-1AA;VND-1AA;VND-1AA;VND-1AA;Standard Engine;225;Standard;Standard;Single;10;Standard Gyro;Standard Cockpit;Standard Jump Jet;Standard
Vindicator;0;VND-1R;FALSE;FALSE;FALSE;FALSE;3394029;0.0;0.0;0.0;125.0;30.0;35.0;30.0;235;100;1;2;2;VND-1AA;VND-1R;VND-1AA;VND-1R;VND-1R;VND-1AA;VND-1AA;VND-1AA;Standard Engine;180;Standard;Standard;Single;10;Standard Gyro;Standard Cockpit;Standard Jump Jet;Standard
Vindicator;0;VND-1X;FALSE;FALSE;FALSE;FALSE;3388529;0.0;0.0;0.0;125.0;30.0;35.0;30.0;235;100;1;2;2;VND-1X;VND-1X;VND-1AA;VND-1R;VND-1R;VND-1AA;VND-1AA;VND-1AA;Standard Engine;180;Standard;Standard;Single;10;Standard Gyro;Standard Cockpit;Standard Jump Jet;Standard
Vindicator;0;VND-1SIB;FALSE;FALSE;FALSE;TRUE;0;0.0;0.0;0.0;125.0;30.0;35.0;30.0;250;100;1;2;2;VND-1X;VND-1AA;VND-1AA;VND-1SIB;VND-1SIB;VND-1AA;VND-1AA;VND-1AA;Standard Engine;180;Standard;Standard;Single;10;Standard Gyro;Standard Cockpit;Standard Jump Jet;Standard
Viper;-1;VPR-PRIME;TRUE;TRUE;FALSE;FALSE;0;0.0;0.0;0.0;130.0;20.0;35.0;30.0;320;320;1;2;2;VPR-PRIME;VPR-PRIME;VPR-PRIME;VPR-PRIME;VPR-PRIME;VPR-PRIME;VPR-PRIME;VPR-PRIME;XL Engine (CL);320;Ferro Fibrous (CL);Endo Steel (CL);Double (CL);10;Standard Gyro;Standard Cockpit;Standard Jump Jet;Standard
Viper;-1;VPR-A;TRUE;TRUE;FALSE;FALSE;0;0.0;0.0;0.0;130.0;20.0;35.0;30.0;320;320;1;2;2;VPR-A;VPR-A;VPR-A;VPR-A;VPR-A;VPR-A;VPR-A;VPR-A;XL Engine (CL);320;Ferro Fibrous (CL);Endo Steel (CL);Double (CL);10;Standard Gyro;Standard Cockpit;Standard Jump Jet;Standard
Viper;-1;VPR-B;TRUE;TRUE;FALSE;FALSE;0;0.0;0.0;0.0;130.0;20.0;35.0;30.0;320;320;1;2;2;VPR-B;VPR-B;VPR-B;VPR-B;VPR-B;VPR-B;VPR-B;VPR-B;XL Engine (CL);320;Ferro Fibrous (CL);Endo Steel (CL);Double (CL);10;Standard Gyro;Standard Cockpit;Standard Jump Jet;Standard
Viper;-1;VPR-C;TRUE;TRUE;FALSE;FALSE;0;0.0;0.0;0.0;130.0;20.0;35.0;30.0;320;320;1;2;2;VPR-C;VPR-C;VPR-C;VPR-C;VPR-C;VPR-C;VPR-C;VPR-C;XL Engine (CL);320;Ferro Fibrous (CL);Endo Steel (CL);Double (CL);10;Standard Gyro;Standard Cockpit;Standard Jump Jet;Standard
Viper;-1;VPR-D;TRUE;TRUE;FALSE;FALSE;0;0.0;0.0;0.0;130.0;20.0;35.0;30.0;320;320;1;2;2;VPR-D;VPR-D;VPR-D;VPR-D;VPR-D;VPR-D;VPR-D;VPR-D;XL Engine (CL);320;Ferro Fibrous (CL);Endo Steel (CL);Double (CL);10;Standard Gyro;Standard Cockpit;Standard Jump Jet;Standard
Warhammer;0;WHR-6D;FALSE;TRUE;FALSE;FALSE;0;0.0;0.0;0.0;120.0;20.0;30.0;30.0;340;140;1;2;2;WHR-6D;WHR-6D;WHR-6D;WHR-6D;WHR-6D;WHR-6D;WHR-6D;WHR-6D;Standard Engine;280;Standard;Standard;Single;10;Standard Gyro;Standard Cockpit;Standard Jump Jet;Standard
Warhammer;0;WHR-6R;FALSE;TRUE;FALSE;FALSE;0;0.0;0.0;0.0;120.0;20.0;30.0;30.0;340;140;1;2;2;WHR-6R;WHR-6R;WHR-6R;WHR-6R;WHR-6D;WHR-6D;WHR-6D;WHR-6D;Standard Engine;280;Standard;Standard;Single;10;Standard Gyro;Standard Cockpit;Standard Jump Jet;Standard
Warhammer;0;WHR-7S;FALSE;TRUE;FALSE;FALSE;0;0.0;0.0;0.0;120.0;20.0;30.0;30.0;340;140;1;2;2;WHR-6R;WHR-6R;WHR-7S;WHR-7S;WHR-6D;WHR-6D;WHR-6D;WHR-6D;Standard Engine;280;Standard;Standard;Single;10;Standard Gyro;Standard Cockpit;Standard Jump Jet;Standard
Warhammer;0;WHR-BW;FALSE;TRUE;FALSE;TRUE;0;0.0;0.0;0.0;120.0;20.0;30.0;30.0;340;140;1;2;2;WHR-6R;WHR-6R;WHR-BW;WHR-BW;WHR-6D;WHR-6D;WHR-6D;WHR-6D;Standard Engine;280;Standard;Standard;Single;10;Standard Gyro;Standard Cockpit;Standard Jump Jet;Standard
Warhawk;0;WHK-PRIME;FALSE;FALSE;FALSE;FALSE;16152261;0.0;0.0;0.0;90.0;20.0;20.0;30.0;340;340;1;2;2;WHK-PRIME;WHK-PRIME;WHK-PRIME;WHK-PRIME;WHK-PRIME;WHK-PRIME;WHK-PRIME;WHK-PRIME;XL Engine (CL);340;Ferro Fibrous (CL);Standard;Double (CL);20;Standard Gyro;Standard Cockpit;Standard Jump Jet;Standard
Warhawk;0;WHK-A;FALSE;FALSE;FALSE;FALSE;15816221;0.0;0.0;0.0;90.0;20.0;20.0;30.0;340;340;1;2;2;WHK-A;WHK-A;WHK-A;WHK-A;WHK-A;WHK-A;WHK-A;WHK-A;XL Engine (CL);340;Ferro Fibrous (CL);Standard;Double (CL);20;Standard Gyro;Standard Cockpit;Standard Jump Jet;Standard
Warhawk;0;WHK-B;FALSE;FALSE;FALSE;FALSE;15311701;0.0;0.0;0.0;90.0;20.0;20.0;30.0;340;340;1;2;2;WHK-B;WHK-B;WHK-B;WHK-B;WHK-B;WHK-B;WHK-B;WHK-B;XL Engine (CL);340;Ferro Fibrous (CL);Standard;Double (CL);20;Standard Gyro;Standard Cockpit;Standard Jump Jet;Standard
Warhawk;0;WHK-C;FALSE;FALSE;FALSE;FALSE;15473201;0.0;0.0;0.0;90.0;20.0;20.0;30.0;340;340;1;2;2;WHK-C;WHK-C;WHK-C;WHK-C;WHK-C;WHK-C;WHK-C;WHK-C;XL Engine (CL);340;Ferro Fibrous (CL);Standard;Double (CL);20;Standard Gyro;Standard Cockpit;Standard Jump Jet;Standard
Wolfhound;0;WLF-1;FALSE;FALSE;FALSE;FALSE;2670748;0.0;0.0;0.0;110.0;25.0;40.0;25.0;315;100;1;2;2;WLF-1;WLF-1;WLF-1;WLF-1;WLF-1;WLF-1;WLF-1;WLF-1;Standard Engine;210;Standard;Standard;Single;10;Standard Gyro;Standard Cockpit;Standard Jump Jet;Standard
Wolfhound;0;WLF-1A;FALSE;FALSE;FALSE;FALSE;2594748;0.0;0.0;0.0;110.0;25.0;40.0;25.0;295;100;1;2;2;WLF-1;WLF-1;WLF-1A;WLF-1A;WLF-1A;WLF-1;WLF-1;WLF-1;Standard Engine;210;Standard;Standard;Single;10;Standard Gyro;Standard Cockpit;Standard Jump Jet;Standard
Wolfhound;0;WLF-1B;FALSE;FALSE;FALSE;FALSE;2670748;0.0;0.0;0.0;110.0;25.0;40.0;25.0;295;100;1;2;2;WLF-1;WLF-1;WLF-1B;WLF-1;WLF-1;WLF-1;WLF-1;WLF-1;Standard Engine;210;Standard;Standard;Single;10;Standard Gyro;Standard Cockpit;Standard Jump Jet;Standard
Wolfhound;0;WLF-2;FALSE;FALSE;FALSE;FALSE;2886748;0.0;0.0;0.0;110.0;25.0;40.0;25.0;295;100;1;2;2;WLF-2;WLF-1;WLF-1;WLF-1;WLF-1;WLF-1;WLF-1;WLF-1;Standard Engine;210;Standard;Standard;Single;10;Standard Gyro;Standard Cockpit;Standard Jump Jet;Standard
Wolfhound;0;WLF-HERO;TRUE;TRUE;FALSE;TRUE;0;0.0;0.0;0.0;110.0;25.0;40.0;25.0;295;100;1;2;2;WLF-1;WLF-1;WLF-1;WLF-1;WLF-1;WLF-1;WLF-1;WLF-1;Standard Engine;210;Standard;Standard;Single;10;Standard Gyro;Standard Cockpit;Standard Jump Jet;Standard
Wolverine;0;WVR-6K;FALSE;FALSE;FALSE;FALSE;4281255;0.0;0.0;0.0;125.0;30.0;30.0;35.0;375;110;1;2;2;WVR-6K;WVR-6K;WVR-6K;WVR-6K;WVR-6K;WVR-6K;WVR-6K;WVR-6K;Standard Engine;275;Standard;Standard;Single;10;Standard Gyro;Standard Cockpit;Standard Jump Jet;Standard
Wolverine;0;WVR-6K©;FALSE;FALSE;TRUE;FALSE;0;0.0;0.0;0.0;125.0;30.0;30.0;35.0;375;110;1;2;2;WVR-6K;WVR-6K;WVR-6K;WVR-6K;WVR-6K;WVR-6K;WVR-6K;WVR-6K;Standard Engine;275;Standard;Standard;Single;10;Standard Gyro;Standard Cockpit;Standard Jump Jet;Standard
Wolverine;0;WVR-6R;FALSE;FALSE;FALSE;FALSE;4558223;0.0;0.0;0.0;125.0;30.0;30.0;35.0;360;110;1;2;2;WVR-6R;WVR-6K;WVR-6K;WVR-6R;WVR-6R;WVR-6K;WVR-6K;WVR-6K;Standard Engine;275;Standard;Standard;Single;10;Standard Gyro;Standard Cockpit;Standard Jump Jet;Standard
Wolverine;0;WVR-7D;FALSE;FALSE;FALSE;FALSE;0;0.0;0.0;0.0;125.0;30.0;30.0;35.0;360;110;1;2;2;WVR-6R;WVR-6K;WVR-6K;WVR-7D;WVR-7D;WVR-6K;WVR-6K;WVR-6K;Standard Engine;275;Standard;Standard;Single;10;Standard Gyro;Standard Cockpit;Standard Jump Jet;Standard
Wolverine;0;WVR-7K;FALSE;FALSE;FALSE;FALSE;7506381;0.0;0.0;0.0;125.0;30.0;30.0;35.0;360;110;1;2;2;WVR-7K;WVR-6K;WVR-7K;WVR-7D;WVR-6R;WVR-6K;WVR-6K;WVR-6K;XL Engine (IS);275;Standard;Standard;Single;10;Standard Gyro;Standard Cockpit;Standard Jump Jet;Standard
Wolverine;0;WVR-Q;FALSE;FALSE;FALSE;TRUE;0;0.0;0.0;0.0;125.0;30.0;30.0;35.0;360;110;1;2;2;WVR-Q;WVR-6K;WVR-Q;WVR-Q;WVR-6R;WVR-Q;WVR-6K;WVR-6K;XL Engine (IS);275;Standard;Standard;Single;10;Standard Gyro;Standard Cockpit;Standard Jump Jet;Standard
Zeus;0;ZEU-5S;FALSE;FALSE;FALSE;FALSE;7461534;0.0;0.0;0.0;90.0;20.0;20.0;30.0;390;160;1;2;2;ZEU-5S;ZEU-5S;ZEU-5S;ZEU-5S;ZEU-5S;ZEU-5S;ZEU-5S;ZEU-5S;Standard Engine;320;Standard;Standard;Single;10;Standard Gyro;Standard Cockpit;Standard Jump Jet;Standard
Zeus;0;ZEU-6S;FALSE;FALSE;FALSE;FALSE;6947974;0.0;0.0;0.0;90.0;20.0;20.0;30.0;390;160;1;2;2;ZEU-6S;ZEU-6S;ZEU-5S;ZEU-6S;ZEU-5S;ZEU-5S;ZEU-5S;ZEU-5S;Standard Engine;320;Standard;Standard;Single;10;Standard Gyro;Standard Cockpit;Standard Jump Jet;Standard
Zeus;0;ZEU-6T;FALSE;FALSE;FALSE;FALSE;7101474;0.0;0.0;0.0;90.0;20.0;20.0;30.0;390;160;1;2;2;ZEU-5S;ZEU-6T;ZEU-5S;ZEU-5S;ZEU-5S;ZEU-5S;ZEU-5S;ZEU-5S;Standard Engine;320;Standard;Standard;Single;10;Standard Gyro;Standard Cockpit;Standard Jump Jet;Standard
Zeus;0;ZEU-9S;FALSE;FALSE;FALSE;FALSE;7834142;0.0;0.0;0.0;90.0;20.0;20.0;30.0;390;160;1;2;2;ZEU-6S;ZEU-9S;ZEU-5S;ZEU-5S;ZEU-5S;ZEU-5S;ZEU-5S;ZEU-5S;Standard Engine;320;Standard;Standard;Single;10;Standard Gyro;Standard Cockpit;Standard Jump Jet;Standard
Zeus;0;ZEU-9S2;FALSE;FALSE;FALSE;FALSE;0;0.0;0.0;0.0;90.0;20.0;20.0;30.0;390;160;1;2;2;ZEU-5S;ZEU-6S;ZEU-5S;ZEU-5S;ZEU-9S2;ZEU-5S;ZEU-5S;ZEU-5S;Standard Engine;320;Standard;Standard;Single;10;Standard Gyro;Standard Cockpit;Standard Jump Jet;Standard
Zeus;0;ZEU-HERO;TRUE;TRUE;FALSE;TRUE;0;0.0;0.0;0.0;90.0;20.0;20.0;30.0;390;160;1;2;2;ZEU-5S;ZEU-5S;ZEU-5S;ZEU-5S;ZEU-5S;ZEU-5S;ZEU-5S;ZEU-5S;Standard Engine;320;Standard;Standard;Single;10;Standard Gyro;Standard Cockpit;Standard Jump Jet;Standard
