Chassis;ID;Model;Unconfirmed?;Unreleased?;Champion?;Hero?;C-Bill Cost;Accel;Decel;Turn Rate;Torso Yaw;Torso Pitch;Arm Yaw;Arm Pitch;Max Engine;HT Mod;Mech Slots;Weapon Slots;Consumable Slots;RA;LA;RT;LT;CT;HD;RL;LL;Engine Type;Engine Rating;Armor Type;Structure Type;Heat Sink Type;Heat Sink Count;Gyro Type;Cockpit Type;Jump Jet Type;Myomer Type
Adder;0;ADR-PRIME;FALSE;FALSE;FALSE;FALSE;7024974;0.0;0.0;0.0;0.0;0.0;0.0;0.0;-1;1.0000;-1;-1;-1;ADR-PRIME;ADR-PRIME;ADR-PRIME;ADR-PRIME;ADR-PRIME;ADR-PRIME;ADR-PRIME;ADR-PRIME;XL Engine (CL);210;Ferro Fibrous (CL);Endo Steel (CL);Double (CL);10;Standard Gyro;Standard Cockpit;Standard Jump Jet;Standard
Adder;0;ADR-A;FALSE;FALSE;FALSE;FALSE;6937211;0.0;0.0;0.0;0.0;0.0;0.0;0.0;-1;1.0000;-1;-1;-1;ADR-A;ADR-A;ADR-A;ADR-A;ADR-A;ADR-A;ADR-A;ADR-A;XL Engine (CL);210;Ferro Fibrous (CL);Endo Steel (CL);Double (CL);10;Standard Gyro;Standard Cockpit;Standard Jump Jet;Standard
Adder;0;ADR-D;FALSE;FALSE;FALSE;FALSE;6729971;0.0;0.0;0.0;0.0;0.0;0.0;0.0;-1;1.0000;-1;-1;-1;ADR-D;ADR-D;ADR-D;ADR-D;ADR-D;ADR-D;ADR-D;ADR-D;XL Engine (CL);210;Ferro Fibrous (CL);Endo Steel (CL);Double (CL);10;Standard Gyro;Standard Cockpit;Standard Jump Jet;Standard
Adder;0;ADR-HERO;TRUE;TRUE;FALSE;TRUE;0;0.0;0.0;0.0;0.0;0.0;0.0;0.0;-1;1.0000;-1;-1;-1;ADR-HERO;ADR-HERO;ADR-HERO;ADR-HERO;ADR-HERO;ADR-HERO;ADR-HERO;ADR-HERO;XL Engine (CL);210;Ferro Fibrous (CL);Endo Steel (CL);Double (CL);10;Standard Gyro;Standard Cockpit;Standard Jump Jet;Standard
Arctic Cheetah;-1;AHT-PRIME;TRUE;TRUE;FALSE;FALSE;0;0.0;0.0;0.0;0.0;0.0;0.0;0.0;-1;1.0000;-1;-1;-1;AHT-PRIME;AHT-PRIME;AHT-PRIME;AHT-PRIME;AHT-PRIME;AHT-PRIME;AHT-PRIME;AHT-PRIME;XL Engine (CL);240;Ferro Fibrous (CL);Endo Steel (CL);Double (CL);10;Standard Gyro;Standard Cockpit;Standard Jump Jet;Standard
Arctic Cheetah;-1;AHT-HERO;TRUE;TRUE;FALSE;TRUE;0;0.0;0.0;0.0;0.0;0.0;0.0;0.0;-1;1.0000;-1;-1;-1;AHT-HERO;AHT-HERO;AHT-HERO;AHT-HERO;AHT-HERO;AHT-HERO;AHT-HERO;AHT-HERO;XL Engine (CL);240;Ferro Fibrous (CL);Endo Steel (CL);Double (CL);10;Standard Gyro;Standard Cockpit;Standard Jump Jet;Standard
Assassin;-1;ASN-21;TRUE;TRUE;FALSE;FALSE;0;0.0;0.0;0.0;0.0;0.0;0.0;0.0;-1;1.0000;-1;-1;-1;ASN-21;ASN-21;ASN-21;ASN-21;ASN-21;ASN-21;ASN-21;ASN-21;Standard Engine;280;Standard;Standard;Single;10;Standard Gyro;Standard Cockpit;Standard Jump Jet;Standard
Assassin;-1;ASN-23;TRUE;TRUE;FALSE;FALSE;0;0.0;0.0;0.0;0.0;0.0;0.0;0.0;-1;1.0000;-1;-1;-1;ASN-23;ASN-21;ASN-23;ASN-23;ASN-21;ASN-21;ASN-21;ASN-21;Standard Engine;280;Standard;Standard;Single;10;Standard Gyro;Standard Cockpit;Standard Jump Jet;Standard
Assassin;-1;ASN-101;TRUE;TRUE;FALSE;FALSE;0;0.0;0.0;0.0;0.0;0.0;0.0;0.0;-1;1.0000;-1;-1;-1;ASN-101;ASN-21;ASN-101;ASN-101;ASN-21;ASN-101;ASN-21;ASN-21;Standard Engine;280;Standard;Standard;Single;10;Standard Gyro;Standard Cockpit;Standard Jump Jet;Standard
Assassin;-1;ASN-HERO;TRUE;TRUE;FALSE;TRUE;0;0.0;0.0;0.0;0.0;0.0;0.0;0.0;-1;1.0000;-1;-1;-1;ASN-21;ASN-21;ASN-21;ASN-21;ASN-21;ASN-21;ASN-21;ASN-21;Standard Engine;280;Standard;Standard;Single;10;Standard Gyro;Standard Cockpit;Standard Jump Jet;Standard
Atlas;0;AS7-D;FALSE;FALSE;FALSE;FALSE;9676072;0.0;0.0;0.0;0.0;0.0;0.0;0.0;-1;1.0000;-1;-1;-1;AS7-D;AS7-D;AS7-D;AS7-D;AS7-D;AS7-D;AS7-D;AS7-D;Standard Engine;300;Standard;Standard;Single;10;Standard Gyro;Standard Cockpit;Standard Jump Jet;Standard
Atlas;0;AS7-D-DC;FALSE;FALSE;FALSE;FALSE;10486012;0.0;0.0;0.0;0.0;0.0;0.0;0.0;-1;1.0000;-1;-1;-1;AS7-D;AS7-D;AS7-D;AS7-D-DC;AS7-D-DC;AS7-D;AS7-D;AS7-D;Standard Engine;300;Standard;Standard;Single;10;Standard Gyro;Standard Cockpit;Standard Jump Jet;Standard
Atlas;0;AS7-K;FALSE;FALSE;FALSE;FALSE;13691066;0.0;0.0;0.0;0.0;0.0;0.0;0.0;-1;1.0000;-1;-1;-1;AS7-K;AS7-D;AS7-K;AS7-K;AS7-D;AS7-D;AS7-D;AS7-D;Standard Engine;300;Standard;Standard;Single;10;Standard Gyro;Standard Cockpit;Standard Jump Jet;Standard
Atlas;0;AS7-RS;FALSE;FALSE;FALSE;FALSE;9358066;0.0;0.0;0.0;0.0;0.0;0.0;0.0;-1;1.0000;-1;-1;-1;AS7-RS;AS7-RS;AS7-K;AS7-D;AS7-D-DC;AS7-D;AS7-D;AS7-D;Standard Engine;300;Standard;Standard;Single;10;Standard Gyro;Standard Cockpit;Standard Jump Jet;Standard
Atlas;0;AS7-RS©;FALSE;FALSE;TRUE;FALSE;0;0.0;0.0;0.0;0.0;0.0;0.0;0.0;-1;1.0000;-1;-1;-1;AS7-RS;AS7-RS;AS7-K;AS7-D;AS7-D-DC;AS7-D;AS7-D;AS7-D;Standard Engine;325;Standard;Standard;Single;10;Standard Gyro;Standard Cockpit;Standard Jump Jet;Standard
Atlas;0;AS7-S;FALSE;TRUE;FALSE;FALSE;0;0.0;0.0;0.0;0.0;0.0;0.0;0.0;-1;1.0000;-1;-1;-1;AS7-D;AS7-D;AS7-K;AS7-S;AS7-D;AS7-D;AS7-D;AS7-D;Standard Engine;300;Standard;Standard;Double (IS);10;Standard Gyro;Standard Cockpit;Standard Jump Jet;Standard
Atlas;0;AS7-BH;FALSE;FALSE;FALSE;TRUE;0;0.0;0.0;0.0;-5.0;0.0;5.0;0.0;400;1.0000;-1;-1;-1;AS7-BH;AS7-BH;AS7-K;AS7-K;AS7-D-DC;AS7-D;AS7-D;AS7-D;Standard Engine;400;Standard;Endo Steel (IS);Single;10;Standard Gyro;Standard Cockpit;Standard Jump Jet;Standard
Awesome;0;AWS-8Q;FALSE;FALSE;FALSE;FALSE;6764270;0.0;0.0;0.0;0.0;0.0;0.0;0.0;-1;1.0000;-1;-1;-1;AWS-8Q;AWS-8Q;AWS-8Q;AWS-8Q;AWS-8Q;AWS-8Q;AWS-8Q;AWS-8Q;Standard Engine;240;Standard;Standard;Single;10;Standard Gyro;Standard Cockpit;Standard Jump Jet;Standard
Awesome;0;AWS-8R;FALSE;FALSE;FALSE;FALSE;6524390;0.0;0.0;0.0;0.0;0.0;0.0;0.0;-1;1.0000;-1;-1;-1;AWS-8Q;AWS-8Q;AWS-8R;AWS-8R;AWS-8Q;AWS-8Q;AWS-8Q;AWS-8Q;Standard Engine;240;Standard;Standard;Single;10;Standard Gyro;Standard Cockpit;Standard Jump Jet;Standard
Awesome;0;AWS-8T;FALSE;FALSE;FALSE;FALSE;6704390;0.0;0.0;0.0;0.0;0.0;0.0;0.0;-1;1.0000;-1;-1;-1;AWS-8Q;AWS-8T;AWS-8T;AWS-8T;AWS-8Q;AWS-8Q;AWS-8Q;AWS-8Q;Standard Engine;240;Standard;Standard;Single;10;Standard Gyro;Standard Cockpit;Standard Jump Jet;Standard
Awesome;0;AWS-8V;FALSE;FALSE;FALSE;FALSE;6574390;0.0;0.0;0.0;0.0;0.0;0.0;0.0;-1;1.0000;-1;-1;-1;AWS-8V;AWS-8Q;AWS-8V;AWS-8Q;AWS-8Q;AWS-8Q;AWS-8Q;AWS-8Q;Standard Engine;240;Standard;Standard;Single;10;Standard Gyro;Standard Cockpit;Standard Jump Jet;Standard
Awesome;0;AWS-9M;FALSE;FALSE;FALSE;FALSE;11534852;0.0;0.0;0.0;0.0;0.0;0.0;0.0;385;1.0000;-1;-1;-1;AWS-8V;AWS-9M;AWS-9M;AWS-9M;AWS-9M;AWS-8Q;AWS-8Q;AWS-8Q;XL Engine (IS);320;Standard;Standard;Double (IS);10;Standard Gyro;Standard Cockpit;Standard Jump Jet;Standard
Awesome;0;AWS-PB;FALSE;FALSE;FALSE;TRUE;0;0.0;0.0;0.0;0.0;0.0;0.0;0.0;400;1.0000;-1;-1;-1;AWS-8V;AWS-PB;AWS-8T;AWS-9M;AWS-8Q;AWS-8Q;AWS-8Q;AWS-8Q;XL Engine (IS);340;Standard;Standard;Double (IS);10;Standard Gyro;Standard Cockpit;Standard Jump Jet;Standard
Banshee;0;BNC-3E;FALSE;FALSE;FALSE;FALSE;8542695;0.0;0.0;0.0;0.0;0.0;0.0;0.0;-1;1.0000;-1;-1;-1;BNC-3E;BNC-3E;BNC-3E;BNC-3E;BNC-3E;BNC-3E;BNC-3E;BNC-3E;Standard Engine;380;Standard;Standard;Single;10;Standard Gyro;Standard Cockpit;Standard Jump Jet;Standard
Banshee;0;BNC-3M;FALSE;FALSE;FALSE;FALSE;8848195;0.0;0.0;0.0;0.0;0.0;0.0;0.0;-1;1.0000;-1;-1;-1;BNC-3E;BNC-3E;BNC-3M;BNC-3M;BNC-3E;BNC-3E;BNC-3E;BNC-3E;Standard Engine;380;Standard;Standard;Single;10;Standard Gyro;Standard Cockpit;Standard Jump Jet;Standard
Banshee;0;BNC-3S;FALSE;FALSE;FALSE;FALSE;9067028;0.0;0.0;0.0;0.0;0.0;0.0;0.0;345;1.0000;-1;-1;-1;BNC-3E;BNC-3S;BNC-3S;BNC-3S;BNC-3S;BNC-3E;BNC-3E;BNC-3E;Standard Engine;285;Standard;Standard;Single;10;Standard Gyro;Standard Cockpit;Standard Jump Jet;Standard
Banshee;0;BNC-LM;FALSE;FALSE;FALSE;TRUE;0;0.0;0.0;0.0;20.0;0.0;0.0;0.0;-1;1.0000;-1;-1;-1;BNC-LM;BNC-LM;BNC-LM;BNC-LM;BNC-3E;BNC-3E;BNC-3E;BNC-3E;XL Engine (IS);380;Standard;Endo Steel (IS);Double (IS);10;Standard Gyro;Standard Cockpit;Standard Jump Jet;Standard
Battle Cobra;-1;BCR-PRIME;TRUE;TRUE;FALSE;FALSE;0;0.0;0.0;0.0;0.0;0.0;0.0;0.0;-1;1.0000;-1;-1;-1;BCR-PRIME;BCR-PRIME;BCR-PRIME;BCR-PRIME;BCR-PRIME;BCR-PRIME;BCR-PRIME;BCR-PRIME;Standard Engine;240;Ferro Fibrous (CL);Endo Steel (CL);Double (CL);10;Standard Gyro;Standard Cockpit;Standard Jump Jet;Standard
Battle Cobra;-1;BCR-A;TRUE;TRUE;FALSE;FALSE;0;0.0;0.0;0.0;0.0;0.0;0.0;0.0;-1;1.0000;-1;-1;-1;BCR-A;BCR-A;BCR-A;BCR-A;BCR-A;BCR-A;BCR-A;BCR-A;Standard Engine;240;Ferro Fibrous (CL);Endo Steel (CL);Double (CL);10;Standard Gyro;Standard Cockpit;Standard Jump Jet;Standard
Battle Cobra;-1;BCR-B;TRUE;TRUE;FALSE;FALSE;0;0.0;0.0;0.0;0.0;0.0;0.0;0.0;-1;1.0000;-1;-1;-1;BCR-B;BCR-B;BCR-B;BCR-B;BCR-B;BCR-B;BCR-B;BCR-B;Standard Engine;240;Ferro Fibrous (CL);Endo Steel (CL);Double (CL);10;Standard Gyro;Standard Cockpit;Standard Jump Jet;Standard
Battle Cobra;-1;BCR-HERO;TRUE;TRUE;FALSE;TRUE;0;0.0;0.0;0.0;0.0;0.0;0.0;0.0;-1;1.0000;-1;-1;-1;BCR-HERO;BCR-HERO;BCR-HERO;BCR-HERO;BCR-HERO;BCR-HERO;BCR-HERO;BCR-HERO;Standard Engine;240;Ferro Fibrous (CL);Endo Steel (CL);Double (CL);10;Standard Gyro;Standard Cockpit;Standard Jump Jet;Standard
Battlemaster;0;BLR-1D;FALSE;FALSE;FALSE;FALSE;7363725;0.0;0.0;0.0;0.0;0.0;0.0;0.0;-1;1.0000;-1;-1;-1;BLR-1D;BLR-1D;BLR-1D;BLR-1D;BLR-1D;BLR-1D;BLR-1D;BLR-1D;Standard Engine;340;Standard;Standard;Single;10;Standard Gyro;Standard Cockpit;Standard Jump Jet;Standard
Battlemaster;0;BLR-1G;FALSE;FALSE;FALSE;FALSE;7703709;0.0;0.0;0.0;-20.0;0.0;0.0;0.0;-1;1.0000;-1;-1;-1;BLR-1D;BLR-1G;BLR-1G;BLR-1G;BLR-1D;BLR-1D;BLR-1D;BLR-1D;Standard Engine;340;Standard;Standard;Single;10;Standard Gyro;Standard Cockpit;Standard Jump Jet;Standard
Battlemaster;0;BLR-1S;FALSE;FALSE;FALSE;FALSE;7452829;0.0;0.0;0.0;0.0;0.0;0.0;0.0;-1;1.0000;-1;-1;-1;BLR-1S;BLR-1S;BLR-1D;BLR-1S;BLR-1D;BLR-1D;BLR-1D;BLR-1D;Standard Engine;340;Standard;Standard;Single;10;Standard Gyro;Standard Cockpit;Standard Jump Jet;Standard
Battlemaster;0;BLR-3M;FALSE;FALSE;FALSE;FALSE;8177709;0.0;0.0;0.0;-20.0;0.0;0.0;0.0;-1;1.0000;-1;-1;-1;BLR-3M;BLR-3M;BLR-1G;BLR-1G;BLR-1D;BLR-1D;BLR-1D;BLR-1D;Standard Engine;340;Standard;Standard;Double (IS);10;Standard Gyro;Standard Cockpit;Standard Jump Jet;Standard
Battlemaster;0;BLR-3S;FALSE;FALSE;FALSE;FALSE;11760821;0.0;0.0;0.0;0.0;0.0;0.0;0.0;-1;1.0000;-1;-1;-1;BLR-1S;BLR-3S;BLR-1G;BLR-1G;BLR-1D;BLR-1D;BLR-1D;BLR-1D;XL Engine (IS);340;Standard;Standard;Single;10;Standard Gyro;Standard Cockpit;Standard Jump Jet;Standard
Battlemaster;0;BLR-1GHE;FALSE;FALSE;FALSE;TRUE;0;0.0;0.0;0.0;-5.0;0.0;0.0;0.0;-1;1.0000;-1;-1;-1;BLR-1D;BLR-1GHE;BLR-1D;BLR-1GHE;BLR-1D;BLR-1D;BLR-1D;BLR-1D;Standard Engine;340;Ferro Fibrous (IS);Standard;Double (IS);10;Standard Gyro;Standard Cockpit;Standard Jump Jet;Standard
Blackjack;0;BJ-1;FALSE;FALSE;FALSE;FALSE;3385436;0.0;0.0;0.0;0.0;0.0;0.0;0.0;-1;1.0000;-1;-1;-1;BJ-1;BJ-1;BJ-1;BJ-1;BJ-1;BJ-1;BJ-1;BJ-1;Standard Engine;180;Standard;Standard;Single;10;Standard Gyro;Standard Cockpit;Standard Jump Jet;Standard
Blackjack;0;BJ-1©;FALSE;FALSE;TRUE;FALSE;0;0.0;0.0;0.0;0.0;0.0;0.0;0.0;-1;1.0000;-1;-1;-1;BJ-1;BJ-1;BJ-1;BJ-1;BJ-1;BJ-1;BJ-1;BJ-1;XL Engine (IS);235;Standard;Standard;Single;10;Standard Gyro;Standard Cockpit;Standard Jump Jet;Standard
Blackjack;0;BJ-1DC;FALSE;FALSE;FALSE;FALSE;3130436;0.0;0.0;0.0;-20.0;0.0;0.0;0.0;-1;1.0000;-1;-1;-1;BJ-1;BJ-1;BJ-1DC;BJ-1DC;BJ-1DC;BJ-1;BJ-1;BJ-1;Standard Engine;180;Standard;Standard;Single;10;Standard Gyro;Standard Cockpit;Standard Jump Jet;Standard
Blackjack;0;BJ-1X;FALSE;FALSE;FALSE;FALSE;3144528;0.0;0.0;0.0;-30.0;0.0;0.0;0.0;295;1.0000;-1;-1;-1;BJ-1X;BJ-1X;BJ-1;BJ-1;BJ-1DC;BJ-1;BJ-1;BJ-1;Standard Engine;225;Standard;Standard;Single;10;Standard Gyro;Standard Cockpit;Standard Jump Jet;Standard
Blackjack;0;BJ-3;FALSE;FALSE;FALSE;FALSE;4000461;0.0;0.0;0.0;0.0;0.0;0.0;0.0;-1;1.0000;-1;-1;-1;BJ-3;BJ-3;BJ-1;BJ-1;BJ-1;BJ-1;BJ-1;BJ-1;Standard Engine;180;Standard;Standard;Single;10;Standard Gyro;Standard Cockpit;Standard Jump Jet;Standard
Blackjack;0;BJ-A;FALSE;FALSE;FALSE;TRUE;0;0.0;0.0;0.0;-20.0;0.0;0.0;0.0;-1;1.0000;-1;-1;-1;BJ-A;BJ-A;BJ-1;BJ-1;BJ-1;BJ-1;BJ-1;BJ-1;Standard Engine;235;Standard;Standard;Single;10;Standard Gyro;Standard Cockpit;Standard Jump Jet;Standard
Black Knight;0;BL-6-KNT;TRUE;TRUE;FALSE;FALSE;0;0.0;0.0;0.0;0.0;0.0;0.0;0.0;-1;1.0000;-1;-1;-1;BL-6-KNT;BL-6-KNT;BL-6-KNT;BL-6-KNT;BL-6-KNT;BL-6-KNT;BL-6-KNT;BL-6-KNT;Standard Engine;300;Standard;Standard;Single;10;Standard Gyro;Standard Cockpit;Standard Jump Jet;Standard
Black Knight;0;BL-7-KNT;TRUE;TRUE;FALSE;FALSE;0;0.0;0.0;0.0;0.0;0.0;0.0;0.0;-1;1.0000;-1;-1;-1;BL-6-KNT;BL-6-KNT;BL-6-KNT;BL-6-KNT;BL-6-KNT;BL-6-KNT;BL-6-KNT;BL-6-KNT;Standard Engine;300;Standard;Standard;Single;10;Standard Gyro;Standard Cockpit;Standard Jump Jet;Standard
Black Knight;0;BL-7-KNT-L;TRUE;TRUE;FALSE;FALSE;0;0.0;0.0;0.0;0.0;0.0;0.0;0.0;-1;1.0000;-1;-1;-1;BL-6-KNT;BL-6-KNT;BL-6-KNT;BL-6-KNT;BL-6-KNT;BL-6-KNT;BL-6-KNT;BL-6-KNT;Standard Engine;300;Standard;Standard;Single;10;Standard Gyro;Standard Cockpit;Standard Jump Jet;Standard
Black Knight;0;BL-HERO-KNT;TRUE;TRUE;FALSE;TRUE;0;0.0;0.0;0.0;0.0;0.0;0.0;0.0;-1;1.0000;-1;-1;-1;BL-6-KNT;BL-6-KNT;BL-6-KNT;BL-6-KNT;BL-6-KNT;BL-6-KNT;BL-6-KNT;BL-6-KNT;Standard Engine;300;Standard;Standard;Single;10;Standard Gyro;Standard Cockpit;Standard Jump Jet;Standard
Cataphract;0;CTF-1X;FALSE;FALSE;FALSE;FALSE;5950963;0.0;0.0;0.0;0.0;0.0;0.0;0.0;-1;1.0000;-1;-1;-1;CTF-1X;CTF-1X;CTF-1X;CTF-1X;CTF-1X;CTF-1X;CTF-1X;CTF-1X;Standard Engine;280;Standard;Standard;Single;10;Standard Gyro;Standard Cockpit;Standard Jump Jet;Standard
Cataphract;0;CTF-2X;FALSE;FALSE;FALSE;FALSE;5755995;0.0;0.0;0.0;0.0;0.0;0.0;0.0;-1;1.0000;-1;-1;-1;CTF-2X;CTF-2X;CTF-1X;CTF-1X;CTF-1X;CTF-1X;CTF-1X;CTF-1X;Standard Engine;280;Standard;Standard;Single;10;Standard Gyro;Standard Cockpit;Standard Jump Jet;Standard
Cataphract;0;CTF-3D;FALSE;FALSE;FALSE;FALSE;9881953;0.0;0.0;0.0;0.0;0.0;0.0;0.0;-1;1.0000;-1;-1;-1;CTF-3D;CTF-1X;CTF-1X;CTF-1X;CTF-3D;CTF-1X;CTF-1X;CTF-1X;XL Engine (IS);280;Standard;Standard;Single;10;Standard Gyro;Standard Cockpit;Standard Jump Jet;Standard
Cataphract;0;CTF-3D©;FALSE;FALSE;TRUE;FALSE;0;0.0;0.0;0.0;0.0;0.0;0.0;0.0;-1;1.0000;-1;-1;-1;CTF-3D;CTF-1X;CTF-1X;CTF-1X;CTF-3D;CTF-1X;CTF-1X;CTF-1X;Standard Engine;280;Standard;Standard;Single;10;Standard Gyro;Standard Cockpit;Standard Jump Jet;Standard
Cataphract;0;CTF-3L;FALSE;TRUE;FALSE;FALSE;0;0.0;0.0;0.0;0.0;0.0;0.0;0.0;-1;1.0000;-1;-1;-1;CTF-1X;CTF-1X;CTF-1X;CTF-1X;CTF-1X;CTF-1X;CTF-1X;CTF-1X;XL Engine (IS);280;Standard;Standard;Single;10;Standard Gyro;Standard Cockpit;Standard Jump Jet;Standard
Cataphract;0;CTF-4X;FALSE;FALSE;FALSE;FALSE;5229289;0.0;0.0;0.0;0.0;0.0;0.0;0.0;255;1.0000;-1;-1;-1;CTF-4X;CTF-4X;CTF-4X;CTF-4X;CTF-4X;CTF-4X;CTF-1X;CTF-1X;Standard Engine;210;Standard;Standard;Single;10;Standard Gyro;Standard Cockpit;Standard Jump Jet;Standard
Cataphract;0;CTF-IM;FALSE;FALSE;FALSE;TRUE;0;0.0;0.0;0.0;0.0;0.0;0.0;0.0;-1;1.0000;-1;-1;-1;CTF-3D;CTF-IM;CTF-1X;CTF-1X;CTF-1X;CTF-1X;CTF-1X;CTF-1X;XL Engine (IS);280;Standard;Standard;Single;10;Standard Gyro;Standard Cockpit;Standard Jump Jet;Standard
Catapult;0;CPLT-A1;FALSE;FALSE;FALSE;FALSE;5564279;0.0;0.0;0.0;0.0;0.0;0.0;0.0;-1;1.0000;-1;-1;-1;CPLT-A1;CPLT-A1;CPLT-A1;CPLT-A1;CPLT-A1;CPLT-A1;CPLT-A1;CPLT-A1;Standard Engine;260;Standard;Standard;Single;10;Standard Gyro;Standard Cockpit;Standard Jump Jet;Standard
Catapult;0;CPLT-A1©;FALSE;FALSE;TRUE;FALSE;0;0.0;0.0;0.0;0.0;0.0;0.0;0.0;-1;1.0000;-1;-1;-1;CPLT-A1;CPLT-A1;CPLT-A1;CPLT-A1;CPLT-A1;CPLT-A1;CPLT-A1;CPLT-A1;Standard Engine;280;Standard;Standard;Single;10;Standard Gyro;Standard Cockpit;Standard Jump Jet;Standard
Catapult;0;CPLT-C1;FALSE;FALSE;FALSE;FALSE;5804127;0.0;0.0;0.0;0.0;0.0;0.0;0.0;-1;1.0000;-1;-1;-1;CPLT-C1;CPLT-C1;CPLT-C1;CPLT-C1;CPLT-C1;CPLT-A1;CPLT-A1;CPLT-A1;Standard Engine;260;Standard;Standard;Single;10;Standard Gyro;Standard Cockpit;Standard Jump Jet;Standard
Catapult;0;CPLT-C4;FALSE;FALSE;FALSE;FALSE;5869247;0.0;0.0;0.0;0.0;0.0;0.0;0.0;-1;1.0000;-1;-1;-1;CPLT-C4;CPLT-C4;CPLT-A1;CPLT-A1;CPLT-C1;CPLT-A1;CPLT-A1;CPLT-A1;Standard Engine;260;Standard;Standard;Single;10;Standard Gyro;Standard Cockpit;Standard Jump Jet;Standard
Catapult;0;CPLT-K2;FALSE;FALSE;FALSE;FALSE;5304023;0.0;0.0;0.0;-10.0;0.0;0.0;10.0;-1;1.0000;-1;-1;-1;CPLT-K2;CPLT-K2;CPLT-K2;CPLT-K2;CPLT-K2;CPLT-A1;CPLT-A1;CPLT-A1;Standard Engine;260;Standard;Standard;Single;10;Standard Gyro;Standard Cockpit;Standard Jump Jet;Standard
Catapult;0;CPLT-J;FALSE;FALSE;FALSE;TRUE;0;0.0;0.0;0.0;-25.0;0.0;0.0;-5.0;355;1.0000;-1;-1;-1;CPLT-K2;CPLT-K2;CPLT-C1;CPLT-J;CPLT-C1;CPLT-A1;CPLT-A1;CPLT-A1;Standard Engine;295;Standard;Standard;Single;10;Standard Gyro;Standard Cockpit;Standard Jump Jet;Standard
Centurion;0;CN9-A;FALSE;FALSE;FALSE;FALSE;3697080;0.0;0.0;0.0;0.0;0.0;0.0;0.0;-1;1.0000;-1;-1;-1;CN9-A;CN9-A;CN9-A;CN9-A;CN9-A;CN9-A;CN9-A;CN9-A;Standard Engine;200;Standard;Standard;Single;10;Standard Gyro;Standard Cockpit;Standard Jump Jet;Standard
Centurion;0;CN9-A©;FALSE;FALSE;TRUE;FALSE;0;0.0;0.0;0.0;0.0;0.0;0.0;0.0;-1;1.0000;-1;-1;-1;CN9-A;CN9-A;CN9-A;CN9-A;CN9-A;CN9-A;CN9-A;CN9-A;Standard Engine;275;Standard;Standard;Single;10;Standard Gyro;Standard Cockpit;Standard Jump Jet;Standard
Centurion;0;CN9-AH;FALSE;TRUE;FALSE;FALSE;0;0.0;0.0;0.0;0.0;0.0;0.0;0.0;-1;1.0000;-1;-1;-1;CN9-AH;CN9-A;CN9-A;CN9-AH;CN9-AH;CN9-A;CN9-A;CN9-A;Standard Engine;200;Standard;Standard;Single;10;Standard Gyro;Standard Cockpit;Standard Jump Jet;Standard
Centurion;0;CN9-AL;FALSE;FALSE;FALSE;FALSE;3552238;0.0;0.0;0.0;0.0;0.0;0.0;0.0;-1;1.0000;-1;-1;-1;CN9-AL;CN9-A;CN9-A;CN9-AH;CN9-A;CN9-A;CN9-A;CN9-A;Standard Engine;200;Standard;Standard;Single;10;Standard Gyro;Standard Cockpit;Standard Jump Jet;Standard
Centurion;0;CN9-D;FALSE;FALSE;FALSE;FALSE;8158590;0.0;0.0;0.0;-10.0;0.0;0.0;0.0;390;1.0000;-1;-1;-1;CN9-D;CN9-A;CN9-A;CN9-AH;CN9-A;CN9-A;CN9-A;CN9-A;XL Engine (IS);300;Standard;Standard;Single;10;Standard Gyro;Standard Cockpit;Standard Jump Jet;Standard
Centurion;0;CN9-YLW;FALSE;FALSE;FALSE;TRUE;0;0.0;0.0;0.0;20.0;0.0;0.0;0.0;300;1.0000;-1;-1;-1;CN9-YLW;CN9-A;CN9-A;CN9-YLW;CN9-A;CN9-A;CN9-A;CN9-A;Standard Engine;215;Standard;Standard;Single;10;Standard Gyro;Standard Cockpit;Standard Jump Jet;Standard
Cicada;0;CDA-2A;FALSE;FALSE;FALSE;FALSE;3194944;0.0;0.0;0.0;0.0;0.0;0.0;0.0;-1;1.0000;-1;-1;-1;CDA-2A;CDA-2A;CDA-2A;CDA-2A;CDA-2A;CDA-2A;CDA-2A;CDA-2A;Standard Engine;320;Standard;Standard;Single;10;Standard Gyro;Standard Cockpit;Standard Jump Jet;Standard
Cicada;0;CDA-2A©;FALSE;FALSE;TRUE;FALSE;0;0.0;0.0;0.0;0.0;0.0;0.0;0.0;-1;1.0000;-1;-1;-1;CDA-2A;CDA-2A;CDA-2A;CDA-2A;CDA-2A;CDA-2A;CDA-2A;CDA-2A;XL Engine (IS);340;Standard;Standard;Single;10;Standard Gyro;Standard Cockpit;Standard Jump Jet;Standard
Cicada;0;CDA-2B;FALSE;FALSE;FALSE;FALSE;3182436;0.0;0.0;0.0;0.0;0.0;0.0;0.0;-1;1.0000;-1;-1;-1;CDA-2B;CDA-2B;CDA-2B;CDA-2B;CDA-2B;CDA-2A;CDA-2A;CDA-2A;Standard Engine;320;Standard;Standard;Single;10;Standard Gyro;Standard Cockpit;Standard Jump Jet;Standard
Cicada;0;CDA-3C;FALSE;FALSE;FALSE;FALSE;3193110;0.0;0.0;0.0;0.0;0.0;0.0;0.0;-1;1.0000;-1;-1;-1;CDA-2A;CDA-2A;CDA-3C;CDA-3C;CDA-3C;CDA-2A;CDA-2A;CDA-2A;Standard Engine;280;Standard;Standard;Single;10;Standard Gyro;Standard Cockpit;Standard Jump Jet;Standard
Cicada;0;CDA-3M;FALSE;FALSE;FALSE;FALSE;7097444;0.0;0.0;0.0;-5.0;0.0;0.0;0.0;-1;1.0000;-1;-1;-1;CDA-2A;CDA-2A;CDA-3M;CDA-3M;CDA-2A;CDA-2A;CDA-2A;CDA-2A;XL Engine (IS);320;Standard;Standard;Single;10;Standard Gyro;Standard Cockpit;Standard Jump Jet;Standard
Cicada;0;CDA-X5;FALSE;FALSE;FALSE;TRUE;0;0.0;0.0;0.0;0.0;0.0;0.0;0.0;-1;1.0000;-1;-1;-1;CDA-X5;CDA-X5;CDA-X5;CDA-X5;CDA-3C;CDA-2A;CDA-2A;CDA-2A;XL Engine (IS);330;Standard;Standard;Single;10;Standard Gyro;Standard Cockpit;Standard Jump Jet;Standard
Commando;0;COM-1B;FALSE;FALSE;FALSE;FALSE;1694542;0.0;0.0;0.0;0.0;0.0;0.0;0.0;-1;1.0000;-1;-1;-1;COM-1B;COM-1B;COM-1B;COM-1B;COM-1B;COM-1B;COM-1B;COM-1B;Standard Engine;150;Standard;Standard;Single;10;Standard Gyro;Standard Cockpit;Standard Jump Jet;Standard
Commando;0;COM-1D;FALSE;FALSE;FALSE;FALSE;1744526;0.0;0.0;0.0;0.0;0.0;0.0;0.0;-1;1.0000;-1;-1;-1;COM-1B;COM-1D;COM-1B;COM-1B;COM-1D;COM-1B;COM-1B;COM-1B;Standard Engine;150;Standard;Standard;Single;10;Standard Gyro;Standard Cockpit;Standard Jump Jet;Standard
Commando;0;COM-2D;FALSE;FALSE;FALSE;FALSE;1781542;0.0;0.0;0.0;0.0;0.0;0.0;0.0;-1;1.0000;-1;-1;-1;COM-2D;COM-1B;COM-1B;COM-2D;COM-1B;COM-1B;COM-1B;COM-1B;Standard Engine;150;Standard;Standard;Single;10;Standard Gyro;Standard Cockpit;Standard Jump Jet;Standard
Commando;0;COM-3A;FALSE;FALSE;FALSE;FALSE;1799526;0.0;0.0;0.0;0.0;0.0;0.0;0.0;-1;1.0000;-1;-1;-1;COM-3A;COM-1B;COM-1B;COM-1B;COM-1B;COM-1B;COM-1B;COM-1B;Standard Engine;150;Standard;Standard;Single;10;Standard Gyro;Standard Cockpit;Standard Jump Jet;Standard
Commando;0;COM-DK;FALSE;FALSE;FALSE;TRUE;0;0.0;0.0;0.0;0.0;0.0;0.0;0.0;-1;1.0000;-1;-1;-1;COM-1B;COM-DK;COM-1B;COM-1B;COM-DK;COM-1B;COM-1B;COM-1B;Standard Engine;175;Standard;Standard;Single;10;Standard Gyro;Standard Cockpit;Standard Jump Jet;Standard
Crossbow;-1;CBW-PRIME;TRUE;TRUE;FALSE;FALSE;0;0.0;0.0;0.0;0.0;0.0;0.0;0.0;-1;1.0000;-1;-1;-1;CBW-PRIME;CBW-PRIME;CBW-PRIME;CBW-PRIME;CBW-PRIME;CBW-PRIME;CBW-PRIME;CBW-PRIME;Standard Engine;325;Standard;Standard;Double (CL);10;Standard Gyro;Standard Cockpit;Standard Jump Jet;Standard
Crossbow;-1;CBW-A;TRUE;TRUE;FALSE;FALSE;0;0.0;0.0;0.0;0.0;0.0;0.0;0.0;-1;1.0000;-1;-1;-1;CBW-A;CBW-A;CBW-A;CBW-A;CBW-A;CBW-A;CBW-A;CBW-A;Standard Engine;325;Standard;Standard;Double (CL);10;Standard Gyro;Standard Cockpit;Standard Jump Jet;Standard
Crossbow;-1;CBW-B;TRUE;TRUE;FALSE;FALSE;0;0.0;0.0;0.0;0.0;0.0;0.0;0.0;-1;1.0000;-1;-1;-1;CBW-B;CBW-B;CBW-B;CBW-B;CBW-B;CBW-B;CBW-B;CBW-B;Standard Engine;325;Standard;Standard;Double (CL);10;Standard Gyro;Standard Cockpit;Standard Jump Jet;Standard
Crossbow;-1;CBW-HERO;TRUE;TRUE;FALSE;TRUE;0;0.0;0.0;0.0;0.0;0.0;0.0;0.0;-1;1.0000;-1;-1;-1;CBW-HERO;CBW-HERO;CBW-HERO;CBW-HERO;CBW-HERO;CBW-HERO;CBW-HERO;CBW-HERO;Standard Engine;325;Standard;Standard;Double (CL);10;Standard Gyro;Standard Cockpit;Standard Jump Jet;Standard
Cyclops;-1;CP-10-Q;TRUE;TRUE;FALSE;FALSE;0;0.0;0.0;0.0;0.0;0.0;0.0;0.0;-1;1.0000;-1;-1;-1;CP-10-Q;CP-10-Q;CP-10-Q;CP-10-Q;CP-10-Q;CP-10-Q;CP-10-Q;CP-10-Q;Standard Engine;360;Standard;Standard;Single;10;Standard Gyro;Standard Cockpit;Standard Jump Jet;Standard
Cyclops;-1;CP-10-Z;TRUE;TRUE;FALSE;FALSE;0;0.0;0.0;0.0;0.0;0.0;0.0;0.0;-1;1.0000;-1;-1;-1;CP-10-Q;CP-10-Q;CP-10-Q;CP-10-Z;CP-10-Q;CP-10-Q;CP-10-Q;CP-10-Q;Standard Engine;360;Standard;Standard;Single;10;Standard Gyro;Standard Cockpit;Standard Jump Jet;Standard
Cyclops;-1;CP-11-A;TRUE;TRUE;FALSE;FALSE;0;0.0;0.0;0.0;0.0;0.0;0.0;0.0;-1;1.0000;-1;-1;-1;CP-10-Q;CP-10-Q;CP-10-Q;CP-11-A;CP-10-Q;CP-10-Q;CP-10-Q;CP-10-Q;Standard Engine;360;Standard;Standard;Single;10;Standard Gyro;Standard Cockpit;Standard Jump Jet;Standard
Cyclops;-1;CP-11-HERO;TRUE;TRUE;FALSE;TRUE;0;0.0;0.0;0.0;0.0;0.0;0.0;0.0;-1;1.0000;-1;-1;-1;CP-10-Q;CP-10-Q;CP-10-Q;CP-10-Q;CP-10-Q;CP-10-Q;CP-10-Q;CP-10-Q;Standard Engine;360;Standard;Standard;Single;10;Standard Gyro;Standard Cockpit;Standard Jump Jet;Standard
Dire Wolf;0;DWF-PRIME;FALSE;FALSE;FALSE;FALSE;17785963;0.0;0.0;0.0;0.0;0.0;0.0;0.0;-1;1.0000;-1;-1;-1;DWF-PRIME;DWF-PRIME;DWF-PRIME;DWF-PRIME;DWF-PRIME;DWF-PRIME;DWF-PRIME;DWF-PRIME;XL Engine (CL);300;Standard;Standard;Double (CL);15;Standard Gyro;Standard Cockpit;Standard Jump Jet;Standard
Dire Wolf;0;DWF-A;FALSE;FALSE;FALSE;FALSE;17149906;0.0;0.0;0.0;0.0;0.0;0.0;0.0;-1;1.0000;-1;-1;-1;DWF-A;DWF-A;DWF-A;DWF-A;DWF-A;DWF-A;DWF-A;DWF-A;XL Engine (CL);300;Standard;Standard;Double (CL);15;Standard Gyro;Standard Cockpit;Standard Jump Jet;Standard
Dire Wolf;0;DWF-B;FALSE;FALSE;FALSE;FALSE;17838493;0.0;0.0;0.0;0.0;0.0;0.0;0.0;-1;1.0000;-1;-1;-1;DWF-B;DWF-B;DWF-B;DWF-B;DWF-B;DWF-B;DWF-B;DWF-B;XL Engine (CL);300;Standard;Standard;Double (CL);15;Standard Gyro;Standard Cockpit;Standard Jump Jet;Standard
Dire Wolf;0;DWF-HERO;TRUE;TRUE;FALSE;TRUE;0;0.0;0.0;0.0;0.0;0.0;0.0;0.0;-1;1.0000;-1;-1;-1;DWF-HERO;DWF-HERO;DWF-HERO;DWF-HERO;DWF-HERO;DWF-HERO;DWF-HERO;DWF-HERO;XL Engine (CL);300;Standard;Standard;Double (CL);15;Standard Gyro;Standard Cockpit;Standard Jump Jet;Standard
Dragon;0;DGN-1C;FALSE;FALSE;FALSE;FALSE;4745200;0.0;0.0;0.0;0.0;0.0;0.0;0.0;-1;1.0000;-1;-1;-1;DGN-1C;DGN-1C;DGN-1C;DGN-1C;DGN-1C;DGN-1C;DGN-1C;DGN-1C;Standard Engine;300;Standard;Standard;Single;10;Standard Gyro;Standard Cockpit;Standard Jump Jet;Standard
Dragon;0;DGN-1N;FALSE;FALSE;FALSE;FALSE;4827559;0.0;0.0;0.0;0.0;0.0;0.0;0.0;-1;1.0000;-1;-1;-1;DGN-1N;DGN-1N;DGN-1C;DGN-1N;DGN-1N;DGN-1C;DGN-1C;DGN-1C;Standard Engine;300;Standard;Standard;Single;10;Standard Gyro;Standard Cockpit;Standard Jump Jet;Standard
Dragon;0;DGN-5N;FALSE;FALSE;FALSE;FALSE;5097559;0.0;0.0;0.0;0.0;0.0;0.0;0.0;-1;1.0000;-1;-1;-1;DGN-5N;DGN-1C;DGN-1C;DGN-5N;DGN-1C;DGN-1C;DGN-1C;DGN-1C;Standard Engine;300;Standard;Standard;Single;10;Standard Gyro;Standard Cockpit;Standard Jump Jet;Standard
Dragon;0;DGN-5N©;FALSE;FALSE;FALSE;FALSE;0;0.0;0.0;0.0;0.0;0.0;0.0;0.0;-1;1.0000;-1;-1;-1;DGN-5N;DGN-1C;DGN-1C;DGN-5N;DGN-1C;DGN-1C;DGN-1C;DGN-1C;XL Engine (IS);300;Standard;Standard;Single;10;Standard Gyro;Standard Cockpit;Standard Jump Jet;Standard
Dragon;0;DGN-FANG;FALSE;FALSE;FALSE;TRUE;0;0.0;0.0;0.0;0.0;0.0;0.0;0.0;-1;1.0000;-1;-1;-1;DGN-1N;DGN-1C;DGN-1C;DGN-1N;DGN-1C;DGN-1C;DGN-1C;DGN-1C;Standard Engine;300;Standard;Standard;Single;10;Standard Gyro;Standard Cockpit;Standard Jump Jet;Standard
Dragon;0;DGN-FLAME;FALSE;FALSE;FALSE;TRUE;0;0.0;0.0;0.0;0.0;0.0;0.0;0.0;-1;1.0000;-1;-1;-1;DGN-FLAME;DGN-1C;DGN-1C;DGN-FLAME;DGN-1C;DGN-1C;DGN-1C;DGN-1C;Standard Engine;300;Standard;Standard;Single;10;Standard Gyro;Standard Cockpit;Standard Jump Jet;Standard
Ebon Jaguar;-1;EJR-PRIME;TRUE;TRUE;FALSE;FALSE;0;0.0;0.0;0.0;0.0;0.0;0.0;0.0;-1;1.0000;-1;-1;-1;EJR-PRIME;EJR-PRIME;EJR-PRIME;EJR-PRIME;EJR-PRIME;EJR-PRIME;EJR-PRIME;EJR-PRIME;XL Engine (CL);325;Ferro Fibrous (CL);Endo Steel (CL);Double (CL);13;Standard Gyro;Standard Cockpit;Standard Jump Jet;Standard
Ebon Jaguar;-1;EJR-HERO;TRUE;TRUE;FALSE;TRUE;0;0.0;0.0;0.0;0.0;0.0;0.0;0.0;-1;1.0000;-1;-1;-1;EJR-HERO;EJR-HERO;EJR-HERO;EJR-HERO;EJR-HERO;EJR-HERO;EJR-HERO;EJR-HERO;XL Engine (CL);325;Ferro Fibrous (CL);Endo Steel (CL);Double (CL);13;Standard Gyro;Standard Cockpit;Standard Jump Jet;Standard
Executioner;-1;EXR-PRIME;TRUE;TRUE;FALSE;FALSE;0;0.0;0.0;0.0;0.0;0.0;0.0;0.0;-1;1.0000;-1;-1;-1;EXR-PRIME;EXR-PRIME;EXR-PRIME;EXR-PRIME;EXR-PRIME;EXR-PRIME;EXR-PRIME;EXR-PRIME;XL Engine (CL);380;Ferro Fibrous (CL);Standard;Double (CL);16;Standard Gyro;Standard Cockpit;Standard Jump Jet;Standard
Executioner;-1;EXR-HERO;TRUE;TRUE;FALSE;TRUE;0;0.0;0.0;0.0;0.0;0.0;0.0;0.0;-1;1.0000;-1;-1;-1;EXR-HERO;EXR-HERO;EXR-HERO;EXR-HERO;EXR-HERO;EXR-HERO;EXR-HERO;EXR-HERO;XL Engine (CL);380;Ferro Fibrous (CL);Standard;Double (CL);16;Standard Gyro;Standard Cockpit;Standard Jump Jet;Standard
Fire Moth;-1;FMH-PRIME;TRUE;TRUE;FALSE;FALSE;0;0.0;0.0;0.0;0.0;0.0;0.0;0.0;-1;1.0000;-1;-1;-1;FMH-PRIME;FMH-PRIME;FMH-PRIME;FMH-PRIME;FMH-PRIME;FMH-PRIME;FMH-PRIME;FMH-PRIME;XL Engine (CL);200;Ferro Fibrous (CL);Endo Steel (CL);Double (CL);10;Standard Gyro;Standard Cockpit;Standard Jump Jet;Standard
Fire Moth;-1;FMH-HERO;TRUE;TRUE;FALSE;TRUE;0;0.0;0.0;0.0;0.0;0.0;0.0;0.0;-1;1.0000;-1;-1;-1;FMH-HERO;FMH-HERO;FMH-HERO;FMH-HERO;FMH-HERO;FMH-HERO;FMH-HERO;FMH-HERO;XL Engine (CL);200;Ferro Fibrous (CL);Endo Steel (CL);Double (CL);10;Standard Gyro;Standard Cockpit;Standard Jump Jet;Standard
Firestarter;0;FS9-A;FALSE;FALSE;FALSE;FALSE;2662358;0.0;0.0;0.0;0.0;0.0;0.0;0.0;-1;1.0000;-1;-1;-1;FS9-A;FS9-A;FS9-A;FS9-A;FS9-A;FS9-A;FS9-A;FS9-A;Standard Engine;210;Standard;Standard;Single;10;Standard Gyro;Standard Cockpit;Standard Jump Jet;Standard
Firestarter;0;FS9-H;FALSE;FALSE;FALSE;FALSE;2629342;0.0;0.0;0.0;0.0;0.0;0.0;0.0;-1;1.0000;-1;-1;-1;FS9-A;FS9-A;FS9-H;FS9-H;FS9-A;FS9-A;FS9-A;FS9-A;Standard Engine;210;Standard;Standard;Single;10;Standard Gyro;Standard Cockpit;Standard Jump Jet;Standard
Firestarter;0;FS9-K;FALSE;FALSE;FALSE;FALSE;2662342;0.0;0.0;0.0;0.0;0.0;0.0;0.0;-1;1.0000;-1;-1;-1;FS9-K;FS9-K;FS9-K;FS9-K;FS9-A;FS9-A;FS9-A;FS9-A;Standard Engine;210;Standard;Standard;Single;10;Standard Gyro;Standard Cockpit;Standard Jump Jet;Standard
Firestarter;0;FS9-S;FALSE;FALSE;FALSE;FALSE;3231842;0.0;0.0;0.0;0.0;0.0;0.0;0.0;-1;1.0000;-1;-1;-1;FS9-A;FS9-A;FS9-A;FS9-S;FS9-A;FS9-A;FS9-A;FS9-A;Standard Engine;210;Standard;Standard;Single;10;Standard Gyro;Standard Cockpit;Standard Jump Jet;Standard
Firestarter;0;FS9-S©;FALSE;FALSE;FALSE;FALSE;0;0.0;0.0;0.0;0.0;0.0;0.0;0.0;-1;1.0000;-1;-1;-1;FS9-A;FS9-A;FS9-A;FS9-S;FS9-A;FS9-A;FS9-A;FS9-A;XL Engine (IS);295;Standard;Standard;Single;10;Standard Gyro;Standard Cockpit;Standard Jump Jet;Standard
Firestarter;0;FS9-E;FALSE;FALSE;FALSE;TRUE;0;0.0;0.0;0.0;0.0;0.0;0.0;0.0;-1;1.0000;-1;-1;-1;FS9-A;FS9-A;FS9-E;FS9-E;FS9-E;FS9-A;FS9-A;FS9-A;Standard Engine;210;Standard;Standard;Single;10;Standard Gyro;Standard Cockpit;Standard Jump Jet;Standard
Flea;0;FLE-4;FALSE;TRUE;FALSE;FALSE;0;0.0;0.0;0.0;0.0;0.0;0.0;0.0;-1;1.0000;-1;-1;-1;FLE-4;FLE-4;FLE-4;FLE-4;FLE-4;FLE-4;FLE-4;FLE-4;Standard Engine;120;Standard;Standard;Single;10;Standard Gyro;Standard Cockpit;Standard Jump Jet;Standard
Flea;0;FLE-15;FALSE;TRUE;FALSE;FALSE;0;0.0;0.0;0.0;0.0;0.0;0.0;0.0;-1;1.0000;-1;-1;-1;FLE-15;FLE-15;FLE-15;FLE-15;FLE-4;FLE-4;FLE-4;FLE-4;Standard Engine;120;Standard;Standard;Single;10;Standard Gyro;Standard Cockpit;Standard Jump Jet;Standard
Flea;0;FLE-17;FALSE;TRUE;FALSE;FALSE;0;0.0;0.0;0.0;0.0;0.0;0.0;0.0;-1;1.0000;-1;-1;-1;FLE-15;FLE-17;FLE-15;FLE-15;FLE-4;FLE-4;FLE-4;FLE-4;Standard Engine;120;Standard;Standard;Single;10;Standard Gyro;Standard Cockpit;Standard Jump Jet;Standard
Flea;0;FLE-HERO;TRUE;TRUE;FALSE;TRUE;0;0.0;0.0;0.0;0.0;0.0;0.0;0.0;-1;1.0000;-1;-1;-1;FLE-4;FLE-4;FLE-4;FLE-4;FLE-4;FLE-4;FLE-4;FLE-4;Standard Engine;120;Standard;Standard;Single;10;Standard Gyro;Standard Cockpit;Standard Jump Jet;Standard
Gargoyle;0;GAR-PRIME;FALSE;TRUE;FALSE;FALSE;0;0.0;0.0;0.0;0.0;0.0;0.0;0.0;-1;1.0000;-1;-1;-1;GAR-PRIME;GAR-PRIME;GAR-PRIME;GAR-PRIME;GAR-PRIME;GAR-PRIME;GAR-PRIME;GAR-PRIME;XL Engine (CL);400;Ferro Fibrous (CL);Standard;Double (CL);16;Standard Gyro;Standard Cockpit;Standard Jump Jet;Standard
Gargoyle;0;GAR-A;FALSE;TRUE;FALSE;FALSE;0;0.0;0.0;0.0;0.0;0.0;0.0;0.0;-1;1.0000;-1;-1;-1;GAR-A;GAR-A;GAR-A;GAR-A;GAR-A;GAR-A;GAR-A;GAR-A;XL Engine (CL);400;Ferro Fibrous (CL);Standard;Double (CL);16;Standard Gyro;Standard Cockpit;Standard Jump Jet;Standard
Gargoyle;0;GAR-D;FALSE;TRUE;FALSE;FALSE;0;0.0;0.0;0.0;0.0;0.0;0.0;0.0;-1;1.0000;-1;-1;-1;GAR-D;GAR-D;GAR-D;GAR-D;GAR-D;GAR-D;GAR-D;GAR-D;XL Engine (CL);400;Ferro Fibrous (CL);Standard;Double (CL);16;Standard Gyro;Standard Cockpit;Standard Jump Jet;Standard
Gargoyle;0;GAR-HERO;TRUE;TRUE;FALSE;TRUE;0;0.0;0.0;0.0;0.0;0.0;0.0;0.0;-1;1.0000;-1;-1;-1;GAR-HERO;GAR-HERO;GAR-HERO;GAR-HERO;GAR-HERO;GAR-HERO;GAR-HERO;GAR-HERO;XL Engine (CL);400;Ferro Fibrous (CL);Standard;Double (CL);16;Standard Gyro;Standard Cockpit;Standard Jump Jet;Standard
Griffin;0;GRF-1N;FALSE;FALSE;FALSE;FALSE;4696843;0.0;0.0;0.0;0.0;0.0;0.0;0.0;-1;1.0000;-1;-1;-1;GRF-1N;GRF-1N;GRF-1N;GRF-1N;GRF-1N;GRF-1N;GRF-1N;GRF-1N;Standard Engine;275;Standard;Standard;Single;10;Standard Gyro;Standard Cockpit;Standard Jump Jet;Standard
Griffin;0;GRF-1S;FALSE;FALSE;FALSE;FALSE;4486783;0.0;0.0;0.0;0.0;0.0;0.0;0.0;-1;1.0000;-1;-1;-1;GRF-1S;GRF-1N;GRF-1S;GRF-1S;GRF-1N;GRF-1N;GRF-1N;GRF-1N;Standard Engine;275;Standard;Standard;Single;10;Standard Gyro;Standard Cockpit;Standard Jump Jet;Standard
Griffin;0;GRF-3M;FALSE;FALSE;FALSE;FALSE;8277351;0.0;0.0;0.0;0.0;0.0;0.0;0.0;-1;1.0000;-1;-1;-1;GRF-3M;GRF-1N;GRF-3M;GRF-3M;GRF-1N;GRF-1N;GRF-1N;GRF-1N;XL Engine (IS);275;Standard;Standard;Single;10;Standard Gyro;Standard Cockpit;Standard Jump Jet;Standard
Griffin;0;GRF-1E;FALSE;FALSE;FALSE;TRUE;0;0.0;0.0;0.0;0.0;0.0;0.0;0.0;-1;1.0000;-1;-1;-1;GRF-1E;GRF-1E;GRF-1E;GRF-3M;GRF-1N;GRF-1N;GRF-1N;GRF-1N;Standard Engine;275;Standard;Standard;Single;10;Standard Gyro;Standard Cockpit;Standard Jump Jet;Standard
Hellbringer;0;HBR-PRIME;FALSE;TRUE;FALSE;FALSE;0;0.0;0.0;0.0;0.0;0.0;0.0;0.0;-1;1.0000;-1;-1;-1;HBR-PRIME;HBR-PRIME;HBR-PRIME;HBR-PRIME;HBR-PRIME;HBR-PRIME;HBR-PRIME;HBR-PRIME;XL Engine (CL);325;Standard;Standard;Double (CL);13;Standard Gyro;Standard Cockpit;Standard Jump Jet;Standard
Hellbringer;0;HBR-A;FALSE;TRUE;FALSE;FALSE;0;0.0;0.0;0.0;0.0;0.0;0.0;0.0;-1;1.0000;-1;-1;-1;HBR-A;HBR-A;HBR-A;HBR-A;HBR-A;HBR-A;HBR-A;HBR-A;XL Engine (CL);325;Standard;Standard;Double (CL);13;Standard Gyro;Standard Cockpit;Standard Jump Jet;Standard
Hellbringer;0;HBR-B;FALSE;TRUE;FALSE;FALSE;0;0.0;0.0;0.0;0.0;0.0;0.0;0.0;-1;1.0000;-1;-1;-1;HBR-B;HBR-B;HBR-B;HBR-B;HBR-B;HBR-B;HBR-B;HBR-B;XL Engine (CL);325;Standard;Standard;Double (CL);13;Standard Gyro;Standard Cockpit;Standard Jump Jet;Standard
Hellbringer;0;HBR-HERO;TRUE;TRUE;FALSE;TRUE;0;0.0;0.0;0.0;0.0;0.0;0.0;0.0;-1;1.0000;-1;-1;-1;HBR-HERO;HBR-HERO;HBR-HERO;HBR-HERO;HBR-HERO;HBR-HERO;HBR-HERO;HBR-HERO;XL Engine (CL);325;Standard;Standard;Double (CL);13;Standard Gyro;Standard Cockpit;Standard Jump Jet;Standard
Highlander;0;HGN-732;FALSE;FALSE;FALSE;FALSE;9032840;0.0;0.0;0.0;0.0;0.0;0.0;0.0;-1;1.0000;-1;-1;-1;HGN-732;HGN-732;HGN-732;HGN-732;HGN-732;HGN-732;HGN-732;HGN-732;Standard Engine;270;Standard;Standard;Single;10;Standard Gyro;Standard Cockpit;Standard Jump Jet;Standard
Highlander;0;HGN-733;FALSE;FALSE;FALSE;FALSE;8504422;0.0;0.0;0.0;0.0;0.0;0.0;0.0;-1;1.0000;-1;-1;-1;HGN-732;HGN-732;HGN-733;HGN-733;HGN-732;HGN-732;HGN-732;HGN-732;Standard Engine;270;Standard;Standard;Single;10;Standard Gyro;Standard Cockpit;Standard Jump Jet;Standard
Highlander;0;HGN-733C;FALSE;FALSE;FALSE;FALSE;8655368;0.0;0.0;0.0;0.0;-10.0;0.0;0.0;-1;1.0000;-1;-1;-1;HGN-733C;HGN-733C;HGN-733;HGN-733;HGN-733C;HGN-732;HGN-732;HGN-732;Standard Engine;270;Standard;Standard;Single;10;Standard Gyro;Standard Cockpit;Standard Jump Jet;Standard
Highlander;0;HGN-733C©;FALSE;FALSE;TRUE;FALSE;0;0.0;0.0;0.0;0.0;-10.0;0.0;0.0;-1;1.0000;-1;-1;-1;HGN-733C;HGN-733C;HGN-733;HGN-733;HGN-733C;HGN-732;HGN-732;HGN-732;Standard Engine;300;Standard;Standard;Single;10;Standard Gyro;Standard Cockpit;Standard Jump Jet;Standard
Highlander;0;HGN-733P;FALSE;FALSE;FALSE;FALSE;8520422;0.0;0.0;0.0;0.0;0.0;0.0;0.0;-1;1.0000;-1;-1;-1;HGN-733P;HGN-733C;HGN-733;HGN-733;HGN-732;HGN-732;HGN-732;HGN-732;Standard Engine;270;Standard;Standard;Single;10;Standard Gyro;Standard Cockpit;Standard Jump Jet;Standard
Highlander;0;HGN-HM;FALSE;FALSE;FALSE;TRUE;0;0.0;0.0;0.0;0.0;0.0;0.0;0.0;330;1.0000;-1;-1;-1;HGN-733C;HGN-HM;HGN-HM;HGN-733;HGN-HM;HGN-732;HGN-732;HGN-732;XL Engine (IS);275;Standard;Standard;Single;10;Standard Gyro;Standard Cockpit;Standard Jump Jet;Standard
Hunchback;0;HBK-4G;FALSE;FALSE;FALSE;FALSE;3694490;0.0;0.0;0.0;0.0;5.0;0.0;0.0;-1;1.0000;-1;-1;-1;HBK-4G;HBK-4G;HBK-4G;HBK-4G;HBK-4G;HBK-4G;HBK-4G;HBK-4G;Standard Engine;200;Standard;Standard;Single;10;Standard Gyro;Standard Cockpit;Standard Jump Jet;Standard
Hunchback;0;HBK-4H;FALSE;FALSE;FALSE;FALSE;3646484;0.0;0.0;0.0;0.0;0.0;0.0;0.0;-1;1.0000;-1;-1;-1;HBK-4G;HBK-4G;HBK-4H;HBK-4G;HBK-4G;HBK-4G;HBK-4G;HBK-4G;Standard Engine;200;Standard;Standard;Single;10;Standard Gyro;Standard Cockpit;Standard Jump Jet;Standard
Hunchback;0;HBK-4J;FALSE;FALSE;FALSE;FALSE;3778604;0.0;0.0;0.0;0.0;0.0;0.0;0.0;-1;1.0000;-1;-1;-1;HBK-4G;HBK-4G;HBK-4J;HBK-4G;HBK-4G;HBK-4G;HBK-4G;HBK-4G;Standard Engine;200;Standard;Standard;Single;10;Standard Gyro;Standard Cockpit;Standard Jump Jet;Standard
Hunchback;0;HBK-4P;FALSE;FALSE;FALSE;FALSE;3594484;0.0;0.0;0.0;0.0;0.0;0.0;0.0;-1;1.0000;-1;-1;-1;HBK-4G;HBK-4G;HBK-4P;HBK-4G;HBK-4G;HBK-4G;HBK-4G;HBK-4G;Standard Engine;200;Standard;Standard;Single;10;Standard Gyro;Standard Cockpit;Standard Jump Jet;Standard
Hunchback;0;HBK-4P©;FALSE;FALSE;TRUE;FALSE;0;0.0;0.0;0.0;0.0;0.0;0.0;0.0;-1;1.0000;-1;-1;-1;HBK-4G;HBK-4G;HBK-4P;HBK-4G;HBK-4G;HBK-4G;HBK-4G;HBK-4G;Standard Engine;260;Standard;Standard;Single;10;Standard Gyro;Standard Cockpit;Standard Jump Jet;Standard
Hunchback;0;HBK-4SP;FALSE;FALSE;FALSE;FALSE;3632484;0.0;0.0;0.0;0.0;0.0;0.0;0.0;-1;1.0000;-1;-1;-1;HBK-4SP;HBK-4SP;HBK-4SP;HBK-4SP;HBK-4G;HBK-4G;HBK-4G;HBK-4G;Standard Engine;200;Standard;Standard;Single;10;Standard Gyro;Standard Cockpit;Standard Jump Jet;Standard
Hunchback;0;HBK-GI;FALSE;FALSE;FALSE;TRUE;0;0.0;0.0;0.0;0.0;5.0;0.0;0.0;-1;1.0000;-1;-1;-1;HBK-4G;HBK-4G;HBK-GI;HBK-4SP;HBK-4G;HBK-4G;HBK-4G;HBK-4G;XL Engine (IS);200;Standard;Standard;Single;10;Standard Gyro;Standard Cockpit;Standard Jump Jet;Standard
Huntsman;-1;HMN-PRIME;TRUE;TRUE;FALSE;FALSE;0;0.0;0.0;0.0;0.0;0.0;0.0;0.0;-1;1.0000;-1;-1;-1;HMN-PRIME;HMN-PRIME;HMN-PRIME;HMN-PRIME;HMN-PRIME;HMN-PRIME;HMN-PRIME;HMN-PRIME;XL Engine (CL);250;Ferro Fibrous (CL);Endo Steel (CL);Double (CL);10;Standard Gyro;Standard Cockpit;Standard Jump Jet;Standard
Huntsman;-1;HMN-HERO;TRUE;TRUE;FALSE;TRUE;0;0.0;0.0;0.0;0.0;0.0;0.0;0.0;-1;1.0000;-1;-1;-1;HMN-HERO;HMN-HERO;HMN-HERO;HMN-HERO;HMN-HERO;HMN-HERO;HMN-HERO;HMN-HERO;XL Engine (CL);250;Ferro Fibrous (CL);Endo Steel (CL);Double (CL);10;Standard Gyro;Standard Cockpit;Standard Jump Jet;Standard
Ice Ferret;0;IFR-PRIME;FALSE;TRUE;FALSE;FALSE;0;0.0;0.0;0.0;0.0;0.0;0.0;0.0;-1;1.0000;-1;-1;-1;IFR-PRIME;IFR-PRIME;IFR-PRIME;IFR-PRIME;IFR-PRIME;IFR-PRIME;IFR-PRIME;IFR-PRIME;XL Engine (CL);360;Ferro Fibrous (CL);Endo Steel (CL);Double (CL);12;Standard Gyro;Standard Cockpit;Standard Jump Jet;Standard
Ice Ferret;0;IFR-A;FALSE;TRUE;FALSE;FALSE;0;0.0;0.0;0.0;0.0;0.0;0.0;0.0;-1;1.0000;-1;-1;-1;IFR-A;IFR-A;IFR-A;IFR-A;IFR-A;IFR-A;IFR-A;IFR-A;XL Engine (CL);360;Ferro Fibrous (CL);Endo Steel (CL);Double (CL);12;Standard Gyro;Standard Cockpit;Standard Jump Jet;Standard
Ice Ferret;0;IFR-C;FALSE;TRUE;FALSE;FALSE;0;0.0;0.0;0.0;0.0;0.0;0.0;0.0;-1;1.0000;-1;-1;-1;IFR-C;IFR-C;IFR-C;IFR-C;IFR-C;IFR-C;IFR-C;IFR-C;XL Engine (CL);360;Ferro Fibrous (CL);Endo Steel (CL);Double (CL);12;Standard Gyro;Standard Cockpit;Standard Jump Jet;Standard
Ice Ferret;0;IFR-HERO;TRUE;TRUE;FALSE;TRUE;0;0.0;0.0;0.0;0.0;0.0;0.0;0.0;-1;1.0000;-1;-1;-1;IFR-HERO;IFR-HERO;IFR-HERO;IFR-HERO;IFR-HERO;IFR-HERO;IFR-HERO;IFR-HERO;XL Engine (CL);360;Ferro Fibrous (CL);Endo Steel (CL);Double (CL);12;Standard Gyro;Standard Cockpit;Standard Jump Jet;Standard
Jagermech;0;JM6-A;FALSE;FALSE;FALSE;FALSE;5473070;0.0;0.0;0.0;-20.0;0.0;0.0;0.0;-1;1.0000;-1;-1;-1;JM6-A;JM6-A;JM6-A;JM6-A;JM6-A;JM6-A;JM6-A;JM6-A;Standard Engine;260;Standard;Standard;Single;10;Standard Gyro;Standard Cockpit;Standard Jump Jet;Standard
Jagermech;0;JM6-DD;FALSE;FALSE;FALSE;FALSE;8513253;0.0;0.0;0.0;0.0;0.0;0.0;0.0;-1;1.0000;-1;-1;-1;JM6-DD;JM6-DD;JM6-A;JM6-A;JM6-A;JM6-A;JM6-A;JM6-A;XL Engine (IS);260;Standard;Standard;Single;10;Standard Gyro;Standard Cockpit;Standard Jump Jet;Standard
Jagermech;0;JM6-S;FALSE;FALSE;FALSE;FALSE;5201918;0.0;0.0;0.0;0.0;0.0;0.0;0.0;-1;1.0000;-1;-1;-1;JM6-S;JM6-S;JM6-S;JM6-S;JM6-A;JM6-A;JM6-A;JM6-A;Standard Engine;260;Standard;Standard;Single;10;Standard Gyro;Standard Cockpit;Standard Jump Jet;Standard
Jagermech;0;JM6-FB;FALSE;FALSE;FALSE;TRUE;0;0.0;0.0;0.0;-10.0;0.0;0.0;0.0;340;1.0000;-1;-1;-1;JM6-FB;JM6-FB;JM6-S;JM6-S;JM6-A;JM6-A;JM6-A;JM6-A;XL Engine (IS);280;Standard;Standard;Single;10;Standard Gyro;Standard Cockpit;Standard Jump Jet;Standard
Jenner;0;JR7-D;FALSE;FALSE;FALSE;FALSE;3010018;0.0;0.0;0.0;0.0;0.0;0.0;0.0;-1;1.0000;-1;-1;-1;JR7-D;JR7-D;JR7-D;JR7-D;JR7-D;JR7-D;JR7-D;JR7-D;Standard Engine;245;Standard;Standard;Single;10;Standard Gyro;Standard Cockpit;Standard Jump Jet;Standard
Jenner;0;JR7-F;FALSE;FALSE;FALSE;FALSE;2893066;0.0;0.0;0.0;0.0;0.0;0.0;0.0;-1;1.0000;-1;-1;-1;JR7-F;JR7-F;JR7-D;JR7-D;JR7-F;JR7-D;JR7-D;JR7-D;Standard Engine;245;Standard;Standard;Single;10;Standard Gyro;Standard Cockpit;Standard Jump Jet;Standard
Jenner;0;JR7-F©;FALSE;FALSE;FALSE;FALSE;0;0.0;0.0;0.0;0.0;0.0;0.0;0.0;-1;1.0000;-1;-1;-1;JR7-D;JR7-D;JR7-D;JR7-D;JR7-F;JR7-D;JR7-D;JR7-D;XL Engine (IS);300;Standard;Standard;Single;10;Standard Gyro;Standard Cockpit;Standard Jump Jet;Standard
Jenner;0;JR7-K;FALSE;FALSE;FALSE;FALSE;3139704;0.0;0.0;0.0;0.0;0.0;0.0;0.0;-1;1.0000;-1;-1;-1;JR7-D;JR7-D;JR7-D;JR7-D;JR7-K;JR7-D;JR7-D;JR7-D;Standard Engine;245;Standard;Standard;Single;10;Standard Gyro;Standard Cockpit;Standard Jump Jet;Standard
Jenner;0;JR7-O;FALSE;FALSE;FALSE;FALSE;0;0.0;0.0;0.0;-10.0;0.0;0.0;0.0;-1;1.0000;-1;-1;-1;JR7-O;JR7-O;JR7-D;JR7-D;JR7-O;JR7-D;JR7-D;JR7-D;Standard Engine;235;Standard;Standard;Single;10;Standard Gyro;Standard Cockpit;Standard Jump Jet;Standard
King Crab;0;KGC-000;FALSE;TRUE;FALSE;FALSE;0;0.0;0.0;0.0;0.0;0.0;0.0;0.0;-1;1.0000;-1;-1;-1;KGC-000;KGC-000;KGC-000;KGC-000;KGC-000;KGC-000;KGC-000;KGC-000;Standard Engine;300;Ferro Fibrous (IS);Standard;Single;10;Standard Gyro;Standard Cockpit;Standard Jump Jet;Standard
King Crab;0;KGC-0000;FALSE;TRUE;FALSE;FALSE;0;0.0;0.0;0.0;0.0;0.0;0.0;0.0;-1;1.0000;-1;-1;-1;KGC-0000;KGC-0000;KGC-0000;KGC-0000;KGC-000;KGC-000;KGC-000;KGC-000;Standard Engine;300;Standard;Standard;Single;10;Standard Gyro;Standard Cockpit;Standard Jump Jet;Standard
King Crab;0;KGC-010;FALSE;TRUE;FALSE;FALSE;0;0.0;0.0;0.0;0.0;0.0;0.0;0.0;-1;1.0000;-1;-1;-1;KGC-0000;KGC-0000;KGC-010;KGC-010;KGC-000;KGC-000;KGC-000;KGC-000;Standard Engine;300;Standard;Endo Steel (IS);Double (IS);10;Standard Gyro;Standard Cockpit;Standard Jump Jet;Standard
King Crab;0;KGC-HERO;FALSE;TRUE;FALSE;FALSE;0;0.0;0.0;0.0;0.0;0.0;0.0;0.0;-1;1.0000;-1;-1;-1;KGC-000;KGC-000;KGC-000;KGC-000;KGC-000;KGC-000;KGC-000;KGC-000;Standard Engine;300;Standard;Standard;Single;10;Standard Gyro;Standard Cockpit;Standard Jump Jet;Standard
Kingfisher;-1;KFR-PRIME;TRUE;TRUE;FALSE;FALSE;0;0.0;0.0;0.0;0.0;0.0;0.0;0.0;-1;1.0000;-1;-1;-1;KFR-PRIME;KFR-PRIME;KFR-PRIME;KFR-PRIME;KFR-PRIME;KFR-PRIME;KFR-PRIME;KFR-PRIME;Standard Engine;360;Ferro Fibrous (CL);Endo Steel (CL);Double (CL);17;Standard Gyro;Standard Cockpit;Standard Jump Jet;Standard
Kingfisher;-1;KFR-B;TRUE;TRUE;FALSE;FALSE;0;0.0;0.0;0.0;0.0;0.0;0.0;0.0;-1;1.0000;-1;-1;-1;KFR-B;KFR-B;KFR-B;KFR-B;KFR-B;KFR-B;KFR-B;KFR-B;Standard Engine;360;Ferro Fibrous (CL);Endo Steel (CL);Double (CL);17;Standard Gyro;Standard Cockpit;Standard Jump Jet;Standard
Kingfisher;-1;KFR-C;TRUE;TRUE;FALSE;FALSE;0;0.0;0.0;0.0;0.0;0.0;0.0;0.0;-1;1.0000;-1;-1;-1;KFR-C;KFR-C;KFR-C;KFR-C;KFR-C;KFR-C;KFR-C;KFR-C;Standard Engine;360;Ferro Fibrous (CL);Endo Steel (CL);Double (CL);17;Standard Gyro;Standard Cockpit;Standard Jump Jet;Standard
Kingfisher;-1;KFR-HERO;TRUE;TRUE;FALSE;TRUE;0;0.0;0.0;0.0;0.0;0.0;0.0;0.0;-1;1.0000;-1;-1;-1;KFR-HERO;KFR-HERO;KFR-HERO;KFR-HERO;KFR-HERO;KFR-HERO;KFR-HERO;KFR-HERO;Standard Engine;360;Ferro Fibrous (CL);Endo Steel (CL);Double (CL);17;Standard Gyro;Standard Cockpit;Standard Jump Jet;Standard
Kintaro;0;KTO-18;FALSE;FALSE;FALSE;FALSE;4474807;0.0;0.0;0.0;0.0;0.0;0.0;0.0;-1;1.0000;-1;-1;-1;KTO-18;KTO-18;KTO-18;KTO-18;KTO-18;KTO-18;KTO-18;KTO-18;Standard Engine;275;Standard;Standard;Single;10;Standard Gyro;Standard Cockpit;Standard Jump Jet;Standard
Kintaro;0;KTO-18©;FALSE;FALSE;TRUE;FALSE;0;0.0;0.0;0.0;0.0;0.0;0.0;0.0;-1;1.0000;-1;-1;-1;KTO-18;KTO-18;KTO-18;KTO-18;KTO-18;KTO-18;KTO-18;KTO-18;XL Engine (IS);300;Standard;Standard;Single;10;Standard Gyro;Standard Cockpit;Standard Jump Jet;Standard
Kintaro;0;KTO-19;FALSE;FALSE;FALSE;FALSE;4589395;0.0;0.0;0.0;0.0;0.0;0.0;0.0;-1;1.0000;-1;-1;-1;KTO-19;KTO-18;KTO-19;KTO-18;KTO-18;KTO-18;KTO-18;KTO-18;Standard Engine;275;Standard;Standard;Single;10;Standard Gyro;Standard Cockpit;Standard Jump Jet;Standard
Kintaro;0;KTO-20;FALSE;FALSE;FALSE;FALSE;4697395;0.0;0.0;0.0;25.0;5.0;10.0;0.0;-1;1.0000;-1;-1;-1;KTO-19;KTO-20;KTO-18;KTO-18;KTO-20;KTO-18;KTO-18;KTO-18;Standard Engine;275;Standard;Standard;Single;10;Standard Gyro;Standard Cockpit;Standard Jump Jet;Standard
Kintaro;0;KTO-GB;FALSE;FALSE;FALSE;TRUE;0;0.0;0.0;0.0;-10.0;0.0;-15.0;0.0;290;1.0000;-1;-1;-1;KTO-19;KTO-18;KTO-19;KTO-18;KTO-GB;KTO-18;KTO-18;KTO-18;XL Engine (IS);220;Standard;Standard;Single;10;Standard Gyro;Standard Cockpit;Standard Jump Jet;Standard
Kit Fox;0;KFX-PRIME;FALSE;FALSE;FALSE;FALSE;6008129;0.0;0.0;0.0;0.0;0.0;0.0;0.0;-1;1.0000;-1;-1;-1;KFX-PRIME;KFX-PRIME;KFX-PRIME;KFX-PRIME;KFX-PRIME;KFX-PRIME;KFX-PRIME;KFX-PRIME;XL Engine (CL);180;Ferro Fibrous (CL);Endo Steel (CL);Double (CL);10;Standard Gyro;Standard Cockpit;Standard Jump Jet;Standard
Kit Fox;0;KFX-D;FALSE;FALSE;FALSE;FALSE;5949429;0.0;0.0;0.0;0.0;0.0;0.0;0.0;-1;1.0000;-1;-1;-1;KFX-D;KFX-D;KFX-D;KFX-D;KFX-D;KFX-D;KFX-D;KFX-D;XL Engine (CL);180;Ferro Fibrous (CL);Endo Steel (CL);Double (CL);10;Standard Gyro;Standard Cockpit;Standard Jump Jet;Standard
Kit Fox;0;KFX-S;FALSE;FALSE;FALSE;FALSE;5848129;0.0;0.0;0.0;0.0;0.0;0.0;0.0;-1;1.0000;-1;-1;-1;KFX-S;KFX-S;KFX-S;KFX-S;KFX-S;KFX-S;KFX-S;KFX-S;XL Engine (CL);180;Ferro Fibrous (CL);Endo Steel (CL);Double (CL);10;Standard Gyro;Standard Cockpit;Standard Jump Jet;Standard
Kit Fox;0;KFX-HERO;TRUE;TRUE;FALSE;TRUE;0;0.0;0.0;0.0;0.0;0.0;0.0;0.0;-1;1.0000;-1;-1;-1;KFX-HERO;KFX-HERO;KFX-HERO;KFX-HERO;KFX-HERO;KFX-HERO;KFX-HERO;KFX-HERO;XL Engine (CL);180;Ferro Fibrous (CL);Endo Steel (CL);Double (CL);10;Standard Gyro;Standard Cockpit;Standard Jump Jet;Standard
Locust;0;LCT-1E;FALSE;FALSE;FALSE;FALSE;1491242;0.0;0.0;0.0;-10.0;0.0;0.0;0.0;-1;1.0000;-1;-1;-1;LCT-1E;LCT-1E;LCT-1E;LCT-1E;LCT-1E;LCT-1E;LCT-1E;LCT-1E;Standard Engine;160;Standard;Standard;Single;10;Standard Gyro;Standard Cockpit;Standard Jump Jet;Standard
Locust;0;LCT-1M;FALSE;FALSE;FALSE;FALSE;1486254;0.0;0.0;0.0;5.0;0.0;0.0;0.0;-1;1.0000;-1;-1;-1;LCT-1M;LCT-1M;LCT-1E;LCT-1E;LCT-1M;LCT-1E;LCT-1E;LCT-1E;Standard Engine;160;Standard;Standard;Single;10;Standard Gyro;Standard Cockpit;Standard Jump Jet;Standard
Locust;0;LCT-1V;FALSE;FALSE;FALSE;FALSE;1388242;0.0;0.0;0.0;0.0;0.0;0.0;0.0;-1;1.0000;-1;-1;-1;LCT-1V;LCT-1V;LCT-1E;LCT-1E;LCT-1V;LCT-1E;LCT-1E;LCT-1E;Standard Engine;160;Standard;Standard;Single;10;Standard Gyro;Standard Cockpit;Standard Jump Jet;Standard
Locust;0;LCT-3M;FALSE;FALSE;FALSE;FALSE;1777326;0.0;0.0;0.0;0.0;0.0;0.0;0.0;-1;1.0000;-1;-1;-1;LCT-3M;LCT-3M;LCT-1E;LCT-1E;LCT-1V;LCT-1E;LCT-1E;LCT-1E;Standard Engine;160;Standard;Standard;Single;10;Standard Gyro;Standard Cockpit;Standard Jump Jet;Standard
Locust;0;LCT-3S;FALSE;FALSE;FALSE;FALSE;1589282;0.0;0.0;0.0;0.0;0.0;0.0;0.0;-1;1.0000;-1;-1;-1;LCT-3S;LCT-3S;LCT-1E;LCT-1E;LCT-1V;LCT-1E;LCT-1E;LCT-1E;Standard Engine;160;Standard;Standard;Single;10;Standard Gyro;Standard Cockpit;Standard Jump Jet;Standard
Locust;0;LCT-HERO;TRUE;TRUE;FALSE;TRUE;0;0.0;0.0;0.0;0.0;0.0;0.0;0.0;-1;1.0000;-1;-1;-1;LCT-1E;LCT-1E;LCT-1E;LCT-1E;LCT-1E;LCT-1E;LCT-1E;LCT-1E;Standard Engine;160;Standard;Standard;Single;10;Standard Gyro;Standard Cockpit;Standard Jump Jet;Standard
Mad Dog;0;MDD-PRIME;FALSE;TRUE;FALSE;FALSE;0;0.0;0.0;0.0;0.0;0.0;0.0;0.0;-1;1.0000;-1;-1;-1;MDD-PRIME;MDD-PRIME;MDD-PRIME;MDD-PRIME;MDD-PRIME;MDD-PRIME;MDD-PRIME;MDD-PRIME;XL Engine (CL);300;Ferro Fibrous (CL);Standard;Double (CL);12;Standard Gyro;Standard Cockpit;Standard Jump Jet;Standard
Mad Dog;0;MDD-A;FALSE;TRUE;FALSE;FALSE;0;0.0;0.0;0.0;0.0;0.0;0.0;0.0;-1;1.0000;-1;-1;-1;MDD-A;MDD-A;MDD-A;MDD-A;MDD-A;MDD-A;MDD-A;MDD-A;XL Engine (CL);300;Ferro Fibrous (CL);Standard;Double (CL);12;Standard Gyro;Standard Cockpit;Standard Jump Jet;Standard
Mad Dog;0;MDD-B;FALSE;TRUE;FALSE;FALSE;0;0.0;0.0;0.0;0.0;0.0;0.0;0.0;-1;1.0000;-1;-1;-1;MDD-B;MDD-B;MDD-B;MDD-B;MDD-B;MDD-B;MDD-B;MDD-B;XL Engine (CL);300;Ferro Fibrous (CL);Standard;Double (CL);12;Standard Gyro;Standard Cockpit;Standard Jump Jet;Standard
Mad Dog;0;MDD-HERO;TRUE;TRUE;FALSE;TRUE;0;0.0;0.0;0.0;0.0;0.0;0.0;0.0;-1;1.0000;-1;-1;-1;MDD-HERO;MDD-HERO;MDD-HERO;MDD-HERO;MDD-HERO;MDD-HERO;MDD-HERO;MDD-HERO;XL Engine (CL);300;Ferro Fibrous (CL);Standard;Double (CL);12;Standard Gyro;Standard Cockpit;Standard Jump Jet;Standard
Mist Lynx;0;MLX-PRIME;FALSE;TRUE;FALSE;FALSE;0;0.0;0.0;0.0;0.0;0.0;0.0;0.0;-1;1.0000;-1;-1;-1;MLX-PRIME;MLX-PRIME;MLX-PRIME;MLX-PRIME;MLX-PRIME;MLX-PRIME;MLX-PRIME;MLX-PRIME;XL Engine (CL);175;Ferro Fibrous (CL);Endo Steel (CL);Double (CL);10;Standard Gyro;Standard Cockpit;Standard Jump Jet;Standard
Mist Lynx;0;MLX-B;FALSE;TRUE;FALSE;FALSE;0;0.0;0.0;0.0;0.0;0.0;0.0;0.0;-1;1.0000;-1;-1;-1;MLX-B;MLX-B;MLX-B;MLX-B;MLX-B;MLX-B;MLX-B;MLX-B;XL Engine (CL);175;Ferro Fibrous (CL);Endo Steel (CL);Double (CL);10;Standard Gyro;Standard Cockpit;Standard Jump Jet;Standard
Mist Lynx;0;MLX-C;FALSE;TRUE;FALSE;FALSE;0;0.0;0.0;0.0;0.0;0.0;0.0;0.0;-1;1.0000;-1;-1;-1;MLX-C;MLX-C;MLX-C;MLX-C;MLX-C;MLX-C;MLX-C;MLX-C;XL Engine (CL);175;Ferro Fibrous (CL);Endo Steel (CL);Double (CL);10;Standard Gyro;Standard Cockpit;Standard Jump Jet;Standard
Mist Lynx;0;MLX-HERO;TRUE;TRUE;FALSE;TRUE;0;0.0;0.0;0.0;0.0;0.0;0.0;0.0;-1;1.0000;-1;-1;-1;MLX-HERO;MLX-HERO;MLX-HERO;MLX-HERO;MLX-HERO;MLX-HERO;MLX-HERO;MLX-HERO;XL Engine (CL);175;Ferro Fibrous (CL);Endo Steel (CL);Double (CL);10;Standard Gyro;Standard Cockpit;Standard Jump Jet;Standard
Nova;0;NVA-PRIME;FALSE;FALSE;FALSE;FALSE;9968438;0.0;0.0;0.0;0.0;0.0;0.0;0.0;-1;1.0000;-1;-1;-1;NVA-PRIME;NVA-PRIME;NVA-PRIME;NVA-PRIME;NVA-PRIME;NVA-PRIME;NVA-PRIME;NVA-PRIME;XL Engine (CL);250;Standard;Standard;Double (CL);14;Standard Gyro;Standard Cockpit;Standard Jump Jet;Standard
Nova;0;NVA-B;FALSE;FALSE;FALSE;FALSE;8803938;0.0;0.0;0.0;0.0;0.0;0.0;0.0;-1;1.0000;-1;-1;-1;NVA-B;NVA-B;NVA-B;NVA-B;NVA-B;NVA-B;NVA-B;NVA-B;XL Engine (CL);250;Standard;Standard;Double (CL);14;Standard Gyro;Standard Cockpit;Standard Jump Jet;Standard
Nova;0;NVA-S;FALSE;FALSE;FALSE;FALSE;9363437;0.0;0.0;0.0;0.0;0.0;0.0;0.0;-1;1.0000;-1;-1;-1;NVA-S;NVA-S;NVA-S;NVA-S;NVA-S;NVA-S;NVA-S;NVA-S;XL Engine (CL);250;Standard;Standard;Double (CL);14;Standard Gyro;Standard Cockpit;Standard Jump Jet;Standard
Nova;0;NVA-HERO;TRUE;TRUE;FALSE;TRUE;0;0.0;0.0;0.0;0.0;0.0;0.0;0.0;-1;1.0000;-1;-1;-1;NVA-HERO;NVA-HERO;NVA-HERO;NVA-HERO;NVA-HERO;NVA-HERO;NVA-HERO;NVA-HERO;XL Engine (CL);250;Standard;Standard;Double (CL);14;Standard Gyro;Standard Cockpit;Standard Jump Jet;Standard
Orion;0;ON1-K;FALSE;FALSE;FALSE;FALSE;6510685;0.0;0.0;0.0;0.0;0.0;0.0;0.0;-1;1.0000;-1;-1;-1;ON1-K;ON1-K;ON1-K;ON1-K;ON1-K;ON1-K;ON1-K;ON1-K;Standard Engine;300;Standard;Standard;Single;10;Standard Gyro;Standard Cockpit;Standard Jump Jet;Standard
Orion;0;ON1-K©;FALSE;FALSE;TRUE;FALSE;0;0.0;0.0;0.0;0.0;0.0;0.0;0.0;-1;1.0000;-1;-1;-1;ON1-K;ON1-K;ON1-K;ON1-K;ON1-K;ON1-K;ON1-K;ON1-K;Standard Engine;300;Standard;Standard;Single;10;Standard Gyro;Standard Cockpit;Standard Jump Jet;Standard
Orion;0;ON1-M;FALSE;FALSE;FALSE;FALSE;10715293;0.0;0.0;0.0;0.0;0.0;0.0;0.0;-1;1.0000;-1;-1;-1;ON1-K;ON1-M;ON1-K;ON1-M;ON1-M;ON1-K;ON1-K;ON1-K;XL Engine (IS);300;Standard;Standard;Single;10;Standard Gyro;Standard Cockpit;Standard Jump Jet;Standard
Orion;0;ON1-V;FALSE;FALSE;FALSE;FALSE;6628263;0.0;0.0;0.0;0.0;0.0;0.0;0.0;-1;1.0000;-1;-1;-1;ON1-V;ON1-M;ON1-V;ON1-M;ON1-K;ON1-K;ON1-K;ON1-K;Standard Engine;300;Standard;Standard;Single;10;Standard Gyro;Standard Cockpit;Standard Jump Jet;Standard
Orion;0;ON1-VA;FALSE;FALSE;FALSE;FALSE;6247565;0.0;0.0;0.0;0.0;0.0;0.0;0.0;-1;1.0000;-1;-1;-1;ON1-VA;ON1-VA;ON1-K;ON1-VA;ON1-K;ON1-K;ON1-K;ON1-K;Standard Engine;300;Standard;Standard;Single;10;Standard Gyro;Standard Cockpit;Standard Jump Jet;Standard
Orion;0;ON1-P;FALSE;FALSE;FALSE;TRUE;0;0.0;0.0;0.0;0.0;0.0;0.0;0.0;-1;1.0000;-1;-1;-1;ON1-P;ON1-P;ON1-V;ON1-P;ON1-K;ON1-K;ON1-K;ON1-K;Standard Engine;300;Standard;Standard;Single;10;Standard Gyro;Standard Cockpit;Standard Jump Jet;Standard
Pouncer;-1;PNC-PRIME;TRUE;TRUE;FALSE;FALSE;0;0.0;0.0;0.0;0.0;0.0;0.0;0.0;-1;1.0000;-1;-1;-1;PNC-PRIME;PNC-PRIME;PNC-PRIME;PNC-PRIME;PNC-PRIME;PNC-PRIME;PNC-PRIME;PNC-PRIME;XL Engine (CL);240;Ferro Fibrous (CL);Endo Steel (CL);Double (CL);12;Standard Gyro;Standard Cockpit;Standard Jump Jet;Standard
Pouncer;-1;PNC-HERO;TRUE;TRUE;FALSE;TRUE;0;0.0;0.0;0.0;0.0;0.0;0.0;0.0;-1;1.0000;-1;-1;-1;PNC-HERO;PNC-HERO;PNC-HERO;PNC-HERO;PNC-HERO;PNC-HERO;PNC-HERO;PNC-HERO;XL Engine (CL);240;Ferro Fibrous (CL);Endo Steel (CL);Double (CL);12;Standard Gyro;Standard Cockpit;Standard Jump Jet;Standard
Quickdraw;0;QKD-4G;FALSE;FALSE;FALSE;FALSE;5377467;0.0;0.0;0.0;10.0;5.0;0.0;0.0;-1;1.0000;-1;-1;-1;QKD-4G;QKD-4G;QKD-4G;QKD-4G;QKD-4G;QKD-4G;QKD-4G;QKD-4G;Standard Engine;300;Standard;Standard;Single;10;Standard Gyro;Standard Cockpit;Standard Jump Jet;Standard
Quickdraw;0;QKD-4G©;FALSE;FALSE;TRUE;FALSE;0;0.0;0.0;0.0;10.0;5.0;0.0;0.0;-1;1.0000;-1;-1;-1;QKD-4G;QKD-4G;QKD-4G;QKD-4G;QKD-4G;QKD-4G;QKD-4G;QKD-4G;Standard Engine;300;Standard;Standard;Single;10;Standard Gyro;Standard Cockpit;Standard Jump Jet;Standard
Quickdraw;0;QKD-4H;FALSE;FALSE;FALSE;FALSE;5377467;0.0;0.0;0.0;0.0;0.0;-5.0;0.0;-1;1.0000;-1;-1;-1;QKD-4G;QKD-4G;QKD-4G;QKD-4H;QKD-4H;QKD-4G;QKD-4G;QKD-4G;Standard Engine;300;Standard;Standard;Single;10;Standard Gyro;Standard Cockpit;Standard Jump Jet;Standard
Quickdraw;0;QKD-5K;FALSE;FALSE;FALSE;FALSE;5578867;0.0;0.0;0.0;0.0;0.0;-5.0;0.0;-1;1.0000;-1;-1;-1;QKD-4G;QKD-4G;QKD-4G;QKD-5K;QKD-4H;QKD-4G;QKD-4G;QKD-4G;Standard Engine;300;Standard;Standard;Single;10;Standard Gyro;Standard Cockpit;Standard Jump Jet;Standard
Quickdraw;0;QKD-IV4;FALSE;FALSE;FALSE;TRUE;0;0.0;0.0;0.0;-5.0;0.0;0.0;0.0;-1;1.0000;-1;-1;-1;QKD-IV4;QKD-IV4;QKD-IV4;QKD-4G;QKD-IV4;QKD-4G;QKD-4G;QKD-4G;XL Engine (IS);240;Standard;Standard;Single;10;Standard Gyro;Standard Cockpit;Standard Jump Jet;Standard
Raven;0;RVN-2X;FALSE;FALSE;FALSE;FALSE;2473658;0.0;0.0;0.0;0.0;0.0;0.0;0.0;-1;1.0000;-1;-1;-1;RVN-2X;RVN-2X;RVN-2X;RVN-2X;RVN-2X;RVN-2X;RVN-2X;RVN-2X;Standard Engine;175;Standard;Standard;Single;10;Standard Gyro;Standard Cockpit;Standard Jump Jet;Standard
Raven;0;RVN-3L;FALSE;FALSE;FALSE;FALSE;5862992;0.0;0.0;0.0;0.0;0.0;0.0;0.0;-1;1.0000;-1;-1;-1;RVN-3L;RVN-3L;RVN-3L;RVN-3L;RVN-2X;RVN-2X;RVN-2X;RVN-2X;XL Engine (IS);210;Standard;Standard;Single;10;Standard Gyro;Standard Cockpit;Standard Jump Jet;Standard
Raven;0;RVN-4X;FALSE;FALSE;FALSE;FALSE;2520666;0.0;0.0;0.0;0.0;0.0;0.0;0.0;-1;1.0000;-1;-1;-1;RVN-2X;RVN-4X;RVN-2X;RVN-4X;RVN-4X;RVN-2X;RVN-2X;RVN-2X;Standard Engine;175;Standard;Standard;Single;10;Standard Gyro;Standard Cockpit;Standard Jump Jet;Standard
Raven;0;RVN-H;FALSE;FALSE;FALSE;TRUE;0;0.0;0.0;0.0;0.0;0.0;0.0;0.0;-1;1.0000;-1;-1;-1;RVN-H;RVN-4X;RVN-2X;RVN-H;RVN-H;RVN-2X;RVN-2X;RVN-2X;XL Engine (IS);280;Standard;Standard;Single;10;Standard Gyro;Standard Cockpit;Standard Jump Jet;Standard
Shadow Cat;-1;SCT-PRIME;TRUE;TRUE;FALSE;FALSE;0;0.0;0.0;0.0;0.0;0.0;0.0;0.0;-1;1.0000;-1;-1;-1;SCT-PRIME;SCT-PRIME;SCT-PRIME;SCT-PRIME;SCT-PRIME;SCT-PRIME;SCT-PRIME;SCT-PRIME;XL Engine (CL);270;Ferro Fibrous (CL);Endo Steel (CL);Double (CL);10;Standard Gyro;Standard Cockpit;Standard Jump Jet;Standard
Shadow Cat;-1;SCT-A;TRUE;TRUE;FALSE;FALSE;0;0.0;0.0;0.0;0.0;0.0;0.0;0.0;-1;1.0000;-1;-1;-1;SCT-A;SCT-A;SCT-A;SCT-A;SCT-A;SCT-A;SCT-A;SCT-A;XL Engine (CL);270;Ferro Fibrous (CL);Endo Steel (CL);Double (CL);10;Standard Gyro;Standard Cockpit;Standard Jump Jet;Standard
Shadow Cat;-1;SCT-B;TRUE;TRUE;FALSE;FALSE;0;0.0;0.0;0.0;0.0;0.0;0.0;0.0;-1;1.0000;-1;-1;-1;SCT-B;SCT-B;SCT-B;SCT-B;SCT-B;SCT-B;SCT-B;SCT-B;XL Engine (CL);270;Ferro Fibrous (CL);Endo Steel (CL);Double (CL);10;Standard Gyro;Standard Cockpit;Standard Jump Jet;Standard
Shadow Cat;-1;SCT-HERO;TRUE;TRUE;FALSE;TRUE;0;0.0;0.0;0.0;0.0;0.0;0.0;0.0;-1;1.0000;-1;-1;-1;SCT-HERO;SCT-HERO;SCT-HERO;SCT-HERO;SCT-HERO;SCT-HERO;SCT-HERO;SCT-HERO;XL Engine (CL);270;Ferro Fibrous (CL);Endo Steel (CL);Double (CL);10;Standard Gyro;Standard Cockpit;Standard Jump Jet;Standard
Shadow Hawk;0;SHD-2D;FALSE;FALSE;FALSE;FALSE;4441203;0.0;0.0;0.0;0.0;0.0;0.0;0.0;-1;1.0000;-1;-1;-1;SHD-2D;SHD-2D;SHD-2D;SHD-2D;SHD-2D;SHD-2D;SHD-2D;SHD-2D;Standard Engine;275;Standard;Standard;Single;10;Standard Gyro;Standard Cockpit;Standard Jump Jet;Standard
Shadow Hawk;0;SHD-2D2;FALSE;FALSE;FALSE;FALSE;4473235;0.0;0.0;0.0;0.0;0.0;0.0;0.0;-1;1.0000;-1;-1;-1;SHD-2D;SHD-2D2;SHD-2D2;SHD-2D;SHD-2D;SHD-2D;SHD-2D;SHD-2D;Standard Engine;275;Standard;Standard;Single;10;Standard Gyro;Standard Cockpit;Standard Jump Jet;Standard
Shadow Hawk;0;SHD-2H;FALSE;FALSE;FALSE;FALSE;4356283;0.0;0.0;0.0;0.0;0.0;0.0;0.0;-1;1.0000;-1;-1;-1;SHD-2D;SHD-2H;SHD-2D2;SHD-2H;SHD-2H;SHD-2D;SHD-2D;SHD-2D;Standard Engine;275;Standard;Standard;Single;10;Standard Gyro;Standard Cockpit;Standard Jump Jet;Standard
Shadow Hawk;0;SHD-2H©;FALSE;FALSE;TRUE;FALSE;0;0.0;0.0;0.0;0.0;0.0;0.0;0.0;-1;1.0000;-1;-1;-1;SHD-2D;SHD-2H;SHD-2D2;SHD-2H;SHD-2H;SHD-2D;SHD-2D;SHD-2D;XL Engine (IS);255;Standard;Standard;Single;10;Standard Gyro;Standard Cockpit;Standard Jump Jet;Standard
Shadow Hawk;0;SHD-2K;FALSE;FALSE;FALSE;FALSE;4394783;0.0;0.0;0.0;0.0;0.0;0.0;0.0;-1;1.0000;-1;-1;-1;SHD-2K;SHD-2H;SHD-2K;SHD-2K;SHD-2K;SHD-2K;SHD-2D;SHD-2D;Standard Engine;275;Standard;Standard;Single;10;Standard Gyro;Standard Cockpit;Standard Jump Jet;Standard
Shadow Hawk;0;SHD-5M;FALSE;FALSE;FALSE;FALSE;8166799;0.0;0.0;0.0;0.0;0.0;0.0;0.0;-1;1.0000;-1;-1;-1;SHD-5M;SHD-2H;SHD-2D;SHD-5M;SHD-2K;SHD-2D;SHD-2D;SHD-2D;XL Engine (IS);275;Standard;Standard;Single;10;Standard Gyro;Standard Cockpit;Standard Jump Jet;Standard
Shadow Hawk;0;SHD-HERO;TRUE;TRUE;FALSE;TRUE;0;0.0;0.0;0.0;0.0;0.0;0.0;0.0;-1;1.0000;-1;-1;-1;SHD-2D;SHD-2D;SHD-2D;SHD-2D;SHD-2D;SHD-2D;SHD-2D;SHD-2D;Standard Engine;275;Standard;Standard;Single;10;Standard Gyro;Standard Cockpit;Standard Jump Jet;Standard
Spider;0;SDR-5D;FALSE;FALSE;FALSE;FALSE;2533540;0.0;0.0;0.0;0.0;0.0;0.0;0.0;-1;1.0000;-1;-1;-1;SDR-5D;SDR-5D;SDR-5D;SDR-5D;SDR-5D;SDR-5D;SDR-5D;SDR-5D;Standard Engine;240;Standard;Standard;Single;10;Standard Gyro;Standard Cockpit;Standard Jump Jet;Standard
Spider;0;SDR-5K;FALSE;FALSE;FALSE;FALSE;2452540;0.0;0.0;0.0;0.0;0.0;0.0;0.0;-1;1.0000;-1;-1;-1;SDR-5K;SDR-5K;SDR-5D;SDR-5K;SDR-5K;SDR-5D;SDR-5D;SDR-5D;Standard Engine;240;Standard;Standard;Single;10;Standard Gyro;Standard Cockpit;Standard Jump Jet;Standard
Spider;0;SDR-5K©;FALSE;FALSE;FALSE;FALSE;0;0.0;0.0;0.0;0.0;0.0;0.0;0.0;-1;1.0000;-1;-1;-1;SDR-5K;SDR-5K;SDR-5D;SDR-5K;SDR-5K;SDR-5D;SDR-5D;SDR-5D;XL Engine (IS);255;Standard;Standard;Single;10;Standard Gyro;Standard Cockpit;Standard Jump Jet;Standard
Spider;0;SDR-5V;FALSE;FALSE;FALSE;FALSE;2598540;0.0;0.0;0.0;0.0;0.0;0.0;0.0;-1;1.0000;-1;-1;-1;SDR-5V;SDR-5D;SDR-5D;SDR-5K;SDR-5V;SDR-5D;SDR-5D;SDR-5D;Standard Engine;240;Standard;Standard;Single;10;Standard Gyro;Standard Cockpit;Standard Jump Jet;Standard
Spider;0;SDR-A;FALSE;FALSE;FALSE;TRUE;0;0.0;0.0;0.0;0.0;0.0;0.0;0.0;-1;1.0000;-1;-1;-1;SDR-A;SDR-A;SDR-A;SDR-5K;SDR-A;SDR-5D;SDR-5D;SDR-5D;XL Engine (IS);240;Standard;Standard;Single;10;Standard Gyro;Standard Cockpit;Standard Jump Jet;Standard
Stalker;0;STK-3F;FALSE;FALSE;FALSE;FALSE;7618480;0.0;0.0;0.0;25.0;0.0;0.0;0.0;-1;1.0000;-1;-1;-1;STK-3F;STK-3F;STK-3F;STK-3F;STK-3F;STK-3F;STK-3F;STK-3F;Standard Engine;255;Standard;Standard;Single;10;Standard Gyro;Standard Cockpit;Standard Jump Jet;Standard
Stalker;0;STK-3F©;FALSE;FALSE;TRUE;FALSE;0;0.0;0.0;0.0;25.0;0.0;0.0;0.0;-1;1.0000;-1;-1;-1;STK-3F;STK-3F;STK-3F;STK-3F;STK-3F;STK-3F;STK-3F;STK-3F;XL Engine (IS);310;Standard;Standard;Single;10;Standard Gyro;Standard Cockpit;Standard Jump Jet;Standard
Stalker;0;STK-3H;FALSE;FALSE;FALSE;FALSE;7818480;0.0;0.0;0.0;0.0;0.0;0.0;0.0;-1;1.0000;-1;-1;-1;STK-3F;STK-3F;STK-3H;STK-3H;STK-3F;STK-3F;STK-3F;STK-3F;Standard Engine;255;Standard;Standard;Single;10;Standard Gyro;Standard Cockpit;Standard Jump Jet;Standard
Stalker;0;STK-4N;FALSE;FALSE;FALSE;FALSE;7412420;0.0;0.0;0.0;0.0;0.0;0.0;0.0;-1;1.0000;-1;-1;-1;STK-3F;STK-4N;STK-3F;STK-3F;STK-3F;STK-3F;STK-3F;STK-3F;Standard Engine;255;Standard;Standard;Single;10;Standard Gyro;Standard Cockpit;Standard Jump Jet;Standard
Stalker;0;STK-5M;FALSE;FALSE;FALSE;FALSE;8064616;0.0;0.0;0.0;0.0;0.0;0.0;0.0;-1;1.0000;-1;-1;-1;STK-3F;STK-3F;STK-3H;STK-5M;STK-5M;STK-3F;STK-3F;STK-3F;Standard Engine;255;Standard;Standard;Single;10;Standard Gyro;Standard Cockpit;Standard Jump Jet;Standard
Stalker;0;STK-5S;FALSE;FALSE;FALSE;FALSE;10921480;0.0;0.0;0.0;0.0;0.0;0.0;0.0;-1;1.0000;-1;-1;-1;STK-3F;STK-3F;STK-3F;STK-5S;STK-3F;STK-3F;STK-3F;STK-3F;XL Engine (IS);255;Standard;Standard;Single;10;Standard Gyro;Standard Cockpit;Standard Jump Jet;Standard
Stalker;0;STK-M;FALSE;FALSE;FALSE;TRUE;0;0.0;0.0;0.0;5.0;0.0;0.0;0.0;-1;1.0000;-1;-1;-1;STK-M;STK-4N;STK-3H;STK-M;STK-5M;STK-3F;STK-3F;STK-3F;Standard Engine;255;Standard;Standard;Single;10;Standard Gyro;Standard Cockpit;Standard Jump Jet;Standard
Stooping Hawk;-1;SPK-PRIME;TRUE;TRUE;FALSE;FALSE;0;0.0;0.0;0.0;0.0;0.0;0.0;0.0;-1;1.0000;-1;-1;-1;SPK-PRIME;SPK-PRIME;SPK-PRIME;SPK-PRIME;SPK-PRIME;SPK-PRIME;SPK-PRIME;SPK-PRIME;Standard Engine;275;Ferro Fibrous (CL);Endo Steel (CL);Double (CL);10;Standard Gyro;Standard Cockpit;Standard Jump Jet;Standard
Stooping Hawk;-1;SPK-B;TRUE;TRUE;FALSE;FALSE;0;0.0;0.0;0.0;0.0;0.0;0.0;0.0;-1;1.0000;-1;-1;-1;SPK-B;SPK-B;SPK-B;SPK-B;SPK-B;SPK-B;SPK-B;SPK-B;Standard Engine;275;Ferro Fibrous (CL);Endo Steel (CL);Double (CL);10;Standard Gyro;Standard Cockpit;Standard Jump Jet;Standard
Stooping Hawk;-1;SPK-C;TRUE;TRUE;FALSE;FALSE;0;0.0;0.0;0.0;0.0;0.0;0.0;0.0;-1;1.0000;-1;-1;-1;SPK-C;SPK-C;SPK-C;SPK-C;SPK-C;SPK-C;SPK-C;SPK-C;Standard Engine;275;Ferro Fibrous (CL);Endo Steel (CL);Double (CL);10;Standard Gyro;Standard Cockpit;Standard Jump Jet;Standard
Stooping Hawk;-1;SPK-HERO;TRUE;TRUE;FALSE;TRUE;0;0.0;0.0;0.0;0.0;0.0;0.0;0.0;-1;1.0000;-1;-1;-1;SPK-HERO;SPK-HERO;SPK-HERO;SPK-HERO;SPK-HERO;SPK-HERO;SPK-HERO;SPK-HERO;Standard Engine;275;Ferro Fibrous (CL);Endo Steel (CL);Double (CL);10;Standard Gyro;Standard Cockpit;Standard Jump Jet;Standard
Stormcrow;0;SCR-PRIME;FALSE;FALSE;FALSE;FALSE;11113382;0.0;0.0;0.0;0.0;0.0;0.0;0.0;-1;1.0000;-1;-1;-1;SCR-PRIME;SCR-PRIME;SCR-PRIME;SCR-PRIME;SCR-PRIME;SCR-PRIME;SCR-PRIME;SCR-PRIME;XL Engine (CL);330;Ferro Fibrous (CL);Endo Steel (CL);Double (CL);10;Standard Gyro;Standard Cockpit;Standard Jump Jet;Standard
Stormcrow;0;SCR-C;FALSE;FALSE;FALSE;FALSE;11139367;0.0;0.0;0.0;0.0;0.0;0.0;0.0;-1;1.0000;-1;-1;-1;SCR-C;SCR-C;SCR-C;SCR-C;SCR-C;SCR-C;SCR-C;SCR-C;XL Engine (CL);330;Ferro Fibrous (CL);Endo Steel (CL);Double (CL);10;Standard Gyro;Standard Cockpit;Standard Jump Jet;Standard
Stormcrow;0;SCR-D;FALSE;FALSE;FALSE;FALSE;11187742;0.0;0.0;0.0;0.0;0.0;0.0;0.0;-1;1.0000;-1;-1;-1;SCR-D;SCR-D;SCR-D;SCR-D;SCR-D;SCR-D;SCR-D;SCR-D;XL Engine (CL);330;Ferro Fibrous (CL);Endo Steel (CL);Double (CL);10;Standard Gyro;Standard Cockpit;Standard Jump Jet;Standard
Stormcrow;0;SCR-HERO;FALSE;FALSE;FALSE;TRUE;0;0.0;0.0;0.0;0.0;0.0;0.0;0.0;-1;1.0000;-1;-1;-1;SCR-HERO;SCR-HERO;SCR-HERO;SCR-HERO;SCR-HERO;SCR-HERO;SCR-HERO;SCR-HERO;XL Engine (CL);330;Ferro Fibrous (CL);Endo Steel (CL);Double (CL);10;Standard Gyro;Standard Cockpit;Standard Jump Jet;Standard
Summoner;0;SMN-PRIME;FALSE;FALSE;FALSE;FALSE;14071353;0.0;0.0;0.0;0.0;0.0;0.0;0.0;-1;1.0000;-1;-1;-1;SMN-PRIME;SMN-PRIME;SMN-PRIME;SMN-PRIME;SMN-PRIME;SMN-PRIME;SMN-PRIME;SMN-PRIME;XL Engine (CL);350;Ferro Fibrous (CL);Standard;Double (CL);14;Standard Gyro;Standard Cockpit;Standard Jump Jet;Standard
Summoner;0;SMN-B;FALSE;FALSE;FALSE;FALSE;14069481;0.0;0.0;0.0;0.0;0.0;0.0;0.0;-1;1.0000;-1;-1;-1;SMN-B;SMN-B;SMN-B;SMN-B;SMN-B;SMN-B;SMN-B;SMN-B;XL Engine (CL);350;Ferro Fibrous (CL);Standard;Double (CL);14;Standard Gyro;Standard Cockpit;Standard Jump Jet;Standard
Summoner;0;SMN-D;FALSE;FALSE;FALSE;FALSE;13899241;0.0;0.0;0.0;0.0;0.0;0.0;0.0;-1;1.0000;-1;-1;-1;SMN-D;SMN-D;SMN-D;SMN-D;SMN-D;SMN-D;SMN-D;SMN-D;XL Engine (CL);350;Ferro Fibrous (CL);Standard;Double (CL);14;Standard Gyro;Standard Cockpit;Standard Jump Jet;Standard
Summoner;0;SMN-HERO;TRUE;TRUE;FALSE;TRUE;0;0.0;0.0;0.0;0.0;0.0;0.0;0.0;-1;1.0000;-1;-1;-1;SMN-HERO;SMN-HERO;SMN-HERO;SMN-HERO;SMN-HERO;SMN-HERO;SMN-HERO;SMN-HERO;XL Engine (CL);350;Ferro Fibrous (CL);Standard;Double (CL);14;Standard Gyro;Standard Cockpit;Standard Jump Jet;Standard
Thunderbolt;0;TDR-5S;FALSE;FALSE;FALSE;FALSE;5241175;0.0;0.0;0.0;0.0;0.0;0.0;0.0;-1;1.0000;-1;-1;-1;TDR-5S;TDR-5S;TDR-5S;TDR-5S;TDR-5S;TDR-5S;TDR-5S;TDR-5S;Standard Engine;260;Standard;Standard;Single;10;Standard Gyro;Standard Cockpit;Standard Jump Jet;Standard
Thunderbolt;0;TDR-5SS;FALSE;FALSE;FALSE;FALSE;5188055;0.0;0.0;0.0;0.0;0.0;0.0;0.0;-1;1.0000;-1;-1;-1;TDR-5SS;TDR-5SS;TDR-5SS;TDR-5SS;TDR-5S;TDR-5S;TDR-5S;TDR-5S;Standard Engine;260;Standard;Standard;Single;10;Standard Gyro;Standard Cockpit;Standard Jump Jet;Standard
Thunderbolt;0;TDR-9S;FALSE;FALSE;FALSE;FALSE;5964933;0.0;0.0;0.0;-10.0;0.0;0.0;0.0;-1;1.0000;-1;-1;-1;TDR-5S;TDR-5S;TDR-5SS;TDR-9S;TDR-5S;TDR-5S;TDR-5S;TDR-5S;Standard Engine;260;Standard;Standard;Single;10;Standard Gyro;Standard Cockpit;Standard Jump Jet;Standard
Thunderbolt;0;TDR-9SE;FALSE;FALSE;FALSE;FALSE;5835993;0.0;0.0;0.0;0.0;0.0;0.0;0.0;-1;1.0000;-1;-1;-1;TDR-5SS;TDR-5SS;TDR-9SE;TDR-9SE;TDR-9SE;TDR-5S;TDR-5S;TDR-5S;Standard Engine;260;Standard;Standard;Single;10;Standard Gyro;Standard Cockpit;Standard Jump Jet;Standard
Thunderbolt;0;TDR-HERO;TRUE;TRUE;FALSE;TRUE;0;0.0;0.0;0.0;0.0;0.0;0.0;0.0;-1;1.0000;-1;-1;-1;TDR-5S;TDR-5S;TDR-5S;TDR-5S;TDR-5S;TDR-5S;TDR-5S;TDR-5S;Standard Engine;260;Standard;Standard;Single;10;Standard Gyro;Standard Cockpit;Standard Jump Jet;Standard
Timber Wolf;0;TBR-PRIME;FALSE;FALSE;FALSE;FALSE;14766027;0.0;0.0;0.0;0.0;0.0;0.0;0.0;-1;1.0000;-1;-1;-1;TBR-PRIME;TBR-PRIME;TBR-PRIME;TBR-PRIME;TBR-PRIME;TBR-PRIME;TBR-PRIME;TBR-PRIME;XL Engine (CL);375;Ferro Fibrous (CL);Endo Steel (CL);Double (CL);15;Standard Gyro;Standard Cockpit;Standard Jump Jet;Standard
Timber Wolf;0;TBR-C;FALSE;FALSE;FALSE;FALSE;15163647;0.0;0.0;0.0;0.0;0.0;0.0;0.0;-1;1.0000;-1;-1;-1;TBR-C;TBR-C;TBR-C;TBR-C;TBR-C;TBR-C;TBR-C;TBR-C;XL Engine (CL);375;Ferro Fibrous (CL);Endo Steel (CL);Double (CL);15;Standard Gyro;Standard Cockpit;Standard Jump Jet;Standard
Timber Wolf;0;TBR-S;FALSE;FALSE;FALSE;FALSE;15178647;0.0;0.0;0.0;0.0;0.0;0.0;0.0;-1;1.0000;-1;-1;-1;TBR-S;TBR-S;TBR-S;TBR-S;TBR-S;TBR-S;TBR-S;TBR-S;XL Engine (CL);375;Ferro Fibrous (CL);Endo Steel (CL);Double (CL);15;Standard Gyro;Standard Cockpit;Standard Jump Jet;Standard
Timber Wolf;0;TBR-HERO;TRUE;TRUE;FALSE;TRUE;0;0.0;0.0;0.0;0.0;0.0;0.0;0.0;-1;1.0000;-1;-1;-1;TBR-HERO;TBR-HERO;TBR-HERO;TBR-HERO;TBR-HERO;TBR-HERO;TBR-HERO;TBR-HERO;XL Engine (CL);375;Ferro Fibrous (CL);Endo Steel (CL);Double (CL);15;Standard Gyro;Standard Cockpit;Standard Jump Jet;Standard
Trebuchet;0;TBT-3C;FALSE;FALSE;FALSE;FALSE;8503816;0.0;0.0;0.0;0.0;0.0;0.0;0.0;390;1.0000;-1;-1;-1;TBT-3C;TBT-3C;TBT-3C;TBT-3C;TBT-3C;TBT-3C;TBT-3C;TBT-3C;XL Engine (IS);300;Standard;Standard;Single;10;Standard Gyro;Standard Cockpit;Standard Jump Jet;Standard
Trebuchet;0;TBT-5J;FALSE;FALSE;FALSE;FALSE;4186745;0.0;0.0;0.0;0.0;0.0;0.0;0.0;-1;1.0000;-1;-1;-1;TBT-5J;TBT-5J;TBT-3C;TBT-3C;TBT-5J;TBT-3C;TBT-3C;TBT-3C;Standard Engine;250;Standard;Standard;Single;10;Standard Gyro;Standard Cockpit;Standard Jump Jet;Standard
Trebuchet;0;TBT-5N;FALSE;FALSE;FALSE;FALSE;4161797;0.0;0.0;0.0;25.0;0.0;0.0;0.0;-1;1.0000;-1;-1;-1;TBT-5J;TBT-3C;TBT-3C;TBT-3C;TBT-5N;TBT-3C;TBT-3C;TBT-3C;Standard Engine;250;Standard;Standard;Single;10;Standard Gyro;Standard Cockpit;Standard Jump Jet;Standard
Trebuchet;0;TBT-7K;FALSE;FALSE;FALSE;FALSE;3867177;0.0;0.0;0.0;25.0;0.0;0.0;0.0;-1;1.0000;-1;-1;-1;TBT-7K;TBT-7K;TBT-7K;TBT-7K;TBT-5N;TBT-3C;TBT-3C;TBT-3C;Standard Engine;250;Standard;Standard;Single;10;Standard Gyro;Standard Cockpit;Standard Jump Jet;Standard
Trebuchet;0;TBT-7M;FALSE;FALSE;FALSE;FALSE;7623797;0.0;0.0;0.0;0.0;0.0;0.0;0.0;-1;1.0000;-1;-1;-1;TBT-3C;TBT-3C;TBT-3C;TBT-7M;TBT-5J;TBT-3C;TBT-3C;TBT-3C;XL Engine (IS);250;Standard;Standard;Single;10;Standard Gyro;Standard Cockpit;Standard Jump Jet;Standard
Trebuchet;0;TBT-LG;FALSE;FALSE;FALSE;TRUE;0;0.0;0.0;0.0;0.0;0.0;0.0;0.0;-1;1.0000;-1;-1;-1;TBT-LG;TBT-3C;TBT-3C;TBT-7M;TBT-5J;TBT-3C;TBT-3C;TBT-3C;XL Engine (IS);325;Standard;Standard;Single;10;Standard Gyro;Standard Cockpit;Standard Jump Jet;Standard
Victor;0;VTR-9B;FALSE;FALSE;FALSE;FALSE;7410423;0.0;0.0;0.0;0.0;0.0;0.0;0.0;-1;1.0000;-1;-1;-1;VTR-9B;VTR-9B;VTR-9B;VTR-9B;VTR-9B;VTR-9B;VTR-9B;VTR-9B;Standard Engine;320;Standard;Standard;Single;10;Standard Gyro;Standard Cockpit;Standard Jump Jet;Standard
Victor;0;VTR-9K;FALSE;FALSE;FALSE;FALSE;7710430;0.0;0.0;0.0;0.0;0.0;10.0;0.0;-1;1.0000;-1;-1;-1;VTR-9K;VTR-9K;VTR-9B;VTR-9B;VTR-9K;VTR-9B;VTR-9B;VTR-9B;Standard Engine;320;Standard;Standard;Single;10;Standard Gyro;Standard Cockpit;Standard Jump Jet;Standard
Victor;0;VTR-9S;FALSE;FALSE;FALSE;FALSE;7440407;0.0;0.0;0.0;0.0;0.0;0.0;0.0;-1;1.0000;-1;-1;-1;VTR-9S;VTR-9B;VTR-9B;VTR-9S;VTR-9B;VTR-9B;VTR-9B;VTR-9B;Standard Engine;320;Standard;Standard;Single;10;Standard Gyro;Standard Cockpit;Standard Jump Jet;Standard
Victor;0;VTR-9S©;FALSE;FALSE;TRUE;FALSE;0;0.0;0.0;0.0;0.0;0.0;0.0;0.0;-1;1.0000;-1;-1;-1;VTR-9S;VTR-9B;VTR-9B;VTR-9S;VTR-9B;VTR-9B;VTR-9B;VTR-9B;XL Engine (IS);350;Standard;Standard;Single;10;Standard Gyro;Standard Cockpit;Standard Jump Jet;Standard
Victor;0;VTR-DS;FALSE;FALSE;FALSE;TRUE;0;0.0;0.0;0.0;0.0;0.0;10.0;0.0;400;1.0000;-1;-1;-1;VTR-9S;VTR-DS;VTR-DS;VTR-9B;VTR-9B;VTR-9B;VTR-9B;VTR-9B;XL Engine (IS);330;Standard;Standard;Single;10;Standard Gyro;Standard Cockpit;Standard Jump Jet;Standard
Vindicator;0;VND-1AA;FALSE;FALSE;FALSE;FALSE;3700000;0.0;0.0;0.0;0.0;0.0;0.0;0.0;295;1.0000;-1;-1;-1;VND-1AA;VND-1AA;VND-1AA;VND-1AA;VND-1AA;VND-1AA;VND-1AA;VND-1AA;Standard Engine;225;Standard;Standard;Single;10;Standard Gyro;Standard Cockpit;Standard Jump Jet;Standard
Vindicator;0;VND-1R;FALSE;FALSE;FALSE;FALSE;3400000;0.0;0.0;0.0;0.0;0.0;0.0;0.0;-1;1.0000;-1;-1;-1;VND-1AA;VND-1R;VND-1AA;VND-1R;VND-1R;VND-1AA;VND-1AA;VND-1AA;Standard Engine;180;Standard;Standard;Single;10;Standard Gyro;Standard Cockpit;Standard Jump Jet;Standard
Vindicator;0;VND-1X;FALSE;FALSE;FALSE;FALSE;3400000;0.0;0.0;0.0;0.0;0.0;0.0;0.0;-1;1.0000;-1;-1;-1;VND-1X;VND-1X;VND-1AA;VND-1R;VND-1R;VND-1AA;VND-1AA;VND-1AA;Standard Engine;180;Standard;Standard;Single;10;Standard Gyro;Standard Cockpit;Standard Jump Jet;Standard
Vindicator;0;VND-1SIB;FALSE;FALSE;FALSE;TRUE;0;0.0;0.0;0.0;0.0;0.0;0.0;0.0;250;1.0000;-1;-1;-1;VND-1X;VND-1AA;VND-1AA;VND-1SIB;VND-1SIB;VND-1AA;VND-1AA;VND-1AA;Standard Engine;180;Standard;Standard;Single;10;Standard Gyro;Standard Cockpit;Standard Jump Jet;Standard
Viper;-1;VPR-PRIME;TRUE;TRUE;FALSE;FALSE;0;0.0;0.0;0.0;0.0;0.0;0.0;0.0;-1;1.0000;-1;-1;-1;VPR-PRIME;VPR-PRIME;VPR-PRIME;VPR-PRIME;VPR-PRIME;VPR-PRIME;VPR-PRIME;VPR-PRIME;XL Engine (CL);320;Ferro Fibrous (CL);Endo Steel (CL);Double (CL);10;Standard Gyro;Standard Cockpit;Standard Jump Jet;Standard
Viper;-1;VPR-C;TRUE;TRUE;FALSE;FALSE;0;0.0;0.0;0.0;0.0;0.0;0.0;0.0;-1;1.0000;-1;-1;-1;VPR-C;VPR-C;VPR-C;VPR-C;VPR-C;VPR-C;VPR-C;VPR-C;XL Engine (CL);320;Ferro Fibrous (CL);Endo Steel (CL);Double (CL);10;Standard Gyro;Standard Cockpit;Standard Jump Jet;Standard
Viper;-1;VPR-D;TRUE;TRUE;FALSE;FALSE;0;0.0;0.0;0.0;0.0;0.0;0.0;0.0;-1;1.0000;-1;-1;-1;VPR-D;VPR-D;VPR-D;VPR-D;VPR-D;VPR-D;VPR-D;VPR-D;XL Engine (CL);320;Ferro Fibrous (CL);Endo Steel (CL);Double (CL);10;Standard Gyro;Standard Cockpit;Standard Jump Jet;Standard
Viper;-1;VPR-HERO;TRUE;TRUE;FALSE;TRUE;0;0.0;0.0;0.0;0.0;0.0;0.0;0.0;-1;1.0000;-1;-1;-1;VPR-HERO;VPR-HERO;VPR-HERO;VPR-HERO;VPR-HERO;VPR-HERO;VPR-HERO;VPR-HERO;XL Engine (CL);320;Ferro Fibrous (CL);Endo Steel (CL);Double (CL);10;Standard Gyro;Standard Cockpit;Standard Jump Jet;Standard
Warhawk;0;WHK-PRIME;FALSE;FALSE;FALSE;FALSE;16152261;0.0;0.0;0.0;0.0;0.0;0.0;0.0;-1;1.0000;-1;-1;-1;WHK-PRIME;WHK-PRIME;WHK-PRIME;WHK-PRIME;WHK-PRIME;WHK-PRIME;WHK-PRIME;WHK-PRIME;XL Engine (CL);340;Ferro Fibrous (CL);Standard;Double (CL);20;Standard Gyro;Standard Cockpit;Standard Jump Jet;Standard
Warhawk;0;WHK-A;FALSE;FALSE;FALSE;FALSE;15816221;0.0;0.0;0.0;0.0;0.0;0.0;0.0;-1;1.0000;-1;-1;-1;WHK-A;WHK-A;WHK-A;WHK-A;WHK-A;WHK-A;WHK-A;WHK-A;XL Engine (CL);340;Ferro Fibrous (CL);Standard;Double (CL);20;Standard Gyro;Standard Cockpit;Standard Jump Jet;Standard
Warhawk;0;WHK-B;FALSE;FALSE;FALSE;FALSE;15311701;0.0;0.0;0.0;0.0;0.0;0.0;0.0;-1;1.0000;-1;-1;-1;WHK-B;WHK-B;WHK-B;WHK-B;WHK-B;WHK-B;WHK-B;WHK-B;XL Engine (CL);340;Ferro Fibrous (CL);Standard;Double (CL);20;Standard Gyro;Standard Cockpit;Standard Jump Jet;Standard
Warhawk;0;WHK-HERO;TRUE;TRUE;FALSE;TRUE;0;0.0;0.0;0.0;0.0;0.0;0.0;0.0;-1;1.0000;-1;-1;-1;WHK-HERO;WHK-HERO;WHK-HERO;WHK-HERO;WHK-HERO;WHK-HERO;WHK-HERO;WHK-HERO;XL Engine (CL);340;Ferro Fibrous (CL);Standard;Double (CL);20;Standard Gyro;Standard Cockpit;Standard Jump Jet;Standard
Wolverine;0;WVR-6K;FALSE;FALSE;FALSE;FALSE;4281255;0.0;0.0;0.0;0.0;0.0;0.0;0.0;375;1.0000;-1;-1;-1;WVR-6K;WVR-6K;WVR-6K;WVR-6K;WVR-6K;WVR-6K;WVR-6K;WVR-6K;Standard Engine;275;Standard;Standard;Single;10;Standard Gyro;Standard Cockpit;Standard Jump Jet;Standard
Wolverine;0;WVR-6R;FALSE;FALSE;FALSE;FALSE;4558223;0.0;0.0;0.0;0.0;0.0;0.0;0.0;-1;1.0000;-1;-1;-1;WVR-6R;WVR-6R;WVR-6K;WVR-6R;WVR-6R;WVR-6K;WVR-6K;WVR-6K;Standard Engine;275;Standard;Standard;Single;10;Standard Gyro;Standard Cockpit;Standard Jump Jet;Standard
Wolverine;0;WVR-7D;TRUE;TRUE;FALSE;FALSE;0;0.0;0.0;0.0;0.0;0.0;0.0;0.0;-1;1.0000;-1;-1;-1;WVR-6R;WVR-6K;WVR-6K;WVR-7K;WVR-6R;WVR-6K;WVR-6K;WVR-6K;Standard Engine;275;Standard;Standard;Single;10;Standard Gyro;Standard Cockpit;Standard Jump Jet;Standard
Wolverine;0;WVR-7K;FALSE;FALSE;FALSE;FALSE;7506381;0.0;0.0;0.0;0.0;0.0;0.0;0.0;-1;1.0000;-1;-1;-1;WVR-7K;WVR-6K;WVR-7K;WVR-7K;WVR-6R;WVR-6K;WVR-6K;WVR-6K;XL Engine (IS);275;Standard;Standard;Single;10;Standard Gyro;Standard Cockpit;Standard Jump Jet;Standard
Wolverine;0;WVR-7M;TRUE;TRUE;FALSE;FALSE;0;0.0;0.0;0.0;0.0;0.0;0.0;0.0;-1;1.0000;-1;-1;-1;WVR-6K;WVR-6K;WVR-7M;WVR-6K;WVR-6R;WVR-6K;WVR-6K;WVR-6K;XL Engine (IS);275;Standard;Standard;Single;10;Standard Gyro;Standard Cockpit;Standard Jump Jet;Standard
Wolverine;0;WVR-HERO;TRUE;TRUE;FALSE;TRUE;0;0.0;0.0;0.0;0.0;0.0;0.0;0.0;-1;1.0000;-1;-1;-1;WVR-6K;WVR-6K;WVR-6K;WVR-6K;WVR-6R;WVR-6K;WVR-6K;WVR-6K;XL Engine (IS);275;Standard;Standard;Single;10;Standard Gyro;Standard Cockpit;Standard Jump Jet;Standard
Zeus;0;ZEU-5S;TRUE;TRUE;FALSE;FALSE;0;0.0;0.0;0.0;0.0;0.0;0.0;0.0;-1;1.0000;-1;-1;-1;ZEU-5S;ZEU-5S;ZEU-5S;ZEU-5S;ZEU-5S;ZEU-5S;ZEU-5S;ZEU-5S;Standard Engine;320;Standard;Standard;Single;10;Standard Gyro;Standard Cockpit;Standard Jump Jet;Standard
Zeus;0;ZEU-5T;TRUE;TRUE;FALSE;FALSE;0;0.0;0.0;0.0;0.0;0.0;0.0;0.0;-1;1.0000;-1;-1;-1;ZEU-5S;ZEU-5T;ZEU-5S;ZEU-5S;ZEU-5S;ZEU-5S;ZEU-5S;ZEU-5S;Standard Engine;320;Standard;Standard;Single;10;Standard Gyro;Standard Cockpit;Standard Jump Jet;Standard
Zeus;0;ZEU-9S2;TRUE;TRUE;FALSE;FALSE;0;0.0;0.0;0.0;0.0;0.0;0.0;0.0;-1;1.0000;-1;-1;-1;ZEU-9S2;ZEU-5S;ZEU-5S;ZEU-9S2;ZEU-9S2;ZEU-5S;ZEU-5S;ZEU-5S;XL Engine (IS);320;Standard;Standard;Single;10;Standard Gyro;Standard Cockpit;Standard Jump Jet;Standard
Zeus;0;ZEU-HERO;TRUE;TRUE;FALSE;TRUE;0;0.0;0.0;0.0;0.0;0.0;0.0;0.0;-1;1.0000;-1;-1;-1;ZEU-5S;ZEU-5S;ZEU-5S;ZEU-5S;ZEU-5S;ZEU-5S;ZEU-5S;ZEU-5S;Standard Engine;320;Standard;Standard;Single;10;Standard Gyro;Standard Cockpit;Standard Jump Jet;Standard
